-3668,-150633,-116051,85704,63243,-134467,-101218,-154774,69494,165299,-41645,-6772,34482,146500,121624,151162,-112440,-167340,47256,-164097,131757,-180085,4997,-35888,-33574,73815,49352,114398,-111466,58707,-17051,-97053,135488,-38115,83318,187112,29189,-122930,-56988,-121898,201508,113280,130291,-63392,114047,-6625,72863,-41334,131308,80123,110321,27658,169642,-146915,18864,212539,190174,-179152,-114167,11406,179768,121886,171310,49890,132169,6892,177150,165507,-39645,-19658,-103452,-131372,29045,34223,87485,-72072,53452,156218,183426,123295,-191174,56368,134726,-25839,-159480,142752,49368,-8066,153325,38290,430137,-38484,80764,-43133,173434,101252,-308851,-92798,31827,-85354,-91315,-198760,12362,-74399,-131643,-58899,-32383,-123674,-281799,-204817,-139585,-157609,24051,-11206,-15178,205621,45424,195553,-34976,155559,-115925,65708,117559,-207383,267191,171612,256321,150491,-184559,-116079,-109708,-83995,79727,-54841,-94934,168243,-128864,-62941,-110991,91920,-88090,-78214,82616,-981,-149924,-50131,120849,-124826,167846,134902,78655,25158,26347,-172444,-65448,72348,11914,210707,101892,136239,-145278,94865,109826,-49186,94790,-2466,192255,99143,48539,-30155,-2658,66706,46761,80966,207262,-115484,-79185,100160,16749,-84689,-92881,108372,104489,85977,-123630,22210,-23616,-133562,129751,89223,-31496,156245,-108108,-60470,24597,-19067,-35618,43930,44799,163166,73828,90135,-182254,-44969,170639,110451,143839,182452,167957,-67210,-3863,51736,39856,19042,135944,5348,117432,-24141,-23337,-84862,176415,-65765,2756,103774,164792,166294,151850,-61066,-789,28380,85744,77000,235310,26633,-150965,-238658,98789,-66018,-114295,-135600,-156547,-109668,51365,15722,29175,149586,-41051,69050,93929,-24590,-44878,-79058,-71393,11433,-89636,-6260,-61634,87556,124313,108044,16323,-97127,57852,63052,-101274,151360,-116015,47112,212891,-100363,-62017,-32508,-161830,43963,-43203,174448,135032,27327,-5405,-96515,198046,699,193418,-154528,75384,95936,67221,59213,-4654,-33836,75967,151483,165334,29157,-135988,-37516,-83373,24199,-183497,11446,-80751,169056,38770,71935,49403,-5312,-105728,-2845,72530,70363,100338,92262,-134260,8606,-6930,-203585,-35195,-103703,-27433,144316,131334,176419,200505,238690,207301,247140,-34773,89481,97804,-27392,50976,20103,-13838,286612,88272,269603,34527,-10569,114972,251846,96651,-11658,-39842,-165537,159112,87229,82967,13008,40386,-108852,-144662,41511,132742,48100,-112810,16972,-47906,39261,10928,92258,-141479,86201,-86098,-114914,-112383,41527,35530,26650,-78847,5560,-17724,219619,-54273,-57306,-1225,-46572,-2399,135863,-1068,-71867,122704,-4150,-163655,-176486,147496,16601,-54331,116265,-30591,-40093,142899,33896,-126082,-76721,-61703,-23820,71993,34762,-4749,-34602,-15009,-107235,62229,106464,126248,63087,5317,107196,-104613,-86776,118307,-53613,134065,40089,98192,200874,-35747,67218,190306,52907,-15558,-61168,-159701,18196,-7518,-38688,-32063,73947,25187,-22906,-10217,64566,160353,51251,125489,227076,3153,-118517,-16352,118579,167097,82680,138922,100099,114044,95698,-166928,135469,-91594,22363,42529,15214,181287,-11014,-11513,225626,24279,83021,-52940,-134099,-10138,19579,151731,55299,183441,-55885,58313,-72319,156243,-217799,-7997,-149206,-55196,-118133,184079,-85935,13311,112002,77101,117022,-215429,-237162,130777,168000,-138007,55779,129197,225227,-137767,-223875,-111940,31408,226833,50854,310,-68423,113635,-85850,45868,-191684,-130952,-90246,20541,54936,-187732,24168,139302,-10069,-21973,11331,-77641,158761,-196264
-25788,-123817,221713,237825,32582,166047,62604,119339,32014,-182858,952,24209,195376,97048,221451,13579,-124797,-156767,7253,-11733,79193,-119461,113974,-143659,61990,178843,7550,121040,194866,44874,-6980,76647,21403,73629,131119,8305,80309,60926,61103,-131856,-217165,24889,155569,26873,-59877,109470,-125756,-68160,34063,91086,188970,-119704,112866,62605,-29781,-86388,-76813,-71585,54010,110805,-65789,-85810,-136551,-161595,-87920,78479,-20409,12318,-229199,37361,181594,-60220,38722,-7736,187020,-78126,-89723,-63274,26361,1349,-162171,-18304,359005,-18171,-49638,-88286,243004,103460,-56668,-60938,93105,-13486,174955,-33274,203542,187930,124903,-23803,171025,-109893,223714,122677,-156453,36461,186012,217726,92931,65294,156361,99596,-15270,59769,-138729,-14285,174270,125170,-81865,187622,91258,103009,-87890,-101019,157207,75851,67517,-31283,188667,-44057,110180,118593,197212,-10991,-142509,106388,55703,-50984,37762,-124655,-121819,-143330,-17056,-113839,189373,107067,-98441,-18188,186836,48261,-68827,-165217,-105856,-144963,-248619,24344,5386,6606,173629,47806,-26366,184763,104063,122200,249076,144636,-115832,-80786,220600,216866,-176720,90083,113135,-220223,-187255,-4033,84653,25789,-144736,-146592,88060,9982,-178204,196,157926,-164106,103268,116897,188243,-14133,-103260,118115,-122071,161722,121306,155439,103171,12677,45367,144132,-98204,39454,84648,214402,20468,-174746,114640,39846,156865,-22020,-68302,-75066,182527,-73006,-138256,33766,-47303,28037,-177061,-200925,154211,-19036,18308,183185,135835,25577,215333,167642,-26893,-6324,253457,186081,186344,32397,95778,215428,74949,38749,14023,3570,-134929,-216069,242246,-18201,685,167195,279847,267636,290092,-48318,-24492,-87667,-156890,-189744,-91531,-65823,91358,136761,-101321,82800,50334,89777,6758,117362,-37253,-50159,-77709,57353,-46043,-126003,-137576,-137712,95890,-125910,67295,-25395,-31396,-62138,56869,17139,-72591,-35149,-63324,9584,228613,66704,4037,-1659,227162,-77298,-113188,197504,-35638,-102962,-120559,-85360,-52607,16104,-34524,-100323,94714,73378,74212,182641,-48127,-24420,8041,181768,-97865,-157847,4815,-8425,47167,21198,41471,-104944,-80861,-107893,198416,-64453,194792,148343,-196990,164551,-8396,127215,-220421,45452,14858,184077,-233443,-41566,23150,55775,-25115,252577,318154,206845,-43488,97629,-67435,-86841,-93608,-91315,30789,86341,-63833,-79852,-16708,-170323,-64245,40129,-79155,13471,21824,-17119,-96999,76407,-25409,-141822,59413,68772,-204826,-81644,-40575,123701,148729,83620,-123671,134480,-96305,19013,-102071,192865,40488,85202,-51773,131255,167918,271368,287217,16050,112887,5598,49086,-245164,163709,28279,216500,-92919,-143804,100102,-125108,109875,103023,-108369,12058,-187020,13054,9997,154927,22623,52561,165017,199751,221795,65606,-149632,6966,129927,44221,35310,108264,-55246,126841,36060,121757,166653,-143412,-24527,-53484,101666,79375,-24258,112974,-161119,76253,-56105,99668,-82600,-10140,-66250,142976,-35402,-80758,104449,100032,-86863,175893,133514,203580,10884,-181352,148499,56107,-159684,61511,-79125,-179845,-89365,-39570,-38653,114004,144381,-111986,-85938,-19981,-68529,-184030,-215089,91231,66407,19733,47321,-1824,34619,-159539,-87506,83935,-14376,-250044,-24939,-130852,-214420,159927,-53025,-14141,160688,-141683,70758,-185282,-212711,140507,148492,98132,191524,-226069,-45767,-29593,-15946,-145608,13449,121588,-172097,57438,36873,78116,271925,111071,-101896,174212,-32889,-53545,137447,53115,60652,37197,-7513,11941,49255,168787,328545,236049,-55960,384084
102341,-159087,32631,92910,-129970,2748,36575,-12118,30438,-135330,49414,65889,105459,119715,163246,-55333,-212823,-235434,-207705,-41629,-35862,44514,-3159,21610,108219,24653,11031,-50378,136723,168824,27328,-1124,11762,129009,49617,121222,-126731,-100040,71473,45021,-10182,-84948,-87585,111051,-95668,27021,179787,159783,122755,-131890,116339,-40547,116154,-19807,-88759,-20693,4263,-109413,-138660,27557,125286,-44516,119110,1525,259577,140583,189154,197047,193379,-39518,-30496,-167883,-55648,-50513,69814,-210178,-8997,97588,-35204,51348,-260375,19400,-53080,88462,-159187,59341,118219,210848,181181,194696,391351,193010,195539,-37915,13061,64366,-374203,-295836,-211438,-47299,-309936,-283620,-319814,-94287,-192515,-221628,-59899,60219,-23016,-232389,-26917,-256127,181829,201015,-87845,149399,201631,99011,-17238,76726,-38976,-71478,-168481,83700,127845,-93260,100447,157242,-161549,-65187,132449,-48657,27209,-7332,83347,67140,-136190,-220197,122249,140589,-80358,-68295,178343,7408,98899,-113132,-47243,-131337,243391,25668,32528,14120,-54925,-52508,63565,122100,205837,-71681,-107985,42707,-54784,-66007,149282,-28696,111434,-59190,133121,-90827,12927,-17550,79558,-94720,157794,149039,156498,-49917,193549,133998,91186,-78372,92796,13587,-184260,-72982,62242,159834,90868,12146,18332,191253,14525,-92612,128759,151877,-96349,-25992,-92529,29793,-219075,-4854,23732,93578,-15607,59934,119788,-53338,162767,137738,101520,109392,119245,41241,-146382,36411,-117186,49755,-120429,50449,-92900,158589,-110347,36696,-72941,189547,7231,197802,52157,-53462,-62584,69720,-230736,-167979,-60763,-235227,-175977,-154948,3192,-61309,-30760,-141080,-11164,-44062,-258783,136753,53864,9233,32942,-47632,-75147,-21345,40507,-103701,22365,-45397,104975,-56916,-121852,138463,111135,-123871,29765,-136826,-65765,-146965,22977,-170179,-43205,-79899,45168,-58483,149754,134220,23652,140162,152333,68076,-119741,-142760,46608,18282,47211,-17891,14739,-91382,24815,183793,47035,61516,56976,22678,90321,-69509,-124462,-11942,121406,87770,-69277,-28270,-151003,12602,156599,63575,120467,-4630,112639,119020,82307,146307,-40781,18282,-62837,-139696,-14517,64461,-157474,-204791,-52283,137317,-109306,191120,169194,77851,190418,243079,-17974,144102,76390,71403,-129335,-23747,-165241,-162556,159729,100173,30531,181011,208412,-98717,127039,162873,205675,-136978,-54672,-12500,-62560,-148492,-70871,100155,94952,-59861,34806,-159852,20943,82014,193903,168832,71707,177933,-44768,96225,-120,110980,-175978,53851,-139610,34152,-120569,-144449,-126098,43195,179098,135431,2948,-270564,100530,-96942,-21063,19222,-34220,212718,-182167,-197125,-103774,-60731,28590,95837,169314,68652,-145428,116077,45108,76833,109631,74976,126318,85494,84442,56394,116823,71218,82295,45323,102157,-130393,167829,102122,-121043,95643,-159590,-228248,-203130,-60614,167248,-34216,-81014,-114890,-6111,-128401,-135342,74005,41832,84408,-13366,-179281,-12181,-93715,-153731,-112096,32188,-83491,67210,62055,-113796,-87019,145689,-92662,16937,-101574,133876,-13483,109559,10216,114873,-119776,-179420,-47902,-130215,71935,215092,40869,-48685,-120115,105869,-34774,-21377,32207,34270,45578,-163827,-177158,-32869,-49324,213058,53764,125887,176951,-56688,113711,68180,-227046,-137224,-57512,59864,215245,149499,166091,-137406,90312,-156098,-14862,-100866,-213573,-131972,-89291,32742,122617,62210,-79579,140678,167192,-72045,131599,139306,-62949,110003,-128106,1084,-201870,25648,76826,188904,151047,-1930,6940,71189,13734,2390,-89052,138285,-32269,229576,80368,26796
-119131,70408,121189,259102,121127,-17131,-15951,-117640,7591,-151679,120118,-65078,94575,-116307,183623,-77907,26114,-204256,23036,-53656,-152836,-147139,-81664,39151,-80274,-114261,-139198,-217242,39044,127373,-1906,81431,-115370,71598,61077,-24725,97983,146059,32976,-73166,-37426,34985,54881,-33191,-59522,155499,95093,-43245,56752,46926,154043,176814,-76336,-69453,238453,119946,-156019,32684,18742,-50330,-183404,-130045,163709,-149853,38861,-86456,274788,331214,141032,-111338,158799,207855,-3267,80690,-75605,-17552,102791,202055,165768,-45968,85701,65614,170232,81882,-94553,-49505,-4693,28287,-107438,-182436,202903,-141064,19720,-170788,-76889,-175761,-77439,-76513,237007,211606,-8322,-63355,78297,40619,-34830,-16666,-212580,-85635,-134562,-125975,15667,28941,185467,215951,5411,-95661,84209,-17026,1534,159209,-140204,137258,30846,-83655,163713,-25897,43996,-34386,158477,-58413,-11332,133712,-97438,203100,98890,128833,25071,31133,34520,-23557,-61185,-164518,99509,-27379,130051,-137598,28177,2102,-111817,-97300,179232,9572,9178,-133370,-203132,-104041,104209,221184,100626,75733,-54862,134615,207537,169445,49277,150229,108470,111007,12660,-24924,7277,-254,96712,200972,-25736,-20526,-21257,-164586,56343,101493,-137807,-26796,-154616,-77771,48355,-94356,-124788,25106,173304,6854,-93122,97987,96740,97861,-71386,143760,-141145,108206,167292,-28645,116268,27866,100203,-79652,174093,120287,74745,9098,-178935,-171548,-63638,146062,66455,-65329,-53024,-93321,-12211,81351,26208,-161156,159295,136373,122820,87195,165837,-24221,-120602,-26847,71308,29320,-146079,-133606,9464,-51512,-174552,23407,-49896,131765,101703,-234371,-26742,-115536,131979,130176,124257,85872,39045,149609,-182265,-226581,-85764,-260641,45750,-153253,-50725,67585,-134253,61146,88991,42866,-15139,80380,-166770,111840,25394,-141332,-167684,-32745,113511,22267,1736,55245,53592,127117,-43066,88448,-81029,30623,-154993,91007,19237,70917,52589,112712,103873,130028,24571,185055,-31899,-8305,217832,-71958,66219,123717,183665,-78137,-115669,1067,37386,-188094,103601,241773,73081,131182,94796,75227,80759,-2909,-148967,-126988,11581,73034,-44372,138397,41735,103090,36426,138723,-47780,147106,8318,247273,124959,-5893,124932,242175,106812,152532,131860,-42274,-66480,-32352,119683,242707,6740,166436,67426,-145534,225553,162057,4873,-180123,54048,2030,89800,-18599,-84222,-193651,-126717,80047,60087,-69184,82086,-29259,-81945,155885,149388,181346,-81210,234996,-42105,-98029,-136148,-163417,-10836,-81632,163411,14212,-18259,116435,55648,184575,-78419,-18783,-42125,104046,9863,54792,48116,144278,-11728,92026,47918,-3851,32486,197875,-32143,28538,7549,63566,93832,238580,-215379,-63636,7112,54498,-53165,73855,-9534,166806,-149596,-76422,151631,37249,72249,-121357,140463,-45486,-68527,-79108,35444,-35576,20307,60177,173124,-62055,184869,193736,23801,139629,67869,6068,-162792,58612,-130719,123330,-20681,94422,121774,110960,15022,-180519,135308,198605,254694,154074,-178123,-85348,-92123,-114723,137554,-132350,-84309,-87824,73608,-164454,-7053,-138189,-76242,137120,-87223,-40272,-119349,44209,-27066,46498,-189372,-185574,-101823,103370,-67864,-20955,221700,192210,135487,-135103,-93021,86406,-117691,-91024,81856,-21573,-168515,7183,86258,111871,-8198,-836,77950,78925,-97553,-121538,-7151,98009,-19519,42656,209973,486,-120578,-13308,9659,117099,147928,122420,47355,142646,-115921,-85497,-203634,17612,4798,-60253,76142,171875,-46914,-266823,33122,-138628,219507,166626,41583,45410,-128409
-72148,188244,180292,42128,-32557,-2518,132479,169628,57888,-35101,86804,-107098,127877,81236,-37318,-41031,67579,39305,-121377,101565,161308,125056,-83078,90006,63543,-63899,50796,-120742,-25152,125486,4218,27095,-113270,145045,-101153,-144477,-105835,-93125,82712,51720,128715,20645,-43475,109617,162225,1941,-60506,-62327,-20918,255490,251584,-48678,20309,-2948,140375,99175,-96830,-150730,-260792,-314456,-2536,89973,-87012,54184,-127267,-22372,9171,-324937,-134038,164633,179463,82205,334358,88064,85103,-56380,52033,81363,37437,78942,-234627,217644,322334,-72542,80694,22816,40404,121497,123050,-182645,-167980,-131601,-58696,199061,-64778,-28744,-46927,-184576,-247931,94276,110023,-22182,131534,-46053,-30266,-49918,-56698,-113837,-100498,-141221,-182140,71376,-29327,159640,154868,85764,66198,-79713,-6722,4890,11654,115133,-155662,-109292,-20058,73774,-118670,114043,115572,-63648,280135,136370,-79605,-73384,256756,135331,122933,-350,-224595,-5722,44906,132381,28175,39917,132577,105162,-38484,-79221,46311,192859,57692,-32587,155925,37909,-105135,-147348,-20789,135506,116663,-99361,296389,106286,239438,-13625,70522,-20916,215412,14050,-34418,181368,-47968,-65702,122371,-13143,-59714,247811,-160479,193168,130025,-75448,-84658,-142672,-168111,-185484,-115967,128694,-156915,-120968,-136748,56376,84815,83054,159392,82905,-48727,82100,-23849,147664,-56378,-160335,169583,203075,145258,76101,-104205,-114961,-99857,47723,-142713,130441,199747,128427,91794,133171,8058,-157560,126245,41571,-153170,-146244,-162745,154577,-76533,114167,59023,3644,-368813,-240962,149975,-110552,-48051,-124013,60860,-187560,-218804,-26300,-75168,-31313,-164897,-3383,-57298,75346,-255718,-8862,188284,91298,-147099,217384,-195520,31171,-79555,-92475,28058,-114633,156243,236329,151181,116551,121994,-55042,-71567,-156695,5708,78284,190892,-85539,120061,10343,154881,130935,4717,-110784,-10344,241432,-11533,139064,-60429,85799,174846,65156,39906,44496,-10004,-165311,4967,183516,42016,93249,-32635,170485,100794,184857,93094,29736,-135016,-11080,46632,150387,67379,-158194,101445,66994,134241,-87577,-139545,75159,-100500,-57336,59720,-100347,25835,114597,135246,-94673,-70400,43329,-144789,-146490,-120862,-61200,109733,100526,35319,6234,79419,263407,146719,902,-141287,-63812,-271569,-153970,201343,127022,29096,308894,-56527,13851,28646,-45981,-44744,-110138,-173907,-31209,-70673,165090,108768,-39704,63289,-137478,-14977,21114,-99959,80435,207614,58883,-65052,-123979,-153901,-152976,-115852,125485,90270,-206663,144115,-10021,-99912,146335,160298,44327,-50195,99902,24067,-89109,83322,-87749,203032,60917,196616,220114,-89446,-165387,-248714,-124720,111252,-95828,-36486,203584,-232611,-174591,32759,-122737,6536,91863,111947,-20977,16957,-9232,249712,-39682,13974,-102789,127264,255715,93967,36367,13812,14565,70706,105487,133875,-10317,102171,212394,30900,200972,184937,113520,152273,85285,-12224,117869,42329,52958,75703,72086,12461,-102363,-58361,151850,89140,184880,-14569,-24242,12238,-69021,-55413,-61857,8008,-84016,123226,-80819,-1287,180881,93190,-105637,63769,-30976,-157353,-41230,258874,31233,-142933,-118455,78289,165554,-102934,97284,-167782,-119734,183454,9566,302129,142073,-54244,46383,88373,51774,68818,29416,-83353,-275045,120387,211483,-25113,41826,-183227,104446,-210730,-196014,-17173,126122,320216,188547,-44350,100525,5035,-78220,38043,5296,-176355,27597,235878,155669,133419,251137,-111185,129814,226247,155512,187580,303238,79043,98115,136287,-83310,156550,-12499,-14539,-30128,7557,-4180,-35458
9015,43894,-46931,59890,-83880,143832,174397,-129935,-70095,-137750,-133074,-238833,36870,186186,11603,130082,-105950,17803,-150661,-136373,98115,63734,280114,102894,-30871,-27823,48036,-120372,86785,292970,250002,326866,114283,-61316,38198,-81192,138255,43708,157723,145460,59411,-191031,36806,1405,-53505,-94269,-16562,123896,100753,39198,-116000,-31561,50618,43460,33096,93857,-252474,-166930,-12955,-188431,11217,-21282,-110545,41297,36670,-44687,174869,125583,-29863,-222764,134933,122371,-130585,-88479,242732,-44843,-121685,-123775,241902,171830,-42240,-75835,214276,-26445,-129596,-10368,-115201,139729,-40920,-21038,181746,138469,-72941,-19797,97741,73483,-194228,-69874,7529,106943,-83659,211544,187597,68172,151391,-16164,256117,-39926,-275091,-139274,36067,-294583,-21636,143931,213539,72470,213170,-26755,174792,137007,-17298,-177858,171455,135376,117790,46059,-19581,-90249,145598,212980,-34545,-14436,-134491,-23274,-66133,-91011,150252,41777,-119558,81314,-31813,-66419,12974,295048,-174526,-94775,5415,-127942,2745,-69291,85789,-145458,44126,-162086,158702,-44905,-49262,-153217,-29008,198719,-9693,-3663,129683,252450,-16764,-74464,-67552,46284,163108,-160307,60250,-27688,10331,-30554,55363,26714,77570,62321,-92434,-38133,149154,-98185,-22998,57753,-146023,-25542,-90503,104621,-73242,-78670,126324,-110871,-136474,61222,60465,168657,62028,-12895,263723,38025,-98748,172746,-97832,-28971,253672,238404,120536,83977,-23437,-22394,-63541,-131290,-145800,118922,-109500,-64248,-34481,-244836,112285,-18303,58263,-56390,-95915,750,-58886,145525,148617,-37541,84679,46703,143445,288877,-151477,269092,-113733,-69243,121854,68545,94704,148235,-176492,184584,199011,-36353,73505,93024,285959,24410,-40313,755,-38758,-55345,16928,83683,61283,155549,-136310,24099,147603,28913,-138543,-56826,11919,171958,80200,-182064,-86334,-106541,-84176,-104059,138138,32484,17956,-175889,50522,35358,-58460,21922,-12445,99003,36655,-189901,87380,-19509,113316,33127,122420,201165,-167566,11646,34933,123460,56923,-110964,-56985,46036,-22640,-117521,-45632,-74693,17741,-34959,140453,158068,6665,49541,-185470,-188203,-78199,-80241,182939,138509,-152984,-79129,-189379,-106625,160823,175250,95610,-40965,91990,-150880,-134965,12667,116777,111800,247265,41464,86318,-71797,-102730,116253,72221,186773,247444,223595,-121243,-59542,65137,157378,61583,-10568,-140801,99297,-99813,-237322,-49139,-79581,5536,-48499,38898,-102093,-54686,-48191,58462,101781,69203,-113798,120439,-24009,-109010,37823,-20160,-128139,-53702,-54881,-112274,71359,-140345,-117742,-39463,163675,-123142,-29338,30987,-28378,119214,267734,376627,229128,70156,144437,26649,59355,134705,-15613,128598,185719,132012,72636,-168247,64582,126181,100823,83601,-93471,27893,-46138,220098,164991,-176834,65695,102529,-56654,-4091,-40645,28471,113313,23558,-20636,-98518,91711,-72917,105544,106097,71007,121428,50185,162263,146518,-8865,-78293,88017,-148582,-52117,-63299,-11114,36589,178631,53587,100565,2966,64215,87958,231554,52572,-4250,3454,51442,285545,41151,-107155,124720,-145786,-61847,188029,160141,-26785,-117100,-116288,-146478,64354,-55265,-120692,40694,86743,55754,68218,51037,154952,93122,130293,22661,111686,113644,140340,-185866,-159527,-8824,-167907,-124015,-112637,-138527,-50406,-119297,-338,75528,78837,-53915,-53178,-88076,-4811,184033,25309,-174556,-134779,-88052,-6203,11770,-226126,74912,17362,-117027,22164,201135,12171,-169985,-28287,-232736,-275616,-17495,-2612,63794,79513,38916,-57568,-117687,-86794,-63,120571,229401,51270,166229
45098,-9566,57502,153100,65691,110062,27153,-53962,-88075,259367,-38601,62117,157617,80750,-17213,66294,-20457,-1643,34073,-38594,-116083,-20904,95169,9811,97789,3292,15749,2665,77331,-74459,-18694,-54313,78667,-119352,47210,25265,-82512,88642,32304,-29471,-115361,-58172,115111,72507,-70703,-78746,-154874,97785,72400,60778,-9957,-96300,-25549,-149343,-101069,-70439,144120,-97683,-104036,-910,97,8854,-81135,-137180,67315,-42942,10479,-86011,78375,-102228,160236,-77397,-133169,-34653,79089,220853,25464,-160629,200185,140676,59311,-56687,-21414,251223,252734,-282840,-36376,-131841,124616,-189442,100258,-17552,-215900,69193,-101739,-5280,186814,297247,93337,113701,158284,328258,364591,19507,255072,229855,273598,166127,290843,437949,381679,237493,78685,102560,72853,85770,-171625,-47741,140075,130187,-129424,-88552,-129350,219780,-40471,-86041,-106644,-19891,124793,-14810,-28122,-47728,58048,194096,-99331,-48709,127868,-42729,-119953,-104408,84697,106684,-124433,51559,52817,22287,-69514,165741,164641,-60220,101990,14157,244274,8236,-149169,-2207,44007,-323597,-15540,-51766,113837,129512,158513,152494,117561,32478,15120,6409,66931,-163632,119310,-106290,-151097,10189,96885,-54379,-131148,-71369,-125750,-138992,-130933,-27954,-63399,59124,-195085,-246336,27224,123192,8238,96214,-93634,-76133,131086,78601,-64472,-130897,169151,150670,-23402,-4938,172408,111480,-127661,-31472,141635,31218,80064,81763,549,99751,125762,60596,111410,-581,-7119,106236,-45584,-97870,-171125,-13423,-48380,-116681,-141639,-93006,201641,-10584,99249,48979,-214844,-42235,17406,-60021,-138612,83953,210298,-13449,40579,-72952,321108,205082,118091,3153,96232,-89268,109255,111639,279402,107717,-38010,228766,555,-18292,-30255,13052,80730,32730,-71858,-136190,-26799,31710,17851,-54641,-163420,-140037,11453,-4220,46072,80828,106055,-19097,-32465,106851,109021,-80978,120990,51168,-85813,57527,-73799,-73244,54335,-130807,-153226,90939,-9491,-235138,-153009,-21136,126712,118929,-15839,161848,-118362,-93606,32822,128603,-137384,-125752,79697,-74265,55069,139107,-121177,71091,-43711,76497,30109,166005,2372,-174799,-144895,8642,110745,92912,2249,-119294,127585,-22624,100075,59204,183182,-203249,154962,106935,-162642,-112,-114202,90450,-289163,-88763,-135741,59077,-198002,-212964,100448,-67277,-151151,-168245,-75260,96918,110431,-33335,-114977,94812,152916,-145463,-271847,-83391,98320,-250594,-321536,175036,-105667,-32853,-10518,-105307,108190,-166357,-117026,-152545,36140,-216926,75352,-45198,-25205,98277,-193859,-44351,-128718,-78801,99069,-7866,-40112,-64299,18943,-22837,-205903,-48061,119370,-115519,-42426,162026,212279,-56516,-62119,-99434,-187826,-134767,51176,199890,-120672,160746,-116605,34362,-20436,53364,-25306,157565,53128,-66606,-16286,-22304,-11855,21026,-97317,207728,169379,92212,128697,160805,38542,-138540,-16791,111445,51300,-84449,-134527,-177421,143121,-62559,-84117,-86268,-125283,136110,-51210,113911,-91555,-154700,28843,-41600,-97848,141089,62011,-108304,92086,129638,19617,-116117,176449,140740,47061,216005,127232,176160,-70364,140686,154147,4472,-19033,104601,97799,98480,-135646,-126096,31201,-58976,-124964,-154665,-283512,146715,-113409,24452,-35851,-85001,132853,57992,-114175,-63252,172534,43742,-35540,92047,108758,54012,7934,136320,-36032,28214,-16663,-35494,212781,38677,73584,-136888,-72742,60587,211915,68963,-37313,-113393,-109362,128687,-11962,-98081,-68251,2765,99774,219374,176779,263657,214669,75256,-53083,115698,20617,221874,8893,15526,131649,64113,-104243,-56770,551184
109436,-47811,-73484,-17114,105882,25016,56012,121146,-13859,-137316,31245,228010,-60949,-152198,-65974,12765,177645,155963,-45940,43979,-91684,-87778,94942,-126822,-163239,44773,120738,71447,-56879,-75459,-89235,24052,-181684,19725,-79598,144926,-170391,-148245,86391,35767,-167264,170217,24305,60504,-79708,48298,163613,218713,-53087,96959,37312,153339,-153910,-279631,-196983,-165392,-115275,33550,78580,136663,99311,-179433,105012,208408,97436,102466,-310757,-54030,180688,-270655,-229201,97395,-34154,-84739,134205,113305,-268471,156746,230539,197043,-254801,276826,310311,121599,23506,170174,157853,384523,-131744,-113615,93227,81874,146148,137816,-64349,-117943,230536,6295,72792,-8699,363592,251935,245640,172853,-180270,-70208,87862,218694,-221146,108010,137487,-106937,53281,-17724,173669,172499,-232322,-227063,-101585,-124489,56333,-74418,-38070,-126318,-157437,30345,94227,-32926,-267067,54198,40480,39780,-265736,27236,-192984,87945,-168514,98570,221366,135726,-192494,-176241,-234827,90415,-153016,-67143,-85142,-81262,-21191,-151156,-91569,37346,40649,92014,-50085,180716,149937,-285928,64151,213355,27056,95032,180906,226499,-162924,-179690,-51887,99459,-148679,-98584,119407,138308,-17935,65058,178024,164560,-129364,102707,127701,180014,52595,-129071,-67526,13515,-83405,-133985,-130577,146652,-86380,23499,-192839,79268,-16531,102204,-106065,98583,43555,-52211,12416,42840,-48057,-61393,169583,-36225,-161516,-124303,27717,137488,-100126,-75663,19628,21944,-206740,-82853,-46344,110646,1430,142227,145145,125974,-197774,-107821,28201,44375,196614,247233,81370,44913,-88422,154790,19513,54551,-240162,49371,236577,-10781,-13149,82054,184434,3338,-43490,129320,-91578,192493,-74399,33841,165934,102024,-157678,33411,15905,-32816,-375515,-80687,-100109,30128,65511,-141382,-14832,58305,-200511,-195115,-57316,-102296,113174,-33489,-55449,76479,-78585,-165841,-80898,176947,-111039,-144444,-68995,-129917,-231446,-114943,104318,-17945,-220415,-60143,23137,79014,45524,81634,53690,-10827,-4849,27248,134593,-33186,-82431,-49416,-21794,-8425,-147088,-3597,114897,159973,-218606,-9708,180949,-80707,47460,5627,-236716,119607,-132872,55475,-99287,-53763,110039,-9965,108573,-11052,-73110,-223260,-74221,-105361,-80940,-213938,-51751,100941,-23978,126375,179192,169178,-110028,75355,132037,39278,35724,14345,40375,-61827,-316183,-272865,-98997,-159321,-96218,75201,124172,94898,-39897,106884,-15791,198404,118712,100154,56590,-72748,-48033,108539,-86066,60498,-31714,-35892,-100998,-19355,17850,-69990,-50634,121097,-184133,-106868,45360,56410,143081,-59416,80968,73833,-82770,-88064,65997,-94488,-138502,111212,29087,172522,-194498,-46137,23335,166839,13430,58366,-140558,-33549,45830,18672,-111665,-126731,-357407,29761,-39087,114308,-29879,200209,-155195,40489,-29454,-67012,-9819,-117440,90641,-147796,-74226,114234,-288200,101990,72855,209690,-277608,-56893,119894,145909,-168374,-154034,52314,82167,46525,-41763,-157263,27404,-219422,44697,25855,176525,-160150,-66065,-140990,128770,-93908,-134511,-122738,223892,101646,111209,-61051,-152592,-234740,-3301,138810,142847,-295776,-30179,143764,181656,-101314,14006,147868,-14869,-128586,-88503,-214232,57588,-24187,-46860,35633,29885,-142979,185896,-65757,80055,-232547,-86032,49286,-32906,-154740,-17175,198835,-72178,13972,-100473,18439,-15187,-123351,15990,120396,36550,-81167,16292,-90266,309149,-182149,12223,-196258,19715,-34166,196075,-48508,-68953,67146,81581,211958,173970,70267,168083,278967,-9911,-222398,-320681,-137628,-32998,-16416,27959,-111059,-34148,-206655,-108441,224959,35892,711936
129599,96102,-136760,-114318,108285,-7381,48138,-152674,-44669,79234,42851,-23795,141697,190851,55096,-39676,61602,-7415,102382,160540,4321,-131256,-113198,102981,165596,136201,140207,88275,-83139,63339,-114089,-140183,-131032,81338,-44612,-172816,156285,-87529,30627,-175136,184894,146126,68032,64404,114875,217007,57767,20341,22525,-4161,-21158,134602,69236,-10098,46636,84166,64323,-88472,-57111,34674,46809,-3213,162260,-91895,-25601,-278817,-147162,-34424,-38454,113341,75105,-7928,300581,133083,47044,-950,44589,89218,192738,27970,547697,307544,386898,147342,164166,394275,435088,309847,-26986,245100,204417,95850,62697,53352,43302,-76521,-1519,-102018,93024,125039,-110230,275630,330847,350412,81762,92761,200145,225962,162823,15474,258108,403295,-24784,13041,-152542,-165512,144841,-30480,-27161,-6815,158494,62909,-36176,148861,-91165,-26660,-177458,-17248,42445,-23388,109034,-99496,106701,-56955,-118527,18184,28591,-90587,65252,73665,-28174,-60833,66913,33612,154774,172754,-17062,-46555,196129,209892,-111981,-69637,160778,5681,-46431,-27123,100957,-36982,-78929,136610,55343,-90886,-239746,120161,-210685,-178882,-53631,104251,845,73682,-52574,-6376,110504,-99712,-113804,-56334,-101600,88231,139420,-40750,80614,174078,107113,-62373,134448,-92445,-25242,95135,130224,-16672,-57319,30450,-169501,-198027,95446,42098,102127,80239,-195601,-18519,-75438,-122817,4894,-98555,92587,25736,2017,-14150,-7725,-46528,36073,-12333,-31724,-95558,103128,31013,-35754,29110,-156829,92421,146218,231981,218505,-20022,-399848,-220094,-295432,-256420,-324860,-217484,-124509,-283337,-123789,-107246,-54042,-45473,135889,-52682,94886,81230,45381,-159059,109378,26924,-436,-158952,-144310,127366,-138808,-167996,21031,20778,-91393,198316,-811,-30093,-174792,-104812,70776,33006,22845,-9681,-97757,-115929,104103,-76897,47745,124156,176157,-45526,92217,58341,-39670,-3086,107022,-190005,168989,-39724,56631,141602,59480,181397,-105944,21962,119889,103249,-143805,157291,55874,-143240,-135393,-191863,-42940,-133898,84229,-143006,-143316,27191,59520,1572,-33683,19891,43209,-76366,-14367,-144612,101187,-94917,21988,-71595,67666,25869,-209693,92336,152829,-76723,52795,-42483,26798,214120,93101,-24371,121819,-98289,-144673,-129935,-251116,-48884,141864,-73238,-79571,17144,82600,-158840,-136471,48536,-2980,-98427,54563,-136487,199372,245931,33637,-153119,123117,123566,76520,-10224,87332,138338,26940,89957,132727,-122480,-46187,-54352,187614,54087,4414,-32285,166443,123019,62072,106248,93809,237167,14241,179445,-38614,-256612,-253855,64542,-164212,105571,-68582,205438,-101033,-227197,54683,121335,59344,199036,239979,256898,135697,-8215,124749,4566,118002,79684,-81856,27914,177422,-80515,122607,-54211,-36021,139055,-65650,32273,-14969,29304,-47510,51181,150307,-177915,106927,96500,167308,35198,92796,2865,27938,185426,97611,58362,49082,25621,-161204,-11992,-1184,60634,24046,24056,-119595,20537,152447,96905,205954,91513,124840,13350,-34788,84691,-68288,25507,-51675,-57142,34579,-155066,-27559,108412,9699,138664,190653,-76408,208381,1791,165461,-34802,-19672,-165174,-85959,-136211,-8352,-149661,168873,-60191,106362,89528,97890,-80615,183327,88209,66812,-73090,-67821,-148979,114814,-11682,45874,20817,66182,-90841,133073,-27271,238924,268019,87683,28208,22996,159781,273064,17041,211694,92899,-155594,-28765,155825,-82447,56688,152953,923,-120690,-12779,77340,221340,190776,58932,36053,111653,94249,18421,43753,49526,-219323,-171047,-91136,142395,95616,94635,102792,480484
-139693,-111162,79441,275775,-95717,52157,-105298,-101053,-52098,150361,105323,50611,51798,148626,36876,47392,66541,20187,-23832,11111,100348,70720,-63523,-61875,-96797,103048,144301,-47657,-168190,-45051,-153542,-8176,964,119900,116669,112207,-2787,27025,104524,1926,-97745,107985,84811,87270,38046,173644,81836,-54909,-109659,146816,87659,25573,57291,18195,128268,72544,37636,-157113,2244,-111132,-29723,143096,161641,-121556,-206636,-6363,26507,29540,180796,-48865,51332,186735,91694,136635,239935,283297,110300,199517,33199,46076,-17578,251308,272831,68211,-208449,-90988,-14126,40191,49690,-239901,-206021,-339752,-93180,-108837,-163638,-73190,-236230,-46310,136542,92665,-40284,221539,35998,120123,28967,-42438,154862,-29164,26150,-79967,114264,-174601,171296,-28890,127333,166362,-146369,-180054,-57226,18313,-185826,14581,55295,52593,-46941,75736,70087,-51147,-166378,-56861,131259,220011,-39083,-22249,-163186,-7353,-63131,114732,-1839,50201,117288,58191,-131637,-75544,-101748,42333,-69258,101080,119958,124553,119197,40985,-15618,36966,-38416,21854,-30930,133390,-138232,118856,55542,120501,145598,151132,-13126,-30727,141467,279174,-30840,-38255,-202089,-66124,-18852,119272,94963,168124,-34071,139092,176785,86513,88610,28457,-198346,29757,-2222,-10569,38975,4190,-25987,2991,-21813,-132484,-158408,-118929,200062,159722,-104698,115414,-162770,198460,-85721,-49570,21126,103055,-88477,-66310,-13211,-65343,167579,-44043,-31130,5613,-133655,-98940,77455,81151,22145,-30044,20215,159863,53483,100271,-109959,94639,-122508,12462,-45493,101991,-213935,-218082,93690,-85641,-71833,126491,163637,55733,-37750,-60815,2814,-31856,-292549,40352,34223,-13766,54746,8678,-46345,87066,-31087,74208,-141309,-109300,136803,18917,206321,77364,-31846,17496,-134280,196506,-161592,-22862,69141,-12851,-131487,38260,123108,-68825,104485,36698,147714,109453,105425,-94148,-20978,162148,-103858,61817,-25333,58884,121340,-4451,-53542,-70616,-84919,39940,83029,64186,-140673,50020,143517,229235,117869,92186,114481,-52369,-3930,33263,34739,11412,67991,-93931,192983,-109316,-162,-12264,44529,51230,91733,-21642,-97158,4562,85764,-3078,-22702,-38925,11902,88405,-105723,19337,31497,-171047,-3675,-33768,-1028,-88700,-2165,182980,-4186,-146296,-40335,-111818,-12636,-35285,41448,-15879,-181971,-166572,143015,77588,-135388,115533,-36945,-73717,-95727,43664,73283,66602,-62795,44606,-95912,40111,-101253,-95508,-56748,240232,113376,56825,15492,-36101,26940,80374,87119,153335,93962,95977,47334,19280,-72560,118635,121331,119714,-70946,129996,-10868,21912,171626,251727,150826,158739,-105436,102281,-49756,-233062,-53885,-23831,57690,224755,139364,66055,37560,54304,23768,-25212,-150962,-187456,65481,-59500,190426,247829,-142557,15608,-36828,-34729,145853,-138443,144213,-739,-156446,60927,17756,33711,157672,137163,-21743,-47020,126579,74201,-16021,103737,-126128,-97911,61397,15030,81662,123903,86884,-97497,63094,1367,155406,77372,-113335,-41676,108727,-23642,-23691,-173889,-11664,-122091,211893,-6375,-64610,207859,-78901,57351,153930,28040,-124991,110527,-30266,246316,-10062,53300,52417,-50532,-13714,-267,-106501,-13752,-26989,167515,214235,93056,183347,141847,-110499,191561,28677,48797,-120910,-94098,36458,15392,145274,25937,9592,-139483,-6803,51475,256814,233900,101416,256388,34861,-42507,184313,197964,-96106,-46275,2496,122881,20199,151643,144023,99089,31845,-160353,85175,80010,113389,30337,-77841,-173034,-67698,113947,164632,153258,-177938,-224271,40006,-208300,16558
10137,51159,-63506,94292,131981,110470,176492,-133738,30011,136401,-122357,-166100,34120,27481,55710,7795,139555,115954,120171,-33859,170048,169897,-52136,-90804,92583,-109214,165534,-206389,-42420,94411,-167669,68924,-102068,-42462,-27374,-36029,-74308,185448,-146854,-132,139267,124169,26755,-57362,119922,155017,144447,64495,151725,158275,201640,-765,-49263,171002,-78846,-26630,-97734,13069,-44940,-224599,-117405,134036,-36446,-39698,140884,-19674,205445,4762,16364,155381,105481,404,192283,16831,191327,199882,156688,206691,124725,-96293,-244609,238084,139452,-145986,-236380,-88610,-38110,-221764,-62788,-96841,-177508,-264589,95855,-75278,-60949,-384580,38799,-38981,-157119,-72052,142565,7835,132912,82485,193765,67627,54662,77457,12430,-28413,60182,160778,-131963,271177,15018,34851,-82973,192551,27212,51592,-182135,122425,-142636,55848,-1684,108092,-36991,64666,-20619,84141,119740,-106254,129856,230193,-78724,142520,-194141,-107937,32997,-118354,-49640,-5155,56385,199491,67333,147238,-86577,-147700,33449,217403,188830,-49805,-115238,-4366,-170933,-69639,118528,160874,158195,33153,85031,258541,61552,-133321,-80014,109570,221759,133680,7594,2321,37400,-211202,273184,257843,-59449,-23098,18623,-52031,240073,-40662,55836,12620,175913,85699,164617,134638,115344,-140437,159268,53794,-87392,16065,94601,44821,245742,112443,182064,32585,49459,-154445,-54576,121343,35782,-52884,62867,121098,2892,-160416,-37037,210946,190600,92025,-128471,41296,-34853,-18458,171111,180046,105636,21225,-117475,-90354,1147,113203,102975,-102393,-130298,-190226,64320,-115299,57822,-203635,244830,-14109,-130554,67644,-105521,-164834,-10718,105824,-80934,-144748,-116645,52709,239692,160921,130504,88036,-1115,-166223,-190168,-110366,79619,58665,-59225,-89425,102268,-114953,137406,-17304,20167,175680,16454,-150624,-144544,-52238,-30768,-193299,78413,106390,-92290,66672,-168174,-27877,-55811,-129023,-146940,51439,130585,115069,-68086,-28396,76128,-146677,-64457,155265,7097,45948,100128,144480,75143,-81457,194785,196588,164886,-138931,54591,-102259,85970,-169158,79795,-42446,-115993,36213,25061,-114940,20937,-73191,-4541,-120451,42226,83737,-118040,-10940,59117,-41598,127696,-119825,24372,-160887,-115628,-13311,-85980,37611,159799,47722,121538,-158366,-102369,-9568,-117337,-147343,-15983,117232,-23381,-196486,-92542,45074,175521,-186263,-90557,-129230,-59990,-107277,21390,492,70558,53480,-42747,117558,-10055,-176566,-195154,-60739,170270,-88027,115148,-38082,-27680,185071,-127508,179818,-41627,-178964,61921,-64224,65322,-160390,193679,96966,-69374,93442,163513,-163850,-9371,-153038,37963,-3667,128723,-2586,70629,-171605,123219,-116595,52048,150283,70737,-46709,-33313,119846,17298,2857,60438,190922,92426,-192760,205530,-30008,97190,-76814,12750,-78969,54342,82294,7444,129802,151462,30434,89410,-75398,75138,-158035,202696,122356,169407,126014,167181,-15273,153759,10960,-24810,-9839,-93091,-179182,-135028,203021,-23051,-156319,155089,139333,125401,-130734,12525,162804,181326,132784,132620,27247,157756,-147525,-93244,-91964,139924,20554,-92921,-77515,-24135,59641,-194542,44261,183604,97548,99176,74110,160520,-60207,22370,-99683,-82643,-109068,191801,282684,217003,-54273,-127857,155804,79204,120360,87148,-56102,-174459,-214343,138804,43236,-31513,-168752,-44023,-143434,-192048,-144102,243141,239105,42234,1706,-6231,107476,265106,201026,-165743,116991,9529,2432,101372,169011,25963,2462,-181390,-114900,52416,88265,127319,191222,90498,-40178,-134272,-172990,-163186,155505,-132856,-52008,-77967,-56217,-140607
-119272,69226,-65982,126636,32366,21478,16985,40689,-90179,40603,-26073,-11219,-110141,169840,144336,-47545,-181379,112005,-107841,-179385,23299,68077,83556,41632,-130300,-112493,-56436,43881,140612,204497,207604,143962,13283,-6454,56143,-57308,-96651,-50227,-77262,56836,105531,-72233,36043,-104875,162822,70357,-118930,-141146,-106294,-122704,61989,-145863,157831,33275,64856,92695,-87066,-166981,-71381,-26381,-158372,9202,-18767,157687,-2110,92549,40720,-41535,-12675,-36790,-128303,-128640,-15648,70303,99302,79772,-20303,12985,-37835,-7090,78512,200442,226116,57863,226960,483885,140895,-35151,104578,316484,229170,15857,166918,38758,-141981,-81238,173859,294662,130969,155437,59454,115355,38003,193214,-69783,278683,169167,59446,54760,24305,94337,-1129,-45504,62968,77896,112367,-131867,149074,3362,180608,-20483,-77543,-170379,-41841,201518,40908,-45937,90315,-9922,-64212,207911,208794,105862,-55444,33099,-49604,108974,-16405,199828,-19429,-84700,-56523,60608,18870,-232101,41450,-126319,-111629,34430,132093,-144589,-51755,-176701,-41640,100857,158705,204586,-132134,75088,181188,-53065,-6146,-35942,-151467,190974,-17209,235114,55199,125372,-10352,-193231,-232098,235367,166159,-54388,70064,-165827,20192,15670,-29880,-112746,11469,-9891,-177279,43019,-128849,-17137,-49428,127338,16920,91263,91565,116714,131548,-65141,-138011,123382,-38506,123886,75022,94316,145781,19366,141786,199507,32819,40451,70973,-31398,60695,-16005,-194793,51267,-64100,186192,102260,-42257,97783,-140455,-68166,-23897,-51090,55523,217617,63213,155359,273642,143853,-106507,-99111,96089,148091,-117184,116396,263516,147120,109507,35825,216188,-78300,-26676,138362,254271,125897,188306,41618,237832,24903,211237,291029,110599,-73251,83104,71127,113438,-220420,-48017,-95307,147923,137120,-78975,-105934,-40819,170495,-158970,22644,29814,-87447,141733,98980,155426,-116123,69220,-24952,-22618,1952,-94987,188664,102005,157374,143260,-158789,-95379,30003,8149,50565,170544,47432,43282,135015,151830,-162048,-10270,-44648,60384,-135768,57354,106425,-165843,-142134,-33550,157774,182801,-108040,-158380,-145414,-20552,-85963,-75756,-31113,146476,163198,-8723,-165,-132751,144929,-13410,139538,18074,-19111,142408,114335,108013,-193500,200741,59388,28792,1249,162637,-189323,-74481,-6979,112312,62347,-44898,108817,-183475,-105687,71973,-150827,82030,-81554,-2035,51553,2417,92993,192632,64750,147169,-141154,-111896,79858,102018,-139438,23866,-130114,54077,-4569,-73933,-168966,-37700,-185104,-76223,153205,-55425,35705,-101783,131223,158639,-35115,-79207,52312,-23098,691,206560,-60176,-75613,129870,213264,119865,238628,189247,-5009,-49999,-162885,-51292,-134541,116222,-101833,-100508,172421,-135738,107578,51974,-45776,-81621,165164,-76453,94893,89514,-156480,-68768,45636,86350,-149630,-82283,-32018,-100695,-83836,23268,173927,179364,-74678,-95508,-96750,155967,71362,-128434,-45472,-148446,-99992,145256,129937,139982,-52010,153652,25144,-126769,168120,137146,4792,99258,-120997,-99766,-96572,187044,-52997,49135,108258,98821,-107101,50578,14624,-100611,72551,-51561,119924,-61223,69551,-201552,-166569,-79470,85731,132010,18234,-32446,-171908,100566,85256,128630,-47460,265973,-108783,-43185,19941,46803,-78444,-31652,131018,-122300,124125,-21074,-109134,-99292,-40034,-103605,-77245,79544,-145743,-117,-200584,-53787,-150493,49921,35768,-105027,15587,-90897,-168331,-161407,11786,36543,-107687,184027,306147,272429,122323,-1296,-115199,-99632,82984,254511,95330,-69027,-27491,-124310,-1383,129380,164426,140754,82120,297610,451983
-198716,-216146,-203772,49513,90367,-11468,-87469,-170928,-192387,-48282,-40816,134321,183957,-100916,-31735,99665,-149437,57590,-137743,-57669,329171,237829,126373,-58797,15944,-188420,-69501,-115200,-57774,172698,169174,238022,-123444,-11,148203,16686,-174471,-4818,36911,-48675,-242296,-1241,25032,-22035,-53946,-188261,14067,-45656,-274513,-121364,-49029,172184,-175159,-75117,97111,118616,-165784,32285,-96116,202123,-77936,-216612,-5266,-75655,-81786,-126747,-63228,-149595,-27647,-112958,189693,45134,-9376,5035,49309,145108,-116527,-183196,-65793,75842,-26164,137977,247908,469756,-44105,-117722,-37403,283006,-285496,-284308,-13453,-7864,24404,89009,-6387,-739,-157665,-281415,-319465,-590368,-243020,-63150,-307389,-432526,180420,135878,37495,-300733,-58501,177259,119370,-57186,-201010,56612,89874,131197,45055,180004,89099,253540,-85601,-75774,107699,-38846,95326,87075,27847,82523,-217173,-167959,-135252,-101292,-271002,-218893,-155668,14282,100390,7665,275412,62961,-25633,179476,75774,19128,30359,-225404,-30095,142454,-210884,-169478,-106514,37119,48100,104087,-94166,70036,-186502,-114088,154688,218440,-2238,-91391,-59216,127893,81450,7140,12376,148803,-50951,177224,86364,-16589,133187,182207,-43639,2928,-227884,-189673,151356,-60966,-34243,60942,-27358,107085,131468,-186653,124216,-88084,-97088,-121770,-61426,35427,-46194,-165670,3854,-122300,82385,-26727,120666,54554,-106849,76823,-29683,163380,17820,106118,46545,64698,56890,37629,-101402,208909,-143901,-30752,150259,227928,-84786,-32974,-150440,214139,15556,103615,131993,182248,-198133,16820,-213455,-121599,232610,76535,-126707,-209093,257966,290512,37260,-50699,163484,177067,39842,-178696,-252363,-58999,-60710,-221844,-113175,48742,-15484,-27717,-94300,175165,155130,-155596,97749,327863,60318,153324,-92199,-89803,28404,135155,92743,-132459,-44060,-127739,-60175,53215,-46900,-43404,-10779,23011,56373,215873,-29362,-86134,35613,165043,-5392,-204084,-31644,222795,-87709,58928,52560,-72639,99715,109668,58235,86905,-206188,-191033,121911,-10024,-25095,1869,-25756,-29252,8130,166346,-53534,15434,8879,154120,189512,33040,13586,33640,37298,-164999,-105465,-12011,-95590,-18145,23074,33791,-81711,-15482,195435,177123,107205,232510,-192503,-125562,-69372,245292,142508,225221,36520,219202,5350,-148806,138657,51086,-120614,28822,-109774,168466,45109,48854,-34103,160612,15762,81837,-9174,235920,59025,-111520,-90007,19318,93783,88707,37221,82792,-228029,-199307,-36144,137171,102209,-62557,133037,13102,-156880,89772,-1240,55430,-128000,21512,-58409,141436,-249334,-177241,-45977,9572,-91884,-10729,91333,18431,279477,124159,127027,92276,163076,314387,276505,262507,-42689,-45995,-56045,92055,-212453,-187769,-210146,-21415,-98368,189084,13240,157166,126763,17558,-40862,-74856,-110023,17664,-56282,45269,-175573,-36901,-46524,7367,13234,54716,161667,-44911,103264,22088,-48698,193625,108129,-22505,-71954,-104710,-143248,-132605,3052,-168320,61830,-64107,-8708,122872,-89403,103953,-48273,190507,-186859,-197934,-184967,26951,-100838,134388,-14310,-27840,119680,-15719,37801,56387,108761,106900,164006,-38073,-141448,-254026,51003,-167275,-149166,-6571,-5799,24570,85601,-104628,-38355,-123312,47413,66011,-39440,97885,118991,-106952,69134,-3551,-191976,-112509,-165665,18236,-24961,-178279,-127527,-17408,6578,112517,125553,-34228,-213449,-103089,-122701,325411,-257421,-166398,-214359,-30444,-131542,53485,167359,94838,-74960,-190080,116704,145129,-118773,-143196,-84940,-249729,-49995,30234,-171314,-107813,-54757,-122905,122965,-107133,125168,188171,155063,406241,215126
79603,224443,103981,10820,-141135,117184,-102446,88320,-36700,121527,75609,-12901,120382,69143,100750,171115,-148321,-101063,-34593,-45748,-85553,56971,-225288,-260091,35324,38336,-95598,-28734,94395,-7816,-7234,-89737,182028,47069,126070,165294,-115670,-32696,-110117,-47943,17406,-28520,-110649,-57202,141926,25605,118006,24504,4067,215280,20248,96642,66663,-116368,-38274,-140338,39738,84607,-185522,-38567,-106423,111787,-76445,9130,-39159,-53596,22109,-83722,131212,111284,27908,-113377,74866,134678,-48937,87497,51991,-126857,-8679,114434,389806,485609,134201,-52103,395946,344578,245501,-13979,373829,397530,303138,249857,-102517,148839,135527,-13168,-62729,-80098,142159,340689,-145438,110828,438902,307075,189392,208356,277437,99131,129132,261654,210036,-41244,90386,44696,-153931,153078,15480,16390,-89944,-130667,156262,-166601,56565,-191283,71546,-107303,-60732,-18352,130300,-31278,52939,3456,-157600,177736,-140282,154500,115624,141809,144341,12722,-134547,153728,-278674,-158043,-114474,198472,46244,-138920,118683,58279,231276,-144825,-2841,82431,29561,-74847,83721,-101499,83904,19947,-7368,-12475,-4737,-47204,-174368,170839,-188018,-128173,-67095,-172533,-217759,-150766,50306,87707,-32558,-1037,146708,-11818,36109,-116176,197874,203180,108920,46854,-83269,14688,123786,-41682,41976,157786,105012,-61376,126851,-54244,205265,66709,1525,-74039,43613,13492,123838,43390,142037,7953,24460,201516,-98546,-126078,109287,-9546,-103366,116903,-154148,162742,-159520,-100475,185757,138650,121040,-167804,290095,142447,101321,-69864,-235576,-311821,-273557,111811,-213440,-326991,-163025,-14605,-277580,-205905,-301771,-171925,-13167,-30582,-187744,-33029,58726,137348,-62285,46455,-160343,-60452,-54349,68571,2180,-66799,-161805,-121196,-1767,100377,52257,-83409,-134973,-3784,-53926,-53059,-32550,-58814,-141,-110428,-73605,-5287,-66571,46615,119228,105820,-14581,50303,150073,183203,-49504,76215,170498,-24589,-37158,-41422,-65373,-151673,3367,98248,49146,-47108,140604,52369,53773,-4299,5790,97545,166936,149818,158767,116934,-35614,14807,137854,23033,38592,45690,83745,-160444,-132893,22216,-29838,17869,-74400,30502,122847,107326,10256,-183090,128217,-160584,168032,109368,271520,195163,-28666,-9952,-139334,147472,-76374,-172715,-189658,1245,170456,-71577,-294749,92011,7457,30425,-21477,-135030,-50319,129766,-96950,-174783,-5133,71370,-91693,118951,20347,51250,129754,-120883,213068,48239,64371,-5536,-110612,113671,184629,41878,88999,-84253,-63626,2573,93293,-96766,-44232,-145431,-27702,138604,88095,-54414,-206597,-222660,-65446,124583,97191,-77209,132296,159859,-164472,55695,118847,91632,-88098,9688,231060,-87782,-16950,103804,-66598,25090,118027,81280,-68841,-36939,134774,36970,-108870,-30541,-109944,111653,-104337,-116149,108068,187830,109438,17469,17487,50133,38481,-94183,-48769,44262,130438,13090,128633,115650,-100213,148709,-167895,67200,56803,132483,40310,-111442,-58706,-608,125466,-16863,-108468,-68287,126196,-75277,93940,136856,27362,141710,9800,67755,-97174,-205466,68921,56278,-49004,100107,61083,120403,81704,-32398,-73128,-55514,47483,58359,169085,170920,121659,-166309,-82568,-149156,23130,-89211,-9598,56651,195504,-83815,-34789,200686,33460,67600,24954,129270,-66668,-35863,-121734,102102,-89853,35867,-25451,-17038,130913,233221,75163,153227,172010,21699,120927,-79300,87348,109017,62580,-8692,110263,-9496,50694,-11063,-57659,44250,33436,-140559,-83565,119416,-16274,131068,14055,218586,107966,138235,38892,107306,118215,58691,60795,-18436,80400,104134,318509
-113264,179928,194858,-123727,-90207,155589,82995,-138896,129330,-43464,-130559,-38904,-35994,147310,-66685,-53889,-20235,126275,80766,-46370,-70072,-23994,-147122,-181803,156858,-129731,-52670,45808,-30396,99261,174224,198381,-36454,159863,-32613,151947,97414,-114851,-173237,-53575,106062,162869,-66343,-68166,-35497,101511,97289,160886,-24990,152812,122369,147581,-53985,90658,-34156,-73966,-117301,58070,60373,2931,-119980,-79776,-155567,-182147,43861,48880,-46445,-101890,29777,-1569,181798,65494,-190139,-9057,-88498,95914,-130257,139025,-75165,-142947,-19365,188235,131092,24691,61816,84229,265287,113721,25673,298373,177045,274889,54871,260224,189379,319737,38473,-28450,157176,60917,9892,364796,110814,357274,382450,88426,320491,243456,249371,146045,259156,289461,-114929,112900,1505,-121435,-156816,67553,34476,79298,54033,-33539,-178268,-212195,-119761,-188041,-96202,-200160,90124,-51499,-66966,-167848,190491,151255,101264,-127243,107354,17524,136398,168275,226677,13654,47445,82975,75674,-46131,-114942,18246,153089,67222,-43317,-150421,-21491,169876,32508,-51181,168450,-42091,-149867,68214,-91128,-65587,-207576,-119108,-110250,-8601,102738,104108,-2483,-4672,-45565,-145943,148380,82614,-278405,135088,-46086,-142954,-52965,93968,-102116,144016,78365,-47197,-133280,-26043,-110793,2593,78207,85750,40011,134696,23814,92949,-140364,-183864,2754,126976,157709,-157844,-102200,164387,-84520,-19946,10185,76740,11322,-156519,-124028,-87818,-90705,-157130,-41860,136634,-112773,-111930,-28204,-61824,-60053,-70738,-72327,107735,73246,68536,-81850,-12917,99984,151143,-204815,-269296,-64826,-58184,-100996,-69123,-188046,37590,135178,54479,40951,35170,38915,-59261,-95911,252318,62776,-123174,-137068,-62325,185199,201178,181617,258636,4837,-93789,-182918,81531,117578,-50649,2839,54733,-7717,-4405,186527,-81925,-122658,151938,-110550,49829,137519,-40860,66451,24567,10642,210919,-24404,-169025,152112,7248,161086,71022,95125,133595,-23196,79243,110104,27519,-28298,75759,-26164,-86505,-27746,54276,42088,163508,-125420,70981,66065,-90183,5272,-111192,-6022,131069,-135209,16880,93807,-122608,163995,-49751,-165948,-95789,-31296,87821,-113878,-60381,67157,-66852,58933,-37807,188531,-95016,-121916,-173525,-27538,-103663,112835,17378,129730,-134757,118060,-39086,-45459,-108964,-78471,-145673,-72872,-19304,40375,-84777,55304,-26943,48699,46920,16383,-135477,-133893,-39713,-61815,4962,-128923,220896,173659,-75258,11718,103804,24607,-28574,61296,6077,149185,-44242,-16008,32448,-89910,50889,-1077,20520,-73000,-76240,-86307,-110973,-147871,-52824,111562,100183,-4052,27201,155174,119367,62835,-121282,196198,52020,-11169,-46600,130160,1443,46884,-185702,-53783,-47452,12749,173529,-66885,134337,-139422,61801,142649,-90077,-121779,-142900,62440,148578,131641,-159303,59555,117385,92239,-113447,-49675,165536,-30516,3996,155432,113118,21115,80183,68787,137440,-84522,-72473,-115954,-111625,-70270,-61589,109884,-7553,99550,91802,-2091,26612,-105964,141845,75210,-71085,48072,-32,7972,6797,50910,-159029,50438,-153688,35308,-54726,-47828,-66592,148599,-49343,-19230,-13859,122708,-192029,-69348,-15147,89611,90914,202074,165280,70313,117655,75995,-39413,-133274,-154960,41776,44926,-51519,-100824,22131,176859,92663,-4293,134462,-11650,-13198,140674,224945,217864,166130,-26185,54357,-1200,43139,27195,-23654,-43976,-20467,190876,24665,37530,31717,49125,72917,-75700,-50928,25373,55902,229519,163124,12900,-102441,95932,13763,-155805,190277,83907,243746,-20036,338758,2969,257712,293412,670704
13113,-41091,50675,11627,19961,35351,-113631,126593,-26965,-14539,18384,41523,-115019,-76476,15730,28732,21176,83046,-11697,174,135531,152016,-89798,-2409,149983,-74631,123456,80425,-41147,-59042,-80242,30159,-33794,-80119,-77525,44067,-114364,-24086,-73863,-141962,-41650,-79789,95333,64721,120867,169356,-6770,36372,43142,94722,7820,-2683,-122520,95860,-71498,-111833,-167989,83425,-26908,-58460,-73649,177835,146341,-93667,25699,7172,43433,60216,107965,12710,217099,-46642,147249,-123330,145005,-57181,81828,74714,192200,97134,-168534,-112127,-293617,-25217,-93902,2650,-79015,-39376,-15205,-9518,-155813,-186083,101742,-118391,-127773,55263,126648,40542,53668,232660,96600,8199,-5440,127794,-348477,-161537,31713,-36183,-32043,-188471,-216198,43426,80098,78350,-48009,-5899,79592,34934,59267,-77458,-132206,-87234,-169229,96156,210375,24505,35527,28598,89455,89238,191981,-66575,67714,72574,82736,-78536,-72639,55342,-15250,1653,-67217,151865,-100372,82268,23678,26733,-54896,-113045,10739,199628,136384,-65135,-54921,-213922,-28988,-181779,58249,30511,75387,181036,126267,260343,126151,126236,145241,-68712,-142226,-16395,27753,-199655,-38932,-114732,74327,-33888,90947,116168,-39547,-7377,-52256,128476,-107777,43372,-31195,-206971,-72069,-20446,133600,-26733,-78266,-91961,17759,-57165,142963,180105,169144,138429,49053,-21566,-100012,-55544,52386,10676,-51386,-72033,-14702,-90421,125713,-74220,-149565,49150,-72250,-37652,120493,149326,-148046,-148982,70054,-116295,-138444,157279,191389,-120916,90415,-8135,61879,-59956,23553,-56383,103733,-134892,6767,66135,-33598,-207416,-54925,84502,-89860,-163021,-126921,-23656,136355,-99492,111057,-24547,195579,-16917,12814,18775,-201401,-98366,-1081,-38992,111711,-26769,73262,38686,-15457,44849,89295,104627,32286,55588,-103944,102800,-133424,-118294,147081,-49381,-74175,-142045,-158333,146564,-104184,-81267,196956,41746,84570,92101,147968,-121999,-43710,-65112,-142073,-103460,163006,-61368,128743,-102033,136759,188272,34890,15302,97499,121195,187685,22847,-24742,-152702,89086,123393,122657,-48588,59681,-54281,44636,67386,127407,33032,55279,-25073,176194,-41503,109623,29734,-76140,170401,137347,55832,-91284,170210,-89585,-39058,42867,-101635,-126638,45603,-97220,109529,-86220,-7432,-246809,-59552,233394,193964,254643,300934,-58179,47245,-197361,-178077,-138685,24347,12390,651,137551,-29028,-105529,-55961,202696,107060,-121379,27033,-158210,51172,-66562,15593,119096,200437,134310,-51218,126488,56060,41171,-15772,21825,38724,157875,209528,317763,9246,301610,91613,40922,-108804,87850,72700,-72700,124027,31680,110085,-188096,-234214,-7401,-203216,-97038,114628,-57003,217904,75644,61083,-118289,177164,-204943,-129874,-216030,24409,167185,-53586,70938,103207,85532,10602,231279,-10633,-85355,89918,-138283,-10158,114846,-218201,-104043,52179,54290,91633,-33554,-39494,103266,152804,-260,-50773,60470,-114532,-154548,101006,110229,-26946,33704,149311,8657,-66377,-149688,141139,149820,13168,54256,106788,-82524,-21690,143320,119607,-184769,-149666,78641,-107578,116908,126697,-185692,63650,-55573,-65889,150050,124939,52149,168608,131935,-83156,86513,-166509,-156111,9950,-26928,78889,217910,234356,37333,229616,136937,-6011,35648,-140456,-138610,75090,147258,-6772,-65338,209257,-145236,-104078,-101404,109949,173118,-62616,-18547,197961,-120320,109598,-34520,-137192,-107504,-153736,-164111,-179057,4160,-91430,-82669,199257,-185813,-38628,-127617,-141872,-112365,124036,61466,112596,-78306,-62631,54296,-35359,-58107,152483,184040,-74165,-31519
-126097,97067,138956,152617,-88661,109607,170745,135967,73856,226874,-89654,-149305,-24919,-20503,-4204,101841,56922,-99895,-71558,21821,-190483,127193,87331,-93393,104690,-87214,-164986,11700,163725,17054,109849,22108,92306,-6698,169886,-82094,-124006,127293,127417,-147455,215091,-17176,-31537,-61557,-79309,-58324,-36767,-166960,-28361,148426,98700,-34904,-89911,206985,-103112,52522,-37090,164160,-110975,-116968,31892,-38787,39819,-9478,225218,91048,47941,249311,-75741,197968,-102799,137941,-165065,-50292,-106661,-172954,91372,-98741,-64581,84428,-160751,61363,13732,-60792,44101,125743,57526,-34230,235087,255928,39408,13425,119099,134333,-91912,19672,-100863,-204398,-229552,-211051,-68028,-110998,-48328,-27020,34120,-10601,76249,230457,-6488,26269,-46198,-163355,-21892,166630,76436,-180533,70163,170061,166976,87541,-114221,-28785,-47598,-93830,58057,-62792,13404,158234,-188135,-151321,59782,-71077,-51992,-195785,176807,188179,198305,21421,-178586,-144132,106022,220424,34872,-27502,-143453,13321,207294,15509,5545,88680,-68873,13676,118024,87689,56079,-28729,-9914,130829,5577,57742,-141961,117481,157095,-193266,-94060,130987,49499,50087,12149,-36697,-59825,77291,-15667,135734,-141793,1225,-174347,191398,232615,-109659,52837,206420,183525,-6399,175378,-45681,134136,108741,-81168,34031,-153314,91849,181780,179234,119030,41517,2186,-33845,-67460,-126162,118448,-1204,-11200,183294,-2399,78706,92023,-120115,-210943,-104386,-44843,-146818,90996,-24981,-136295,42971,-7759,-148003,121242,-79833,153967,179010,-7279,56511,260624,135000,-156916,-241403,-164074,49338,-255810,-118898,-307905,-222056,-198840,66870,-183176,-153127,-74585,45731,-133643,20452,-219820,-8808,-134021,-52254,-91262,140899,-10725,-56179,96263,176669,-83730,-292923,29404,-28045,-67326,164148,14877,-47674,83394,69574,-123596,135159,62012,-101268,129184,-65411,-138542,-69615,6530,135159,-142190,208920,230375,-54310,33123,88699,-104581,-142702,140790,83022,14753,88944,160065,204421,74756,126734,146484,-24601,195275,-84457,-142678,16842,18389,50963,-110662,36437,-75948,-177622,107606,12976,-24279,69212,21538,77013,51831,-31617,-95350,-152595,-221763,16621,-150503,-55131,23643,-169469,-160911,158242,-18555,164639,60812,215193,290671,99652,-15900,166422,34651,-175618,129710,-165836,36546,-114572,-29118,-150575,40719,308593,88516,26132,4987,-11654,-52590,105348,-20739,-73154,63778,19683,-154181,107949,-1909,127367,7246,-24787,154640,66381,219684,84673,12279,-21042,-99591,74452,-6113,152451,-161368,-91636,118030,-100564,27417,57936,-168922,-173432,-109882,-173960,49447,-162438,-194082,-97012,-75911,92477,183486,137381,47728,19608,-71244,-53545,57133,149180,18945,-6086,-172189,49988,117384,-75251,908,-99897,-135005,9945,-82006,-50940,40613,161828,-47942,54836,54616,96290,114640,169905,-142970,-105909,138827,41466,114122,-116317,-45275,115261,-154313,-94846,-78156,193125,234668,75353,9272,-54942,135941,-58298,-131457,-130532,61371,-15215,-78322,-8993,28339,-131719,194830,100482,-19678,-61022,68043,-50276,114490,9354,116338,103307,136535,95509,-33363,-7571,112412,-95740,52617,-55754,88949,8357,-114639,-17123,-65377,98466,-39827,-13844,-163899,-38162,205396,-62587,-91501,-111913,-139419,131962,6959,23754,110074,33559,56498,823,8463,-46653,-157525,-63566,28542,-118327,-100849,-18171,-155590,-266000,-198707,-91788,-227024,77610,266044,4546,-108979,6389,90670,-84761,-2198,-67329,-69444,-15017,-151511,-190307,-133644,53458,284702,11734,86787,-87085,186329,-64917,-96551,-22377,105855,-14533,34653,-153811,17976
100051,149411,154282,-93648,-61163,90085,-105440,142078,-18166,133724,-183084,88956,-15554,73677,47593,122733,-242816,-122396,-30180,-146129,236216,19130,-39662,241552,-35431,42163,120718,121703,153068,194602,-62912,-45235,-5032,-152725,-88957,38688,-83734,22741,-55831,-89732,105642,-141642,-150818,-30697,-127164,-121536,65355,-86217,81003,-42426,135925,21756,-36458,-64843,-34938,-176235,-68127,100938,-171297,-69726,-103665,-78538,-37231,8269,-150181,-13286,32898,79434,-127075,103513,-14866,31458,98747,122284,174986,146929,-69384,136755,1916,-86691,-109922,92485,84541,82643,60440,-129360,-126398,-243664,-13604,-83953,39977,-38794,-250448,-183902,-2305,-117110,-109788,217103,-138372,96334,-162082,-12300,-158763,-73146,-100039,-240094,-324555,-47828,-84731,-224547,-121834,-252977,295988,222513,59611,82008,-23040,-75517,168037,-81869,-75111,-14085,48262,88117,16852,-82899,93075,-129641,204176,185789,123611,230286,-73160,10434,85743,-28504,-127136,-41559,-12681,-250108,7799,-11268,57158,-58498,-154807,87822,-27263,-125686,151238,-110071,-31877,-57038,95232,-45616,-60484,43467,33239,163601,-134383,-119840,88609,126381,-47816,48343,242185,39946,-28773,107855,-111739,-57575,-96088,-86684,-40023,109969,-98738,195014,-72275,112681,37394,-16986,99824,108253,5495,-173282,53804,-97917,155674,176955,129482,107143,174231,29188,30490,38873,89195,145042,191228,-77935,144541,-76098,97960,-4032,37547,163101,-101854,-28055,-127036,-19328,-61461,91647,78120,119964,-105586,-70870,-66618,-24580,155744,68017,-141616,-46690,-56022,120211,131315,-66819,-55868,171229,-100329,-224521,33372,92941,169224,-100143,19397,3159,20904,84033,27560,20697,107413,-115636,-45036,73313,61337,44634,88297,126277,207520,189539,160915,-215506,-130956,-237328,-37208,-7502,-82040,68767,16093,-60565,12508,158535,43825,69254,-96711,-132237,160727,-26657,-98163,83230,170073,-91379,-9686,116948,70894,-110389,174005,-86658,-44127,-88888,-109031,-167448,77766,-84310,-10892,-146973,-144641,117523,-116756,-57854,-104800,66670,162515,55706,3294,-15929,12191,157075,90302,-193044,-30641,77398,184228,52475,147019,-29857,45595,-141401,50006,-21799,-76860,190973,-35837,-120864,-18328,72345,15052,-79668,-56976,-172454,-78119,-149878,63345,57401,132153,-46017,27857,69060,184223,12973,-35520,56653,-104287,-90865,43199,34505,-9640,238269,118610,-197637,-14765,-71024,-47322,-34174,-27147,-27733,-103186,19984,81196,59536,-28851,114599,34592,39230,145287,-16193,65604,44699,120364,70671,73394,-4368,112541,-65360,-98825,-162257,3528,98840,91738,137172,-89536,205009,184791,234403,163341,-5893,-6412,-14443,271203,64486,-16554,28561,31235,-234243,-228192,-122263,222181,-47300,113850,-33541,-17532,150882,128755,-111568,-116116,50033,-207316,-86201,129604,142164,36075,105143,133959,128160,129928,14230,135384,117026,-80638,-84163,-16203,41975,93000,-19644,117135,37820,-12383,137403,3734,-51226,61049,25275,106328,159401,-69840,-96726,178461,-106564,-81365,-80490,-4101,-116688,90517,-102625,174287,87260,301613,73189,170948,188174,-43371,25674,55576,-95396,105383,118963,135844,-166171,-98193,65034,107175,-68927,-107846,2636,-3080,42973,219142,-10366,-112694,-213276,57226,-210062,126803,169251,137199,213322,-86594,-145923,147078,47120,-11899,-28492,64006,89142,55483,164646,-86900,15296,-20930,74920,-38531,62482,51929,14191,-55893,-155940,9927,1068,194440,-67799,-72144,-254,-173077,-161480,-78394,90518,-71089,127673,41589,-100217,-175774,8699,140572,198817,3170,-170157,50322,65713,44832,-115664,137281,-42990,146301,42962,-54914
70037,180400,147085,-54290,160845,-155070,-2423,162517,75376,-94613,-123119,-52976,163010,35275,28225,-47803,97792,77456,160287,161800,-76174,144526,-130893,-115091,82782,-127355,2899,-91001,164133,64529,214518,136360,195124,-18565,212385,76221,-53803,-21719,-73349,-127848,145432,-21631,118298,21801,-70338,-167081,-171964,-173102,82035,-65577,-56845,-77328,-100938,69909,140928,118597,-75642,-105085,79034,112027,18989,34666,141486,-86342,99863,-39574,214970,69560,-131501,-115828,-99310,105172,119188,78892,41653,152080,-53686,-181236,-138907,22678,-81127,77845,-60560,80977,-258720,-18601,36977,-21837,-137493,-408800,23263,-76589,-113738,-125236,79943,-28866,43459,32228,6682,52671,-20063,-27346,-174882,-48992,-248547,-194603,-156425,97945,-352083,-258961,-169948,-260695,-165786,-48740,-52125,-194558,56865,-11135,209496,139763,86674,47734,2530,96102,11690,-13442,90654,-35464,-48914,-102618,6529,-77163,119781,-94824,-121863,-106198,-29287,-21897,-93604,81255,-172430,-100061,-115059,-101163,-107847,-8607,-50529,-173410,-124845,178221,48138,-121189,-229449,-78420,-271281,-191389,-17530,59762,-33089,-813,-124614,34881,20918,-66288,101390,-65343,26103,161126,-40641,-137415,47631,102527,59540,-81728,211819,163066,162979,-149426,76774,-15026,86173,184182,-74949,110019,49604,111243,31042,-106593,33063,72948,30507,155808,137990,-93062,117343,-36959,135579,45324,146851,-43148,150307,-51692,-142679,954,-43512,118735,57568,154285,-158873,-49454,-85488,-65732,-112010,17840,64195,-10011,-29541,151165,-57261,84012,168788,141019,113410,166558,-146497,58199,-200641,-199812,86337,-76260,-196106,71577,146453,89877,41039,-123845,212492,-160152,92254,18475,-14483,175131,114751,142929,53490,-98603,-143182,66277,-160570,107259,-110993,-30010,-71873,834,-82632,-73726,17926,70113,39568,-71804,-58548,69464,137946,141361,140074,-115158,-103555,74672,165609,-62309,134875,-84224,-63117,-109848,188753,31222,-121764,-139221,85560,-103519,143199,34989,-187458,-137329,128570,-97767,54648,89078,-94473,-61478,-93984,-13383,75908,-137950,-116250,4604,15871,-114612,87082,-23159,90932,55473,-84049,-84587,154583,-135620,120915,211230,217881,125725,128207,88483,-101186,92645,122852,-25485,-30858,164300,88991,219639,-208012,122998,92634,-154622,-125538,177403,140392,-103502,-61598,-152281,-84326,38695,-16359,-47326,-12712,217087,160882,155720,-13230,-21876,38356,-183923,-118512,68020,112711,251609,65266,31284,-54755,-28709,-64665,54370,-99954,-75318,98945,-44360,49626,3178,182319,124943,74407,28158,-105723,5011,-24863,89964,-64634,33004,91844,-47005,63612,-141594,24432,28345,-95590,45586,-77725,-146914,-179047,154898,-106365,-187402,37274,-140214,165375,19603,-73183,-37069,121654,167709,-104674,-23671,-160717,165512,-85286,-117174,147800,100860,-105312,99075,197176,-67075,20143,51666,50539,8030,154565,-44201,99555,-56832,34680,-156631,-133284,147506,40085,9432,157930,157167,201160,114395,140601,-73896,-151360,-63608,68173,-74947,127274,75775,-121294,-178063,-138306,-165336,-83389,134444,145003,-45238,84502,96363,2653,94186,137325,-79624,-111505,-22370,-193661,70573,-18088,-96222,32047,69844,-26429,-25048,90517,214058,-17087,203072,57193,-73154,-140494,-111678,-5331,-17842,110229,180947,-27241,7212,156980,-1248,156665,-7576,160674,-91917,132974,-80045,147610,-49833,-148237,7491,-97604,-33026,67899,-6469,4506,-109778,-22229,-64926,105859,-38236,96822,87309,5363,28448,146276,-81826,131432,-30536,-146557,31997,-97755,-6350,-128580,-123750,-42219,1706,-115699,-93939,10931,44408,-81549,149214,-19785,195713,-18746
-35145,-45896,33889,-70628,71153,-574,-5995,108814,59781,199439,90554,-974,-148287,-48862,134384,-64851,-214270,-205726,-126602,-23419,254555,124433,-36428,124629,-32196,-141683,133365,39207,171366,-139583,140195,576,67010,-68829,5227,-29076,96225,214662,-2676,68550,35677,120646,117821,32603,-104584,132769,-114002,183307,61648,129082,-164136,132723,135079,-71384,54873,-2898,21797,-114023,95763,-104475,42914,67237,139944,162457,166363,131783,53555,154602,59286,-43722,-9869,-18850,77092,191268,256505,163534,156657,258298,166870,81559,-130593,145427,99188,-4543,-59070,5006,278759,-71652,48252,155539,179523,151762,-28647,-153157,18349,-73928,-226806,-28594,260959,186948,-499600,-151328,-136898,26305,-384542,-137367,103726,25011,-295916,26079,-79424,31590,231725,19315,-32326,181325,-15826,-36810,-10887,37220,220371,68343,-139620,65894,58111,107766,5017,-36023,127400,37174,91318,108923,49308,-131845,-153755,-6020,52096,199883,-174342,-230995,58187,257850,-17105,140489,86999,194904,-42741,-87851,116009,36161,-41755,-56397,184686,-50370,54837,-27788,230172,183594,-37196,-196406,194824,125944,155367,-53528,151882,-9963,122820,93691,24550,114092,20957,69282,-28093,78283,13339,76956,-75456,13617,-99623,41070,-43339,126422,74484,-69562,192997,108443,-131786,19176,142012,120178,-131150,1862,-73518,-60992,-118638,3401,102287,-46642,48593,14377,-118589,-128889,-111540,129661,-154638,-67426,-89897,170396,-160629,-74445,-137022,-3120,14512,-23768,112507,-143750,228286,165925,31781,10450,23842,28742,-59502,163973,-82917,76668,-17885,-92839,-34651,-174210,-278617,-96172,-110042,-86424,-184499,65158,-200007,-316604,88411,-82012,25703,-61559,-72572,269505,-76143,-74896,-220207,12021,-227427,-221956,-27380,-82988,74945,-52120,86887,-70413,86788,-93551,160282,-72902,-112708,-32767,6708,-164656,198793,181830,97965,-101718,168012,28729,117731,-19376,84916,-76883,132545,15265,180569,-52301,-164376,-79565,201409,64356,-112411,120484,36363,-133210,-144720,68919,-156484,-65631,-147482,-87189,-27267,-34612,-153770,-101362,109106,-1076,81610,-95756,198652,210297,100617,23322,-80647,-79415,104469,68665,82322,-90068,62525,-144873,-42978,-5466,45901,20493,108791,-55883,11580,-103413,185464,125874,166931,19688,-55341,-19907,-136989,119594,132512,202672,78553,-94042,91084,27080,-33173,-4773,-55573,91785,-85752,149445,169049,-62428,39396,-62828,39830,167395,120057,177487,64161,-25791,70226,196059,12859,79601,154222,150939,237405,181427,31990,-85587,154440,123664,-103688,50436,21355,124893,-113997,129961,-76115,-30937,184176,219415,-33189,-70918,-175158,-14656,67190,-119390,-35914,150416,-53521,-130734,7428,150092,116400,178661,61717,241272,-176464,-96177,74760,144921,-138388,26166,-40546,91499,13534,5460,152456,27829,75379,122893,48329,217480,-64291,74841,-76686,57651,-18239,-20542,102501,-44418,148802,-8819,-62894,-23010,97071,-67036,-63680,171727,-13084,-104048,35273,-67025,165419,-48574,-138033,-151473,51914,-136115,-82332,-87002,2563,233584,136560,217659,15207,38294,68954,-104620,-169653,45967,-92108,-129444,95918,79774,-185514,-131216,65489,290915,-59936,-36150,1309,39177,-115559,-111190,150946,87079,21809,-241445,88948,197638,173195,124165,137856,-43069,61778,-103005,-51700,-27010,-65129,-85953,-119528,212040,-168357,155849,80223,41675,-10851,102384,36071,52939,-21194,110405,-65254,50141,205238,63843,59497,-43797,190742,-123005,241349,114944,214868,-58114,143833,41189,70410,-23184,128198,6780,-40091,115114,34480,44703,65244,113377,58456,223006,89100,67986,-51682
36020,-17731,77083,21006,148521,48372,-122206,180899,-151608,-129420,107574,-112349,-72413,-41091,103413,-104565,-35649,65475,29393,-113276,180287,142840,13177,157059,-26069,13024,-68077,54478,20375,26601,61728,145264,75683,40185,-5812,187354,93194,117564,131321,-124969,-7878,1963,123066,3958,108213,-30362,-63046,-100543,-182715,70885,37647,-121767,-10408,-82548,146809,25079,-186439,53500,-79087,-75994,-12263,120301,-49133,132577,152554,102520,3354,-65395,107545,180636,177925,-145429,151313,-20595,77946,91293,-38342,156852,166915,4685,-86432,-73823,42180,73026,-92163,29601,274420,12626,60579,-102903,-13366,-116971,-152145,53394,-226168,-176193,-237931,-512992,-432114,-186456,-64736,-347412,-262261,-129627,-176788,-205148,-186837,-194563,-286353,12677,-296402,-274579,-71183,-80542,3462,-72568,-87131,233626,-58642,202000,-119818,-187931,-5007,-186150,219175,77151,-9867,192,99670,120573,15969,134307,-22561,198639,111643,66890,-240059,-31943,-106020,41455,-228349,-138970,746,-14295,122512,-101149,-96792,87749,213263,-60461,264971,207496,-132870,-104366,-105162,-248013,-135856,-118371,93503,188006,-61171,-113416,-55370,-47205,210618,126123,153780,15902,-174344,47628,-68437,-36169,112393,200876,-58751,123464,81306,-56295,181075,-71478,141208,-122236,58512,109155,-106768,42122,99143,-9103,-32464,138927,-8179,195265,-94380,144449,-34466,-67712,171728,-52546,-23533,155335,-152282,80925,33515,45551,179397,112078,-45087,133737,171046,79020,148078,-127192,-20374,-90126,197253,23123,-178409,-52656,69065,-121371,109266,-87158,153854,133772,110682,81088,-123162,58077,192537,-44619,-118026,79044,31083,7306,148532,85273,17829,27222,-93217,-30048,-142976,-11816,-82385,23417,59863,-109462,-38664,71266,-36402,-7998,-30140,-97385,-148690,-193157,123143,129482,-48456,-41548,-153190,83531,110029,90192,108313,-17469,-176526,-20358,-64093,-126398,-33298,193330,94670,104148,105102,-61744,30766,-85611,-88701,166967,12335,78473,-110774,21966,-16881,-114023,48048,143275,-91940,-65847,4974,16136,56545,-38623,151127,172730,-81131,-47417,-135772,84704,78094,-164073,72437,158337,51600,-113242,234,-64622,63684,-17437,-35104,-165475,-119896,-150379,82911,-19972,77777,-20540,144110,74311,212607,-42055,51344,197861,256419,115772,27469,196117,115213,-3801,62616,-82554,-118988,11308,101429,291296,30326,248853,232126,122484,257728,1203,-210468,-185992,-96254,11464,-128563,-107411,-33363,233205,-128804,-9424,-156198,-24771,68367,19059,114962,79527,113552,90517,187531,-93281,-153795,-163971,-165972,-32170,86322,129960,-107100,203284,-53939,-181288,-215894,-153331,-146140,-35027,-234983,70526,72563,34169,-37227,36244,-106495,51440,104479,176802,-84029,-17951,-123744,-36286,194374,-69699,53449,189085,-170766,48073,43288,-133451,135880,67926,5511,178218,83376,-178436,-202636,-184559,-94756,-152240,-160913,80688,-173411,-166479,-73194,53881,166089,-46960,-72608,73492,18481,180529,-45722,-165400,111468,-112935,105006,-69480,106045,139278,-121263,119334,-80727,43904,-69502,-107703,10179,78393,-45012,99059,71950,-24582,-16253,2452,72,127405,100707,-132422,158013,10855,82637,129375,-167205,-99557,-114528,50747,-26488,97028,9507,52168,-33565,-139960,32569,26774,155612,49585,169715,53147,156047,27363,-103418,94823,-117900,51813,-105710,92052,-90139,147834,97148,44586,146561,59294,118608,100997,-107711,-45818,58354,44121,195319,183067,201371,179018,-230687,-20961,-179097,-29785,-60345,63169,-49733,172292,102837,-57341,-233483,-210648,-165360,-89526,-50445,177242,-58842,-268686,-192932,-997,9906,17835,244635,723,-62559
4380,116308,118127,143859,30734,28120,85003,110429,-217772,113651,-173017,129045,-105171,-119390,-120132,-6449,-241388,-180714,25976,-226925,104717,349947,395843,271730,-29241,132587,47687,-83193,31201,56110,68781,-84388,-186249,-110349,-53845,13939,-164282,24274,-36005,158472,103653,-8573,100067,-42416,-66632,159918,96997,94605,-192322,-32764,-31252,-3905,-73869,-59558,-150679,-218502,61578,-34400,63513,-5228,-10846,-144070,-9993,-172186,143428,121303,-109176,-115160,-53993,190926,13755,60272,-10887,-63921,145614,31319,-81186,99326,-124529,-98459,54831,34950,-3808,-136776,-138464,222270,-161690,162691,86867,51503,26246,45265,36843,172011,-97416,-180439,-165968,-40117,-52991,207050,-93549,-207832,-380387,121596,-255853,-20992,-327244,-152406,-147995,-276954,-260104,-91179,96858,192088,20797,-87186,-15265,170277,115553,8774,179712,21113,147816,-157723,-67431,-122397,-29749,390,129348,-5481,337547,128201,103882,21456,14035,-110797,-78389,115552,-125539,54780,78909,-61461,208145,89829,56468,121071,-21145,-101567,-212043,-206873,-32857,6715,-185358,-35961,17088,-110722,-104120,138039,30752,116085,34595,67407,-122013,4348,84717,38091,58526,-129636,139375,72029,-113435,-144865,270102,21346,140133,123540,67918,34679,181217,39574,-267176,-164912,-80586,-112635,-139747,174141,83664,-52598,80896,-67302,-86820,-77379,111871,214063,63138,76244,-76560,-143280,-83660,-171150,-68662,121610,142409,-108446,172545,35723,60246,1703,59615,-102332,-171164,-48099,-72224,137058,-96621,18436,-169333,-80212,96907,37280,67807,141394,-31958,-71504,16018,203131,45075,119570,364858,246655,267130,39691,303750,182025,137203,79484,-118037,72349,-50960,68406,132464,-92602,-163291,50265,-28682,-99629,70297,95907,49091,-278496,-210293,104469,-115118,234611,-32665,166225,44939,-4148,124250,-2022,35547,116007,47742,-6526,142084,179146,37005,35700,52491,131816,-111880,105020,65757,98951,17050,-157526,-191870,79203,126063,-108736,-82602,103732,16771,56651,-55276,180446,175092,-83057,-124490,107380,98981,162846,-95320,218,-69951,138626,-155242,-136315,-110852,86340,82521,-96019,69261,66865,-73361,-52988,-66464,-67807,98626,235801,128177,15577,163540,-34201,-49092,34661,-38243,-38692,-65742,141912,-58866,277220,150530,-62928,33593,153419,92375,-107867,189670,179630,225661,63739,259300,273566,24686,-15360,-12323,62851,-126445,-195622,-128637,111823,123477,-130521,-108530,-160062,-124893,34958,-117986,195870,-117593,55619,83620,192400,174169,-59721,-8213,-52090,-35828,-54472,32599,146427,31023,-166325,-19565,-27304,82034,46450,88992,257983,208054,280280,-82509,-29777,-222656,64074,133119,61024,231470,-63440,8847,-49639,34724,-63076,-88162,-23127,224001,-30849,-147635,151299,161170,-36930,-226724,3217,127129,-172700,37834,87722,37483,233321,-39226,119679,2184,59375,2364,-2159,-76890,-37289,39401,-106153,80792,-66868,99977,47009,-95711,-31283,150396,31753,25490,-171714,6835,83676,141355,-49522,-131420,155986,-149068,-15142,-22855,96116,-4041,91665,168978,253213,35582,24373,192460,92632,83180,159977,-81731,27750,57493,-13562,129793,206199,39785,217697,162366,112026,257473,-83684,19010,162528,153780,-125431,-22326,116430,-102576,-70090,-141983,142565,194348,96583,-74833,-127281,-137179,-61154,-263572,-159677,-240704,-151364,-126103,103535,160943,-90220,-151047,34353,-144030,-171122,-27273,-68253,110200,78254,-133165,106461,-23966,-103181,-116351,-114371,-222169,-175181,-36026,146223,129263,-48829,-269592,89277,-61474,87949,-22455,-28473,-43530,-52026,210267,-57592,41546,-98608,131076,26982,27772,8843,229601
30384,52816,113955,197657,-29995,-88391,158237,50148,38358,133647,-130353,73271,-131450,25683,-29609,-143231,-20318,69464,-26319,-69953,187522,83763,138096,103226,39698,-161682,1672,-39658,33649,89561,-39272,57361,-215797,-68813,-82454,-116918,-136501,-66220,78886,-115148,46994,60927,36472,39902,-37259,-68072,-140692,83537,-73873,133201,172581,271989,1753,61211,-3042,-42089,-51083,-162716,26546,-177185,-133913,83911,12030,-146153,97193,44947,177269,255932,245477,-6600,205875,280395,-107842,-68125,57018,-244705,-2960,181277,35715,63216,-143763,-44282,109500,227266,-167925,-133063,83670,-103025,-127698,116081,226401,-189400,-126625,89674,176350,123823,-48863,-90748,-51196,217971,-243286,39898,32306,117676,-289086,-97430,26768,209781,20795,21741,140078,94910,-56548,105213,91982,-36739,140255,-16645,10823,-151660,82478,186857,124170,-144614,197358,146204,81553,-259331,53515,-22234,83758,102793,193824,88472,-88648,211640,-169618,-20892,152001,-72722,133816,131288,262919,299718,138214,-95471,200134,-194754,-130616,50409,-55899,-24559,159275,-132723,-85912,-217244,81263,-53111,212116,-53765,164440,192085,258759,262069,-16481,273813,185987,10073,-25097,118842,-35712,100536,229945,130505,159708,97919,90589,91700,60655,141357,-180314,144520,-128176,-74405,151958,-18726,-85025,194227,83023,59373,-137660,-86944,77831,-113288,-25707,191374,92098,-91475,12762,-36491,53938,140898,50698,122512,-79592,-72736,-40455,114649,144385,26724,-92974,35894,-25143,-79425,158204,219297,-27614,110036,43525,-55437,-65184,175132,-53505,111622,170888,-66067,173993,2556,142146,-92133,-99333,108611,326495,-45192,19801,101693,1695,73046,-14552,126312,-171792,54484,110998,-105246,31406,114353,107610,248817,-222680,-148980,-38606,203754,-12256,300789,290058,207575,-108578,-50139,232228,187647,55491,91851,-62317,48547,142842,43488,-30038,-59483,23535,5860,85410,-2722,-83618,88889,216987,198751,-108124,87822,173917,27137,-4635,156352,8522,44824,119837,128693,-33352,-51416,-148764,179422,171416,52271,87257,76842,68232,86598,-99044,151111,-46982,124860,195207,-37784,-123696,121692,-13533,-60980,-42164,-54340,-19753,225284,193005,110385,-34881,54547,-100990,-95269,-146301,-3582,-61266,-56411,8812,100797,265529,-147222,142576,-90062,143564,34106,-84896,-93708,-69882,12428,107032,-20774,117406,-129245,-40030,-58443,-66790,132385,-116648,64471,61267,-131214,-825,-75528,189871,110332,-65044,-144828,109309,-134520,-9459,111776,74575,-49017,-226370,-33578,106323,118100,-76588,-28350,79704,27164,35830,29673,159693,-186698,-143925,227368,47114,86933,89173,-43172,145882,-17078,168628,-106334,38020,37184,6426,-1146,81049,155162,-7639,-5488,165182,314781,115456,-24455,-123901,270450,-146859,8587,-183197,144579,71144,10578,44321,151028,96816,126169,59140,282688,115873,218589,34187,46058,101288,51732,82100,9649,-156519,-119124,67142,175503,154711,-46502,193461,222780,-73870,165759,-67935,93634,27463,-62985,-80534,-121783,-56589,70453,110240,-73247,-72455,100366,-1852,198150,-85584,-155113,232395,135881,-173769,151648,80894,180845,-30548,-52034,-148784,-54920,10895,111774,216778,74244,29078,-133185,62239,179236,-260962,-58718,-122325,-133115,-78251,-82593,120457,-139498,44969,59613,53556,127129,-255219,-35488,140290,-74384,144538,11673,29852,99798,-79136,99562,64981,-102674,257493,152337,340423,194369,-57282,121142,38736,191777,-142415,-189178,136431,55169,69538,96278,-39720,10466,-40120,117020,181290,1704,22650,102625,-13532,101607,88411,-101401,-48200,126266,-190489,52440,66557,-117606,275066
-136165,116668,-43986,-104494,63986,-139927,39626,21071,-171745,-118075,426,158345,-129297,-129389,-128571,112625,23653,-221822,-180507,4603,24816,-27396,-5341,295708,-79783,-44935,86569,-9964,141779,225019,-74220,-18335,57165,97351,107303,-102130,-21749,79678,-78445,15981,-77901,190916,47066,154157,3268,35260,77104,58153,-113932,-159889,18522,125412,38659,133970,130269,106193,104777,188376,-2404,87999,165519,46136,85107,-83032,78994,168742,-213307,167279,155286,-63571,-91405,111186,-49653,148105,150465,11017,94366,9428,100361,-32866,-58023,279123,-64283,-113586,-190073,27344,-146628,5307,-33210,-219224,-108559,69957,50584,17938,-61736,-16759,-26109,-181984,-193485,-123930,-57345,-168858,-321096,51912,-136465,-192499,-369521,-114845,-319832,-240718,-226230,-218903,98353,61908,-56448,-128081,158280,74985,112469,100325,21238,-92969,46405,-36272,31062,166104,142702,66397,-157050,37944,259906,-149551,195211,77973,-71460,35090,14205,-86929,-39233,14204,-83608,30499,69259,86717,-118724,66094,27635,-81142,-110048,-87566,-77604,-118282,-4519,7469,-136676,-84156,-9213,-126655,-9060,-74832,-87919,14076,73064,120484,-88217,62118,-79887,-4551,-72550,177376,73894,-243282,70340,242070,95643,75687,41063,-52388,40466,57811,80348,-113560,51411,-146897,-136795,-60280,35109,-36252,-144761,7746,3846,9489,-85882,50821,-92269,-101743,35957,125984,-18401,-64569,163822,-77851,133627,20348,142823,118245,-38214,-196016,-146717,-91106,32459,-23724,141805,-68304,50948,3541,-24239,-56316,-63378,108538,47067,-115416,159079,119076,-30399,-44182,2999,-140686,331147,31828,-72380,3369,226903,-81438,-8178,-91120,-7769,100750,31013,6583,-129740,-340084,671,57685,72492,16763,89241,-11816,-61751,-274969,-141074,-10266,-101322,93984,129275,-183519,88580,91149,41171,110807,-53035,-28224,104506,53958,54879,94351,-138672,7749,51156,166114,-90130,118868,-55819,86491,69088,-100820,-22409,72740,199952,-70911,-56564,166872,-112302,134603,-154839,-66999,-96518,157743,63276,-104406,-87809,-119114,-124489,142209,33049,-78356,72789,-64617,-177432,72028,174799,209506,203520,56144,60849,-13966,103010,-62080,20657,101611,145105,6902,-75642,184114,-53590,-90237,153419,79262,108773,133606,64943,139979,-42093,-203697,204319,242655,103022,-90605,-77030,241615,203431,-143661,104875,299976,-26849,105133,-132795,-64548,87000,-20905,-152055,180366,-72333,-60547,51635,-84590,250027,181826,-7312,-108174,-132295,43897,93461,157402,79355,15697,185607,-8707,621,77145,125518,-129801,214827,129696,-149095,59283,-33353,105109,80004,-134105,-30926,9485,-203125,-175236,23972,-68857,62533,191450,28448,-61971,-65031,-201582,-95955,-158990,-6620,-102558,-49783,111292,181079,81905,173112,-81710,70022,57229,134397,-5183,115164,96002,53950,156310,35438,-162403,-139907,-100762,19231,24149,133643,35483,15152,-53289,-172205,17987,164333,-110647,-21170,3751,127206,-12306,-59051,-116051,-200671,-173886,-167494,17353,-90400,34262,-33572,-33524,-128877,-25813,-122231,-131809,185841,81453,-77234,-89364,97733,118074,46149,-95026,-86564,-33628,-94612,-52362,74788,106361,59175,-108943,60412,139720,-120161,-11409,205195,7173,-18578,78542,-168617,-206346,47990,-20873,-37860,173744,-8632,5556,159545,23159,41684,44943,41182,-73988,113588,-96217,-61850,13810,105168,5372,-216197,-115504,-158926,-47862,-135431,72911,-41307,-52273,102027,145189,69953,-122946,-165465,-95496,-135123,-30565,3706,141789,201973,-45536,-225357,-76015,-161315,51994,8995,155480,-149062,82848,-97296,-18636,-117384,-125318,108957,-32403,-7567,-24600,68151
-154526,-60414,29794,10383,155597,-69533,-93013,-152078,177724,-60310,35861,-82963,94303,80036,143064,34308,-240745,-30868,75621,-30779,51215,-34819,-113434,-10659,119780,2601,22768,60376,225244,203294,-69614,230632,-89162,-14758,-74853,82302,-156154,-66779,29009,180316,9967,-65162,-64320,-25356,31482,58319,12108,-87093,-83254,-50050,188112,114818,59248,-149455,-96620,-52669,-107630,-211471,60112,13925,168973,-63202,93076,-120080,-120805,87364,78624,-100084,-77471,157434,265917,157461,-129889,-122637,-154333,-114730,50551,60122,158691,191874,-321455,97716,279103,121759,39240,269073,260167,26146,274314,265749,435702,253407,253965,-37432,195969,54431,66040,69252,184745,80996,191705,31722,187609,144466,-62854,-42100,-260361,-155875,199196,215558,153597,113920,-26081,210622,22508,140127,54414,31444,45967,-147368,30372,-24697,-128468,126216,36037,-134385,22007,-122571,136788,-67614,136260,314743,53445,74447,64206,242033,186704,61960,167378,-54034,203462,167137,41588,111427,-87174,169250,127784,50419,-176388,-234518,-131932,42078,-23790,84034,208674,187068,-67966,70294,18803,32628,-14012,-31392,88474,164224,-31199,57314,55829,119870,39692,105369,-57421,216859,93917,-136434,-119131,189811,-125740,51583,75700,115714,7350,-169323,-126329,126804,-92355,-152547,-129055,225714,112028,146383,30316,-87291,74074,252999,-3058,182289,60224,-111125,-119064,-8048,124031,192062,-54060,-95709,139747,-156532,-143476,5210,-28771,-218880,81020,10055,-157003,-138847,100027,-36402,-29198,-148747,21493,67652,-98432,78792,169668,-41520,120562,297291,346204,251654,327446,71071,220774,-25618,-120795,25409,-56797,-17446,-97152,-118264,245618,99641,210463,28316,148814,206076,114763,328291,94189,303697,-68918,197636,-77827,-81228,274788,122902,230448,73898,-33675,153236,38221,140940,-136103,107485,26455,144356,-114161,-115449,-42844,133320,110303,-25171,-90322,-37516,-194526,-111829,-2287,100925,-2061,-29206,-80539,81373,169054,115146,-17537,-170118,44764,-94324,-79867,14415,-72499,131302,132010,112021,-109365,35641,48298,-22641,-101581,-13816,6731,-50665,196540,49516,-139435,150600,-141465,-87740,58892,51503,-16163,-199791,-52810,-12655,-1820,107705,131782,-31291,-112662,42321,-60092,-65315,-149553,82434,13053,77916,-147764,128448,-77912,-36555,106637,-91524,-98602,19984,-6425,-88950,102983,-33936,-828,-221007,67314,153400,-10279,73402,173016,94220,197982,-90948,72858,-210821,-20678,-5011,-47708,37823,95622,-135337,-40222,9777,95096,-174716,-115256,79002,133106,-46131,-55055,-51660,-107957,-154372,83175,-96481,60386,259215,104365,-30806,153081,100024,-85966,136812,96097,3609,150690,6796,-66613,-155035,-111163,73247,102921,-49226,61422,-35966,-1343,-9456,180069,-73387,16431,-88363,-195891,-112042,208953,82339,-52018,47197,-113441,34106,176163,16801,51454,73947,-84735,-146340,-106318,115871,-36993,33742,29850,-7183,-96638,67333,78645,40921,-48945,-77211,147808,-129029,57549,-107894,105587,-51865,-61295,29640,-36041,-44041,-11654,-3920,178865,153515,25063,-14198,92002,216088,-5178,178787,-33671,-122748,-97651,-122607,166531,-11276,-240145,68239,127543,-39423,-94652,-106818,-99300,-61449,126712,-23654,18540,39863,104733,-156974,-76277,-136988,-150043,89467,-227485,-82797,-176005,-177542,100311,-202607,95624,-62515,-69921,37959,44385,-92167,215415,98647,-116775,-100895,-210270,48534,51960,41382,-227230,-50936,91972,113073,-86181,58704,88524,142352,195446,-211705,-95335,61722,33859,-41599,197062,-142873,101558,260738,-33367,192920,214864,215862,16495,262082,88887,105811,-30722,65209,733621
133532,182883,10254,182356,162488,65349,65816,36981,87070,5521,-13679,54838,105784,-70811,-73572,116420,7743,103179,-82339,-100661,45177,-113182,-162049,74844,-45815,108101,-65994,53590,-32548,-81695,50443,-24132,-75877,-78029,2893,191438,79550,-50879,-111331,179606,-58167,188438,166758,-111394,12296,74343,87927,-123795,78159,616,-98848,-60810,97363,-45147,147707,-32448,-124777,-79424,-60168,143072,171655,-167005,92168,-156279,50561,-43896,116554,163321,126472,156978,57781,166659,61117,-12478,78269,-32709,16040,-24359,194106,-216992,-151149,115269,-40737,-176899,-108099,50415,-95623,-101325,97412,-76911,208478,-172869,25882,-84835,85595,-65425,-216278,22130,-36609,-57187,-22318,-59735,82950,31385,-127738,102864,260638,249362,-52414,-106341,163884,153853,90890,213013,-95540,79594,74762,26038,-45139,-215202,-34176,-109007,-183276,-106036,91522,89673,59273,75707,-103417,-65881,-91323,59410,77081,47455,-75585,139393,-22470,120496,-145726,-206411,158992,186620,-46005,-70634,-47205,136235,-171762,-145226,-6121,211298,105514,214203,-71898,-130380,-124159,-4427,198875,-100177,134727,-112415,-25235,109572,-2037,53487,55371,151765,-135143,109710,87972,-136805,89010,56685,122233,4983,91432,-101792,107380,36857,151756,105648,62548,126058,140625,206429,205453,46125,-81247,188247,187596,21158,-165722,-147779,5388,63283,65424,158296,-75940,41020,-56301,122069,-77437,-59004,-59505,156210,-19091,-74471,-155359,124999,130157,76879,-130502,70737,137674,148007,29029,-70239,149132,99537,-49967,-66665,146109,141161,31972,115068,70937,-213681,-148899,-75841,-131998,-165146,-265085,-22155,-165753,-181595,-75154,166016,-110342,3400,-82004,132735,2522,-72880,-87856,64998,-120266,126134,148167,159087,-156684,-166860,125416,-138981,-33502,-139685,83300,-39669,-99014,127840,144159,175540,25521,-9596,-101863,7256,145040,-48025,-149681,-110025,-73354,143535,-159187,-182166,-17379,-70024,131512,-138304,-117811,176080,165304,73265,24258,-152111,104236,94276,175064,-142812,-1542,-3924,-58626,95198,-16932,-13876,140216,-75550,134438,-34268,21140,-43321,79490,37876,-85697,39294,32368,-152248,98320,-139022,-116690,-68682,-2381,28726,211682,80790,-36156,84820,-107080,93617,120837,7454,150004,-30263,-109870,178520,-104759,-107440,175193,201466,111480,-18147,-186883,-67353,-148416,-130976,-59556,181000,109196,50339,39454,68754,-49966,131336,30076,-63744,-149971,37441,77969,-105621,106921,-43368,44247,40194,-54172,82191,65067,-18679,68608,175538,162187,226112,108895,123006,27445,-55877,-2129,126953,128809,61341,-160348,-2173,164488,178224,-76458,123870,37239,15169,-98286,17530,239047,-76859,-62171,-88144,28136,119848,-60483,87707,65385,-101988,29242,-124671,-103545,197033,114485,151281,-148409,-111425,115020,-147024,-1527,93625,4543,-79586,112561,218502,-578,-72167,108264,176111,125418,-115751,-2474,-5106,-16646,20119,185254,-97345,36846,12796,-109798,90447,176074,-28237,91913,-35682,6740,36833,-142051,29733,92470,-112151,-92826,110483,91819,118818,14988,-57499,-6267,165479,-71188,-172724,-58388,100498,68519,58949,9312,127356,147952,-63508,-42621,-20594,-112162,7571,111300,132914,18316,89091,122852,-59888,-150610,-46772,-5120,-103651,-30204,16161,147284,-37632,104225,73550,-118259,-59225,113123,13239,177055,-106385,92777,143064,-26590,236660,-111397,55509,-120217,-212328,144324,-74931,238568,210247,56344,-50829,32514,24557,-145561,90011,105760,-83136,-79463,72659,-94261,148501,-168689,-216053,-173763,-88018,203693,-56736,-14625,129374,51323,-122020,2657,197450,-9368,24748,-95688,-227654,-90295
52099,146721,181658,209471,-174205,41101,-46454,21405,-84341,-120458,-170276,-116260,96554,-34128,-101630,-126072,-177915,-199813,15388,-99750,126654,130655,124583,-60505,96932,-84547,29674,38658,-36911,3777,185993,98489,-16608,-96941,-20235,74822,85186,-66403,113759,141478,-102499,165172,4710,-123049,-52057,-39589,73455,37226,-25907,134601,-76648,186778,176961,-92367,47797,-5750,-16202,43477,63639,-204512,179610,127814,-93006,99758,-60794,205477,283340,222972,-64708,-5088,119214,-153050,30913,20361,-136079,-41039,-87881,-144769,-71021,-50232,37258,-120464,-22893,-206187,69199,-268695,-134814,-263865,92079,-29878,-255930,-160256,-131193,-106200,-361656,-60229,-318860,57040,92158,-157722,-265664,-161798,-78818,-124175,25379,-34177,-22332,-181639,-161130,-172737,-41320,-271494,208362,88381,215902,-41293,43301,174337,-56691,-2687,-19659,-129784,-150789,-34743,75159,121248,-153194,-117523,45758,50568,207887,123838,6393,53341,160818,222958,-123755,-137066,-187651,48698,189582,-87012,-32788,14332,51305,36368,159079,-130634,70906,-63312,155025,-20891,-75144,-107631,-161034,94651,21858,-512,-31738,-106709,79092,-32895,164127,-99519,142099,-90705,83610,55435,58650,-114059,-252107,-110268,232504,16249,-11171,67906,-106402,52225,-90901,74316,-104727,187268,-7510,76682,-75930,-78729,-37412,84765,-43189,82171,31100,67261,-59095,172889,87144,177820,62004,-155948,-86059,-71991,118080,154549,-14069,-184481,173862,80445,73264,-100615,-126611,-144524,22246,-123787,81905,57150,63399,141740,-63108,-145316,-44789,-75508,173894,146830,-5457,133997,152534,54137,138585,-65844,64912,-110041,-9277,18045,-237229,-177549,-28553,-256016,1043,-207149,-111814,18526,-265332,-230204,-196055,60896,79770,-72117,12099,-126663,-75207,-12460,-71323,-123753,-23406,-185943,-115981,-15554,-5389,203276,-63829,167504,69138,-117651,117256,11026,102263,19349,-89653,45620,-4759,27125,-34939,68157,-57220,-20708,-82923,-42544,50469,115124,-137085,40360,24962,112197,-78031,33343,-29153,59055,-110476,-138491,-193660,-62675,-36614,191564,181578,-1129,187883,-21575,-71744,-154433,12117,-101144,81545,-80979,51773,-12293,137266,86301,66470,125234,62067,-19713,-152860,155268,-99137,-436,106062,-37162,109226,198665,-54842,165776,229866,115069,-105808,55477,276721,243548,186980,114659,79475,-23888,-56481,-96619,52933,15497,176400,150832,123547,165865,-14140,72389,-104945,-38480,103469,-165749,103378,153944,52722,-68526,55751,-150510,-164836,-182090,-3404,-138261,83698,102802,-50634,-137967,-122271,6516,-175489,-93161,-86470,34879,110432,119119,105208,-42259,167730,235440,279361,212904,84005,-221066,4315,18452,178735,-54923,234176,-24385,-90855,9449,-69740,98511,78563,149302,-128889,81615,55989,171916,95262,-131746,-150704,-132880,-130872,109155,87689,216736,142243,19065,-51433,-63238,151303,21696,-4408,-77796,141824,34821,25714,-49914,-119919,26191,162688,-56445,48357,120459,142512,-138027,123994,200338,12545,-48668,103211,-21812,82901,107632,-65897,-147457,125868,-111109,-177855,-13102,67926,41672,181299,-56494,24199,101507,-1792,-4910,76422,-82628,-144659,-102768,-22507,-144854,-147876,110291,-179474,182808,90738,-107038,-122637,-4340,-12567,208846,30467,62672,-154101,-48355,143944,187784,121469,156490,-34802,76982,-92099,177636,56899,-978,-161661,-91756,-10541,8779,-57347,66083,128675,141840,34137,132321,-151716,-34503,212083,17311,107690,112171,-35658,69534,93435,11992,-78501,64742,10756,-92201,-41725,-9382,-184012,-181209,-124861,-230872,-37141,-36746,166695,-52854,-16507,-163864,126208,168996,-56468,88529,102204,49455,-71413
-223025,258658,193185,4286,53941,-58199,138660,-13136,78636,-186652,-141182,-195472,-42569,-97977,-140112,-28508,62868,-106822,280205,101512,188579,239907,174314,47426,-200133,-203558,-81994,13759,54328,270092,107724,30380,75306,79629,148210,105198,-28228,37871,-79564,-123421,-78541,-17901,-44608,170037,-30160,8101,15589,100358,62457,247316,171750,-44170,-161424,-88798,39064,38321,7736,61211,-183464,-212971,88271,85558,-36212,125254,24431,220502,-46942,-187894,161945,130285,195852,169096,32981,40734,4446,16819,124007,222128,-135137,157825,-97403,113512,377482,-66004,57940,217677,147447,-105127,254829,102273,364916,-107575,304513,367960,124532,-152558,104938,-26612,38921,268274,127594,6212,-218787,-65551,-96183,-22210,-84100,-241959,-115787,26489,111545,-44796,93974,164051,211989,3523,55823,178660,46786,-243452,-99634,-10269,-87257,-34389,-186105,-126248,-200525,-193668,-172882,139226,207632,239771,-168148,40263,343506,124348,-267742,-211400,-241346,-34353,143808,202213,-10163,-59431,77249,207743,147256,99905,-119286,-105283,-818,16269,-98177,130983,133858,34383,-128307,-21831,-137375,-10515,182694,231573,213969,32653,56346,262456,-75596,-70711,-16296,93102,-13767,-104688,-59590,76608,-125224,255356,-97083,68426,260843,62065,-182204,-155420,-50348,12430,34877,219222,-57033,146746,-34842,-50348,-155278,102564,235824,13701,225321,100160,214446,54245,-18741,-73211,-75511,143552,-55036,-80564,-141306,-184008,-79061,-217600,2278,27574,-13701,-140732,-221003,54085,-101403,115231,-182236,-317837,-89330,79567,-63825,112318,99451,151779,584470,198396,-94566,106794,308644,27972,110115,-26015,-115153,-212727,33648,11616,-101173,62565,106574,-79548,-50617,-150542,-167044,72072,140057,120362,-53120,-111608,2106,-148438,-88148,-108777,-130373,79175,-41649,-112784,-53756,183529,189825,103248,-29541,167954,21018,94891,14155,-31878,-186532,73839,-103678,-103393,-172339,-77718,-59609,155450,263014,209994,-192950,199212,147068,-164857,-49805,-127628,-58061,-227435,82203,35390,-28634,-85008,28399,292541,-42681,6042,168387,181381,133896,66482,35454,-227317,85836,-49109,136267,-101821,17761,111670,-179877,204611,102623,-27894,-188740,44461,77460,121096,84004,-263043,-101412,-130967,-84714,49119,56466,84125,177741,55155,213402,124652,250063,80763,-52144,89830,236737,-35922,-243862,-101227,-2844,194719,241655,135464,-220080,-74814,90448,-196492,104965,87755,-4764,-129316,-263822,-272611,18968,128806,218604,-15717,165847,46358,-31622,156001,86849,120492,-104236,-135515,-25263,-95879,-90293,-144302,52985,62254,-77328,-37587,-36876,-144981,265753,109414,136636,-112810,222374,15702,-105633,-133086,224104,229452,42011,33630,-286194,147670,39323,-191327,-139171,135727,7427,-14540,-105772,69171,86397,92947,-124205,-74740,66386,82569,-28172,185278,-160132,128531,-31615,50406,126164,-3939,-185542,193304,-90420,-159909,-110672,313,-2088,-188325,38956,174529,-130515,-192258,145894,63912,-3327,-131140,-129708,-111001,-88389,152501,62845,-165361,-276511,-83651,-33144,-61718,10018,147866,145106,246040,172587,198495,190294,104099,-120942,4727,65808,21541,-128226,-109041,136600,-24460,-97644,-78748,-89701,-20754,-32841,-94367,-156221,116444,7818,85600,-143545,86590,22528,-150192,161796,114242,7830,-124718,71192,240859,-122686,-162925,-40028,-49474,-109254,89049,89031,6561,-126714,-65122,154170,-84201,179552,-122109,-59273,-131289,-42067,104404,-130233,86337,246831,100960,-60509,-121913,-13150,-182093,-71779,24969,-174401,116358,-61134,209665,-30549,224802,-185463,-6116,42341,93249,-153383,-18598,174655,21716,165731,123171,-198652,76913,537409
5276,-14420,-154917,45532,138242,-50027,-81885,119191,-127734,-145485,5557,-59530,227680,-98823,86949,176437,112010,159567,91791,171715,-55839,-137716,-182958,-209067,-10213,66570,-67531,-202391,175583,50046,139513,113298,202865,-73241,-152832,-8813,125746,-106121,-91111,109347,14440,-70476,-105631,179033,111797,-114536,239604,83786,148323,-161224,-153131,-61364,208903,54288,-49057,198782,-215180,-114427,-100206,-20610,66263,106548,68497,-116293,272582,-130402,-126351,-107566,16280,-76295,20105,196055,-229020,-288046,106488,31183,-48228,-137461,-13437,-92129,230800,122895,196233,325245,-53510,86185,277873,247560,-212012,144173,394131,175615,-167907,211478,188550,280429,140332,-204311,5595,77613,-8373,16465,-111716,99971,63192,-14023,73067,-122509,68384,-90423,91391,-101784,7543,18165,-154491,145600,221973,11270,15364,146874,-102015,28817,56406,203711,-119875,-100629,6791,-112706,19052,62495,-37923,-146517,178024,62341,181389,34561,79948,-76740,-134130,206586,2414,-32049,-70809,179906,96131,92526,61680,130600,135194,-107431,-94672,-114431,144192,-40604,27191,-28694,133187,-58609,127390,223622,82288,-146428,-149579,28754,-75470,44594,21746,36863,110870,130617,139085,-8415,9464,-57670,-19167,-71206,72359,86858,-46169,117265,-124252,8873,20938,-32077,-93221,-10252,-83478,153139,56149,233500,2317,172190,-35910,82671,-191703,-71583,48958,-191671,64569,-100425,97530,-139042,2840,148170,142722,54895,-8874,113131,-15689,85841,-29161,-39992,-29049,-161921,155727,-59599,-88342,-55711,-20193,-18685,86784,175926,-17042,236648,114460,89869,171441,-5005,151378,182710,266425,40000,-23844,263159,237300,-106115,-27900,165150,127360,105419,-96622,21269,85721,7640,-32518,21362,74241,112983,1272,51354,-87136,112796,-20175,103282,147396,40366,-17064,-133897,-206410,120367,-78906,-125639,263,-80529,-107319,110663,-77193,161921,38729,-12484,67336,171671,173282,-163214,-202921,-99939,46614,808,58588,131554,72343,-84504,-123592,85078,187280,-117337,26917,119178,-4032,17164,-72201,-24933,-116601,-168366,-1285,24008,-38138,24712,-137348,-32223,-63227,57537,195665,-67234,-93779,-100002,32223,-153878,-14861,85923,-9917,95255,6083,1257,-164860,-142220,354806,185807,-1967,273108,62727,-44774,948,-40633,99080,165333,178724,255920,18562,-103900,42071,-78440,145424,-84215,-28902,-12481,170323,49031,6921,-54501,24964,170963,196231,110073,-110567,-81096,43121,17027,144783,219,-111756,8676,-55719,136818,-62990,67540,142530,64753,139795,42694,-12003,119364,-5208,195715,167399,94777,42492,-113047,67069,14113,20181,-6594,-212634,-129212,5038,-40010,107002,124853,33155,29287,18610,70127,4831,19391,144409,-168564,-147774,-108059,95571,-178681,-211272,-98883,15001,-49043,142329,139544,90774,-52668,-124675,150935,-43927,-25456,106651,94747,70543,-199849,-144720,-151799,-84604,123822,119567,-12669,-26917,-80838,41550,-1368,77686,-26061,55363,7996,-117395,-19163,-180422,-13954,-190448,-176906,2263,98054,129422,119927,136743,29862,-116335,-165652,-97381,156147,81761,54048,94809,30372,13812,-155144,-17525,-16301,-47643,-85786,95145,43545,222438,-124381,-34935,-155338,-55605,-181869,-81639,163588,82873,-199105,-48269,131362,-15790,-110181,-41295,34907,96110,-149788,-171788,137384,-115687,9366,194,148107,-40269,-87989,90329,73143,94153,51890,110488,227875,-105540,-191314,-50788,-21620,-12100,159432,102425,136055,33363,51826,137838,105074,-193190,-191485,-140707,51602,40881,152667,16156,132372,-162958,137743,99189,185241,-130128,-123696,113540,-12443,457828,255952,246070,244599,539919
-84474,32436,85470,198294,25761,-81543,189140,56001,-172909,112804,19091,115582,67823,-44710,-71876,76890,8615,-56333,94470,-55993,-89784,110970,49173,-14203,-3107,-126068,-78372,-99729,38952,95805,64310,-30537,-5221,-79633,84316,-54748,101911,4651,21468,79687,2099,-4131,72563,51531,107307,89698,181486,6085,3901,101589,46991,-109221,104195,-64070,47984,-66908,-182595,-20489,18492,-112078,-115071,-3191,153557,146099,69704,-152043,-153442,47817,-94781,40965,-22478,56471,127998,300540,357558,239168,19461,65362,212069,-123317,-117705,22660,121390,112598,-139134,175874,-100154,158376,-147163,-225536,-44941,-134353,-177052,-105652,-81088,146621,-349244,146758,299316,124152,-80817,21179,170492,38621,-197637,-125462,26205,118605,43049,-170557,-240153,-209778,-73227,153515,-88824,-59805,160299,41044,-31212,-55679,-16128,21599,-138964,-69493,54079,200024,14280,201404,-34091,106548,-100262,46040,-3880,101575,57093,122752,-143206,101901,-167876,-118230,130330,6270,138085,144832,41717,-159549,-145154,-113668,-49138,21297,185130,2229,97778,-144053,-38439,10328,-44130,71879,217407,150215,-61859,51102,136865,-91606,9368,172059,-14362,-17018,-227341,79739,-127941,58404,-17114,156730,-86795,-20217,-66342,-167533,-42836,16973,139184,66889,56888,-108007,98367,-64865,64930,-88136,133945,-123842,-135570,121591,25898,-63293,104568,-37948,-73251,-54122,92747,13500,-25092,-57603,45123,160379,53836,-120488,-115388,13291,44092,36286,-118232,41354,-88372,-112262,-50120,27761,95288,-150346,-58176,-41432,47357,-131545,44270,48580,-314488,-255399,-42411,-71941,-67649,-217457,-181260,125417,132349,144080,158175,-50841,-58217,-126006,17472,80230,-74459,113815,224787,183308,9383,94774,-52584,81297,-156149,8942,-47939,-163164,-156546,-195235,-34341,-98576,-113527,84351,66850,-59774,-91642,-98233,148748,138210,65641,135026,-65660,135042,102840,20331,-38869,18591,82827,166116,-144890,193033,40189,-138355,126187,153071,-37507,-23946,111820,-162833,159926,-114931,144123,-22701,42109,-4752,-101634,-14383,164809,-8718,-8069,-44033,-44267,-103916,-53228,143754,58356,97289,181706,119972,-49460,-68900,117072,2205,-13841,-50887,166525,224006,31035,159198,49667,28226,-84077,-114385,-50298,132963,199253,147115,62921,94095,8432,-87906,-108940,-40392,106033,132929,47887,-22651,110865,-3866,-11692,219979,-95297,-37528,119406,88992,112064,-166847,12581,-108124,227274,43481,200299,146968,-59914,-82147,141972,-32704,100989,-21336,-179481,-41611,-66443,125213,-158176,71830,171890,160616,208189,97180,-20122,195352,-56134,-5487,-82434,68372,143543,246094,-138778,-138205,73540,-69978,130570,-94396,105621,42709,133783,-37754,102318,-166922,96674,45738,197361,123466,55930,-41244,-150574,49134,38466,60464,12782,-41027,137292,81730,54080,-38990,-55279,10113,59939,175061,153821,185639,113760,-66877,114450,-115558,16434,13039,26074,-111415,31406,-116198,-103610,38950,175507,112489,-152066,148190,160067,-78597,3923,59037,-81772,-58658,47386,145575,-178404,145365,-64158,-34552,21294,-95188,-75767,98393,-36706,-158528,-151025,-4363,-41179,-16829,123064,-158107,150693,77058,-75349,-155721,-6881,-60243,-39125,23101,136503,137252,90136,-141395,22013,-16834,239512,146917,185451,-219,11344,76155,-62390,-94450,-88806,-16574,183956,19396,141683,38194,140474,49601,-95394,-190528,57441,-149247,210705,-67539,215116,-38277,154994,-12413,-82740,163671,-63950,-21456,-43291,-178760,-81666,165387,134634,91749,-151038,-135759,-188251,104157,-50538,15263,161241,85511,-41275,-2350,-121786,-182447,31861,-106392,-2596,11918,-91677
145103,186254,24690,106153,70299,158717,61041,-24491,82459,118069,46319,-50533,-151050,130897,16394,-128985,-184144,-254305,-202875,-165675,177893,220127,-45104,-141057,190807,-17592,110298,-40207,-40200,52871,18162,-5326,46607,167505,73389,-123258,200742,126257,123697,-42965,-27096,134712,203889,18153,113614,105890,27425,155579,-72744,84584,-105099,-239122,119770,-41078,-11573,-177866,164953,-153025,-150715,73447,-12193,-105541,-54651,-16104,-26961,249701,-47135,94750,-101991,-88280,-38794,-131174,-33819,-89174,-50169,-61680,137252,201097,-19334,-14618,12073,182713,-233889,22092,147657,214358,-249236,178349,217841,-2047,-117815,64676,24754,118616,34613,-67643,-210910,-27560,202722,-46747,-242806,-256941,32204,124458,-84306,23932,-29449,-108329,3793,-236775,60722,-240312,282726,10650,-125455,-145181,88357,98921,-143576,-122123,77246,-26818,-156855,1519,142488,193800,-28456,118410,-9266,-85388,562,-33091,82995,-9149,67623,115482,83073,-479,-169232,-307974,96698,224485,87059,33577,118155,39228,-193587,6827,176429,238340,-63438,-5830,13127,-42878,-59281,-5941,46110,127206,60992,-36513,188267,209031,-90872,-187463,113415,225064,-96995,-30557,-17135,-227865,-22715,26063,-35882,203709,-30650,210864,156244,129527,-60744,-136241,-24945,152084,-204131,-4144,68432,60881,54231,74644,65137,-52975,150435,-109496,-95110,158176,-14859,-67972,-164320,-19674,-108628,111070,-76530,168691,-52020,166747,59482,117893,125667,132986,143181,24273,-84852,22894,-11328,56025,-210478,31110,86844,-87435,5115,146141,153700,-32614,-20350,73518,-160697,-25498,-247566,-20386,-86301,-118045,-143261,160361,107868,-103395,82279,8110,-169025,-58966,-148920,35649,-171128,-208816,133192,58412,-156037,24868,36812,111202,42619,-127072,-109140,-207204,-110765,-133594,1237,-106411,92982,-13712,-101172,-138914,130687,38568,-122445,-119375,413,-40921,180730,-72921,-58583,191315,-103522,138895,157124,140925,-59933,-176379,143629,65052,29499,-92023,79671,147341,147129,74105,189275,-9504,29766,-30620,65785,140451,54790,-12583,35912,1183,183766,25373,-47669,-73382,-44541,-57591,61979,59615,119288,79493,67334,107932,155346,178627,29687,81675,-127133,-149528,-108678,12950,-89087,251656,-37569,-54344,-169051,-29378,40086,133405,-158130,16262,173758,166696,-186038,259894,69727,-166775,-2650,-12931,73320,3921,175467,-2043,69668,193863,-113191,29412,-133629,-103396,-188592,-123978,-6104,32232,71472,159219,96182,-20188,-47985,-131933,117488,171423,-42043,-197235,161898,89616,-134859,-53033,-32808,-157206,-157499,-135104,140626,-171495,-40900,79194,11188,174531,130031,63289,-241425,56399,77753,60958,18142,177954,207940,59870,-5717,-130674,-54263,11093,-28578,-53999,165913,-183587,-120052,175840,156075,-17455,58132,136862,-43996,-216011,-98976,261064,8972,322857,29683,130484,-99870,-91050,-71564,46259,71242,-145381,46911,-13701,-53548,-95269,192230,133618,210053,11577,-60425,173169,-9146,11099,-47707,173205,-2974,102910,167702,14816,39442,55428,138993,-60268,34086,-18147,204143,229692,161151,126054,-171883,84459,-152358,-48512,-99101,153725,-10177,99626,61228,-75495,-54483,109854,168925,204021,39254,-157583,24054,44860,39051,56422,-39498,-815,-246197,-153182,127552,93788,133600,50404,19539,137209,-127321,-74584,13593,70428,11446,-77475,-65408,1260,199305,164539,-200637,196,16194,-74011,133374,-48083,58260,79606,83746,28682,-72830,159920,154744,67674,-148959,18598,68506,299401,264125,257495,-163488,-45681,128200,167161,102376,-149313,-64358,-33684,142802,59201,156868,-35478,-100471,117020,-35380,-134500,-124018
157129,94492,49652,80863,112481,29607,283,147984,24425,51772,3439,58987,134912,-81853,29204,-80263,-31135,-254349,54846,87946,-398,-82648,184506,179879,-90184,15770,-82142,28990,-6053,35472,224644,169435,-22998,-10485,-157323,-152805,97159,-103688,-20689,59816,-49150,83192,-114628,115521,201730,-40780,94473,240900,148603,188589,-35189,54187,113554,-36660,71043,39152,-123703,79664,-75485,-113729,20669,-8212,-8753,-102147,33392,-5934,226720,-25840,161157,47879,195983,-45057,49109,25187,-97496,-110646,64015,292257,194166,3786,-92734,-15666,222965,324320,-145002,143335,-39766,-142654,218601,83392,108940,239937,-30192,-208676,52940,95809,-244021,113985,89978,262474,-225556,-94633,177814,38356,-304861,-113378,-48406,-79955,47226,-41482,-265283,-218593,119090,85575,-91900,92145,91217,-51595,-156051,2324,19864,145453,60627,135662,107885,86897,-215773,-84324,-4368,142363,340272,174761,-11418,203773,131589,-32488,116888,-124600,-139739,-250307,14708,-27949,116029,24492,-106954,-76279,-54753,-131520,10172,143629,130767,57277,34775,-44630,246676,-54481,190635,65505,12750,-78642,1647,63637,94092,95120,121250,-1292,-121802,160100,245168,14624,126789,27411,-71206,123480,-14374,-135912,-105811,32611,-107920,-167419,-147241,-32410,-71361,-105474,3872,110623,18160,4143,31591,246064,206087,69362,186318,3395,-73763,159519,-173613,-40542,138489,-172039,53749,2828,-53238,166443,140735,59232,-115745,-89678,-36562,79224,-1265,43585,-53973,-18063,-45087,-152635,98418,-88735,134660,-50221,-51255,172285,87564,167446,151623,211313,192845,49464,177037,109332,-56058,-13415,-5873,-102892,6856,-99793,-237864,-38997,-92603,-125795,-176123,-32447,142499,46863,57270,94222,296591,55444,156338,35753,-92609,-217586,18800,-72698,6094,-189304,-15595,89136,49193,938,-70467,-41541,22336,-111053,58485,49769,-151699,-181263,-19481,199312,57665,147330,-4772,184328,82651,-117200,22883,-73640,112482,-122720,70571,70320,101020,-168715,-47947,200331,136222,164662,156346,160172,76198,84651,26813,132399,172600,-25625,28617,20382,158240,-22629,157396,-69284,54675,170161,-169923,17294,95697,-172914,54580,119898,10044,-68280,60280,115912,-49119,-145323,56575,151992,-80482,-154767,126172,-32050,189490,22571,240273,26852,46407,25937,50786,-168212,108908,108933,261580,108826,-565,-88384,-8148,145429,-49637,-192764,79278,-157519,-28329,-115531,106559,-59982,-146996,84864,255234,90669,200481,58421,-37760,69884,144,-60908,42120,-121388,116218,-179895,21801,41581,22654,-53764,-102048,88309,41157,165282,-142310,79903,-62383,140687,3747,34381,-22665,-112535,111325,224970,102472,-2527,174920,131995,-260237,-105099,120008,103205,33782,129645,-20776,99699,25040,44583,-155770,-15049,-209126,-64622,-38416,1088,-173139,56019,103021,-79597,154726,190883,-170802,-24650,138797,-21816,14242,-62655,1596,88689,65018,9778,-63759,80850,-8368,96753,103996,-53014,-10435,73031,-154449,134981,-100351,62300,-65841,-203165,-47913,68950,8763,69189,251796,232912,-56817,177288,93512,160999,49629,-94100,-168255,-59320,71142,-180199,-89565,41654,7944,-117238,136977,65161,167975,42691,150051,-98311,-4640,121800,-157067,135065,46863,39012,90847,215858,-124912,-145812,-127416,35010,-90491,6926,-129133,-110668,-64891,29945,-37393,-3142,12208,142985,230163,172543,32113,61656,-92245,-52269,74939,61958,-131628,-94770,149101,140205,81040,21412,-103937,-27385,72464,149768,126846,56768,-176748,-126856,55094,125134,1393,262487,143198,-23473,-113256,82970,155152,9516,313912,378178,140763,84135,568748
80164,-123530,-103290,117696,70903,82651,81905,74797,-39905,-32596,-110485,215497,-106355,81143,141889,-96000,-74696,78386,-23259,-296500,44098,110708,23154,74931,104970,-15480,127645,63727,107274,-43766,126736,-189851,128057,146019,59531,-120808,59971,182384,124135,-110649,-131284,-82590,10240,194968,65095,139298,-163265,-1318,118216,42933,197194,-157864,-121535,171966,16723,-82327,-71451,146552,263470,212735,-109285,28068,-71128,-82364,148185,144777,64542,-27136,17021,11655,-136510,-123993,101040,91225,-121527,47002,203642,183736,136708,241015,-262480,310055,176488,-49532,-177248,272436,399034,-108760,-67253,42652,302889,-59951,52939,154705,-186441,104881,74289,-321693,-296847,97926,-131101,-414349,-515968,46744,-179090,-259924,-300015,55546,-72809,-226904,-216364,45221,149225,351259,19610,-58606,75242,43624,149805,-147643,164725,276879,71139,-67559,-105027,197926,202168,131861,-118957,-66115,136958,52606,-88960,229613,214574,-133653,-51824,193575,246635,114896,-118698,19411,-14949,124973,141458,46251,-22732,-182054,18256,124592,186447,-79824,-35249,43023,248655,106226,34547,192277,70391,-2481,228064,64187,220909,105098,57175,10808,101154,100604,269226,26958,64091,208520,240135,57416,-37832,10167,108677,46103,288205,-74930,61783,-26838,155215,-40957,-24150,236648,133707,108764,34459,87722,-66401,21562,192506,-92058,-107568,-128738,71786,79976,128529,-117623,112557,58439,-216887,-97301,-69311,-6546,22382,-107022,-208178,36258,183639,29736,26149,116862,-30489,-30019,21268,-17704,149783,323467,-39041,4737,-5194,72645,537613,108174,-41226,-232966,523584,256301,-169528,127664,266990,85831,81804,-131616,139498,-20411,20951,1032,89077,-52290,-79351,-29603,-35961,-71214,28820,-120185,-68903,-243313,-87879,11818,-53400,-29140,-140349,-182912,67913,-130209,-103603,14252,-5786,131987,-108491,-97845,-30425,-81181,137233,113686,-132259,102235,133873,16039,12175,151528,49991,9075,22546,119793,-56690,-18652,20883,292363,173125,-102593,-83758,-27128,-34452,-143307,-133742,-106596,-46083,-85220,13973,-59092,99341,-131717,-61498,109444,-116443,133034,150629,52859,-113860,186366,-84006,-14405,-138519,-55964,-156077,170264,-117973,225242,6201,-143220,-75338,-119045,29962,-17440,71158,50693,31714,198866,235740,-68894,176988,304723,236072,-142021,223835,184871,224743,-96492,222234,90734,-88062,-94693,-158353,124071,252816,-77837,-128551,69121,130051,77398,-85,199396,99617,114356,115527,-86087,-121345,-196463,-65346,-55880,52261,16914,110039,109823,-52390,94195,-188101,173157,151585,-15909,16478,-124487,-30702,111783,194576,92138,-133711,5130,242969,4205,-116083,-14631,149251,-21104,-50420,-97838,-175237,-88182,-236913,-165736,-193877,-82466,189094,248260,41408,198262,-126811,86892,-88483,104049,16823,148572,59784,111880,-62327,33073,-136586,27290,-162522,-45402,58780,140824,33646,-78639,7665,-70882,62217,13076,-40794,36565,-98511,-107580,-49361,25438,106985,-166481,-48283,185780,-20882,64030,-59457,183965,-67345,33025,-140202,88394,-69961,-30043,-49347,-2362,22799,-5871,12929,-103482,-4295,-13578,-93921,39122,-190818,150759,-773,-78066,143352,199345,-79165,172497,252815,-127398,-79005,-16151,221007,-82573,-204807,-18446,182966,-19103,-217528,199309,86497,270333,-191179,-112054,-33309,68477,105489,-109705,-117242,-7967,87299,-57034,109866,52184,-66914,-243826,-102059,77132,-284551,6408,-30828,145504,-172630,-33779,49420,92140,-22470,-150745,71214,-103999,-28831,183438,183316,209687,-134727,-256087,-218330,22906,57298,-79655,125482,-18466,134599,-8880,16164,-27301,-4451,-125130,91880,17191,256010
-133407,-106583,119980,-45638,-182644,-212948,181582,-9996,25489,74581,-9703,92649,44767,-101440,67440,-49956,-75895,-91234,33087,74658,-12929,-114652,69314,-23112,18315,87642,136227,-83774,-73951,-53438,77189,195019,99585,-39410,-79060,-24433,75434,-92251,173132,199192,-141660,-1564,5279,131704,-97200,-67217,257729,117255,156014,-139622,56183,226579,40385,-95744,-101423,-135423,7719,-179299,-49499,25304,14542,-160711,25812,12713,-264493,-225689,-160982,-217861,79435,86139,167695,-74626,-132357,-120009,-4877,-89166,-225197,-50306,-42198,-36743,181102,115797,356906,43140,74645,312111,352400,65276,-189665,128138,357395,333778,-128382,72329,148484,51301,144739,-92563,320038,220055,-5760,127630,-9155,28202,-62182,-203939,-10628,276972,48590,40276,133125,224108,63933,186386,27077,189627,-36218,-254667,-138423,-127707,-85393,-13478,127277,187848,89400,-119943,109780,2710,-42321,123414,147823,84381,-10953,-155455,136568,-87353,107898,-128559,-16711,155043,23548,-169663,-101634,205051,50773,-96880,-16150,4324,-208197,26135,-79871,14127,-244094,-185755,-44698,-95608,279858,50384,-82356,11562,20716,148579,220897,210655,-27998,-203418,-124028,175778,-95347,-28776,-79525,184436,-215130,116634,127606,-28569,3063,97783,16823,-18562,-117999,-31561,-142169,-32053,76432,-35493,-25578,44113,157952,256117,225375,2395,1594,105284,-42319,71251,-99109,12650,-2778,137718,-105227,-162800,77568,-108291,42487,-28878,-71325,87645,-117707,-89170,6336,-64737,-99516,-84312,164360,13253,-14062,-145470,56677,179827,238042,169129,199275,185990,93374,-6835,53728,252076,-73920,-84428,-129367,-164324,-278731,-16974,11583,-219451,-154297,-179876,53039,-198257,-36363,-71723,-10200,249325,-30755,69307,220374,153063,-88168,-85181,85166,-131907,-123854,58847,-152286,-141416,-52963,-56125,145949,57854,-196979,-62030,-43779,-45783,-35771,-1379,-1170,105944,95861,73430,162341,169293,-48645,118791,22106,171062,-179709,-112157,-43000,61855,-14849,-87060,-53682,-3266,-26731,119370,-10825,135438,-115475,-7350,-34857,-97758,-135194,-163295,-19862,80737,54633,-148291,-2321,-107544,-48645,71229,-73703,198770,-140392,19430,86440,122469,121354,-27153,-84102,-15180,-3978,-254352,48428,-139189,-5278,198919,142937,101943,-24144,3326,32706,150717,-118546,-16168,-69971,-98650,-1974,-118961,268808,41953,156898,187821,120617,-87003,-201596,-156351,52924,98108,-97286,46246,-8033,42599,86446,96591,106039,-12417,146811,-6916,12219,103634,65985,-79029,-140969,107054,99190,-39366,142384,-7520,-101649,-36933,-88094,92585,-83464,-103172,-62976,-54081,-125271,-6878,145971,238616,114070,-34780,-161858,138882,37608,-76069,-217711,33756,-136673,-101503,-82194,251098,-101565,133949,170013,37012,-21038,89800,1366,226911,-63852,-63888,32353,-49828,83269,-12687,-69145,5328,91865,41011,109589,-50254,-75575,-52061,89273,31022,-112391,-67202,47664,13112,1100,-62117,47464,-46746,-40456,-106936,-62955,-14436,-235420,-161388,48838,135597,-141721,-77912,61289,11214,-137096,-1922,76182,-42350,110374,194072,206726,-35104,-166281,31613,-100208,10540,31852,-266836,-79578,141723,-12200,-181983,-39701,120747,49108,155186,77911,78869,11065,-187706,-97094,-2040,-106007,-121098,64291,85251,2904,-191265,-13622,20761,81389,151849,-48952,-4075,19457,-3350,178142,27528,65016,-29650,67858,45177,-58740,-1578,159752,84079,-28012,-63001,-17093,-75292,1900,-232306,-147505,-24786,-116815,122119,171040,117207,-24831,58249,-80536,141813,-80835,-115740,136131,179544,186887,-23713,75545,-12481,18953,153445,165036,105019,482291,377393,399572,432849,749937
42978,-112544,52597,5511,72499,-27229,65142,109598,-42489,-222253,-201244,-25370,182866,4470,-68632,67793,-5177,-145716,70319,43371,-21438,-32580,9052,35345,21794,-123166,-74572,29604,185259,269034,346582,374560,-26732,-36507,116364,154729,7627,-119234,100734,-16654,67360,77873,118654,149449,-27643,82327,-29509,-22329,128514,-7439,49999,14933,-56574,39832,13878,51256,-166452,-253092,107660,-122203,-1415,18444,107589,84320,-188177,-170778,226758,-10225,-43425,-233851,54913,-11153,-78249,-76985,-34941,-44949,-57473,-100730,126529,258331,-167408,74467,173328,354963,120107,-25048,4637,177207,-7039,-125649,107481,246242,2108,62529,28677,46109,-531508,-174143,-25548,-44290,-372916,29389,40553,47269,17413,176875,-6944,27806,52482,-73482,-53809,-54400,-77405,-12439,19260,-22577,81951,97206,118431,-63842,151235,-31519,50261,74620,129064,35651,-27923,-39340,273267,78019,121634,79801,45326,-126323,-37037,-26355,-95671,165635,92826,-42761,115801,60331,67837,-4073,-67511,-67922,-50986,-49638,207888,-330179,71972,-100161,156199,-215234,60379,43626,55541,83198,112307,311356,178265,30177,142052,89354,113856,53999,158075,58362,-79432,-113525,84879,48278,44288,114980,181615,115725,152717,-168450,-28242,143536,63727,-195661,-86189,120689,-37881,-153945,31272,94295,156761,-134932,7430,173413,83307,-78585,-13387,223896,-30182,109020,101470,-130241,100174,78851,-9344,82774,156469,-82691,87816,-109685,51812,-27497,80796,62640,80804,-81833,6437,170834,-141070,-220732,52940,126582,-120604,56028,109427,182793,-196229,47255,74864,-101784,-84509,-55659,-65936,-172103,80378,-45878,87062,-225643,45662,38861,242779,-47622,-208476,84785,-121766,128516,-133790,126459,77476,184537,114891,-87870,-215321,25608,-44091,42492,70979,-94257,52278,-68644,28154,20338,132439,63845,-139005,-35674,146615,128669,141358,87010,-130659,-89204,14672,71956,-64934,-3614,136202,57569,100197,-260485,139494,-122068,-213513,-84187,24060,101414,117416,147361,28952,88796,-170946,-132683,-6788,23640,-58840,-3444,17816,92341,-165420,-130439,88839,112245,138072,146244,54166,5343,-28684,-39959,-111842,55108,-58719,113730,132339,-81421,-177377,8012,-116820,-45070,12563,-76257,115000,181381,-92586,142269,147578,31506,99014,102215,46205,-38833,-34267,19770,55287,-8920,171570,56595,295146,-75418,99663,-175936,114778,91630,168347,36642,55207,-106492,-270259,-79400,-8807,-187970,118906,7782,140551,29300,19976,-186377,48658,166250,200973,12207,-54005,132393,-5387,-51880,36764,41994,-177768,-29087,47999,145645,-361708,80534,30836,94131,-148337,125985,-68235,-48941,118542,293883,242135,142051,-15131,32173,14951,12457,25631,-40510,113380,73665,-65968,-12466,-126660,145309,124869,-37512,20362,-48310,-11802,61963,116615,266682,-98759,-56932,-68145,146927,-136229,-119084,118121,89619,22386,-165973,106758,114147,-70514,-74896,8480,-9177,-57763,-71466,-5184,-16003,7603,73425,149858,-137369,29473,27260,117862,-111287,96045,100818,138964,-18221,-48974,34823,211671,-23531,-39128,78256,22886,-113598,-13069,62044,18904,118046,-34941,130999,17331,-177453,181189,73990,56393,17339,23434,20117,191510,129962,-31566,47446,77035,-95178,74780,155072,221175,232197,-30385,-88838,-161070,135942,-142951,-262835,-211986,91513,-67257,-137164,111200,-53956,-43024,-151812,150334,-109520,26320,10087,-51,-121153,164445,-143051,-13394,318585,46499,33209,201227,82355,7289,52961,-7327,74981,-299336,-304176,-190891,-290353,-109786,131523,-52960,216624,-165437,190202,-62886,285969,52220,163976,32369,5351,202524
-171692,95312,99082,-22840,-39552,-31328,49427,51386,53144,9567,147229,-75609,41332,-5133,-91420,14264,-102143,-41678,48571,-91934,122976,-130707,81728,293712,-93158,-90648,109908,29790,-97680,-60826,-41997,-97917,-69097,77104,-2615,43217,107829,-75788,38531,-123057,-16043,56357,-87128,-68053,88302,61051,36461,78056,-28629,-21380,-129959,-115242,17236,-99991,31647,-13978,-130578,-58583,-64748,-80590,46186,-129169,-162523,-120568,55648,-24747,125839,172103,-155392,155713,82384,286052,86205,65331,84441,-103664,15743,-126386,84459,109374,212360,-124550,-20605,306404,291304,766,-405,51781,69263,172815,99040,131527,160141,154452,43824,271102,320866,193985,206800,-22529,79131,154568,304967,118853,120665,126195,331390,360149,128337,281814,142306,119266,167219,-17820,-84110,156812,12608,-56838,15691,226502,-8556,100967,-111567,49618,-171725,48354,30410,-128250,-52019,188218,-142812,-198150,32396,175615,-146774,-543,217014,258116,142326,-8384,-50492,-6262,-52289,142032,42466,-5966,82761,-16194,-76340,140748,27138,138082,-93005,175462,-18255,-110357,-22114,-74412,-106948,83551,180502,-50394,68239,11601,-45417,-12260,179182,199092,-43944,-141290,-176445,-9034,-18803,196052,27374,132092,-28328,185105,141654,105214,62142,-112052,-72152,-25116,81904,85587,41142,27697,173001,11373,-38580,-208126,-25432,-94827,-17708,84520,-35700,-44869,-83155,6394,849,-32331,70860,-38337,-36535,17561,18419,114999,46039,-72548,-62117,97229,-21163,-166384,43540,49949,-14336,-78372,-212340,50511,-97981,-13501,-67407,-37023,113341,-24105,86754,188521,159188,118339,66123,107435,103876,43667,182313,164054,-42333,-65808,69217,-63355,104001,-37762,-10069,38390,259726,26313,148383,178955,210956,38398,25420,180613,25787,-39792,194935,111049,-52243,-73929,-190276,-102969,-59948,-49993,69597,193928,-93873,-40025,-25569,38637,132136,168118,-77052,-120640,112282,3377,7256,74523,146972,-70143,-39673,21041,-76775,-139372,-93037,-191087,-94541,134156,-145916,-147069,33030,-154776,-93504,-71435,95110,-52624,102832,-117550,99058,12340,124849,-164383,158937,-63288,136529,83628,44162,-106697,-149994,-99478,48072,22129,-134221,-43039,-76364,-44438,90414,-86459,73933,38898,-5921,111800,121205,-229828,-14707,235959,-106074,-227711,-73861,-44795,2792,-175547,-52976,6369,-194066,-180683,-4018,-148091,-153710,36912,-4339,133064,-69403,-140895,-137832,109099,-116001,-158394,-278252,-146343,-114334,-157257,19395,-46213,110292,98658,78766,-110996,1567,57662,68397,-194730,-87224,9778,-94761,-126735,-22675,-62289,97437,-82274,-71836,11621,106112,-172394,1582,98239,60303,-56248,36738,195990,-64405,72566,-126274,202173,65206,195574,-74592,44167,-102757,-97417,-164868,-13568,-53748,37346,-7762,178359,178581,-114331,-70355,157591,42130,600,-113289,47318,-120232,126063,147742,-19983,-73724,141952,-52341,105984,-119911,-25267,-1355,106072,154580,-121985,-28021,-137673,-12497,196471,51476,54700,-152243,22052,-16299,147131,-98539,4535,74033,133315,177382,-88124,180100,71836,96303,-23512,72922,-133617,10268,218491,-116646,8390,211735,-58823,-72731,-3197,90088,136491,-211814,-9749,-240136,-85115,6765,89461,80237,-79884,48307,5438,-139498,-71216,113606,87029,126005,-133418,34020,-67042,-170119,184704,41865,34685,-119757,-69631,96071,-32877,-143312,33572,139644,44408,-89880,-87429,-12314,42255,-248035,-133037,-59575,98039,-79221,200736,-40688,-9142,96287,44548,-88947,48346,-181871,-76378,172575,-130249,211709,45017,112681,63781,-16216,-20360,136271,153692,263940,48476,148203,77548,93425,72449,691191
-83931,-79192,146907,126969,59469,-145803,65837,-81974,8606,-173843,-92575,170142,60548,144471,64732,-91292,-120874,-22072,-52606,-30840,158839,71198,-32908,-155161,-21033,148624,-12534,5685,265234,29902,29689,4012,-165634,-57676,163452,104334,-151376,-45400,165247,85594,-9221,122186,-83500,-9545,-144316,183600,63311,144602,-109097,-39228,5005,80312,84032,135221,-65965,-99436,5938,-28750,193411,-165493,72964,-55958,-101335,-97741,-26381,319287,176740,129043,84159,179382,68805,3572,-113959,-211144,-86583,-215542,193564,-175384,166101,199947,144078,-8113,312803,48226,-148192,12811,299074,267585,8318,272127,311109,359382,-98791,19830,-112563,-46028,256080,-15462,-150065,-161018,126623,-210298,-138607,33819,-142935,-101980,13071,-54099,173496,-171606,-13040,191336,-173703,84423,12680,91472,6378,113449,221515,-154569,-158924,71583,-110220,-113350,-160861,-118583,108014,52980,171586,14943,-51614,-53921,-27292,133198,22609,196981,-149887,159274,1335,79317,151016,185518,-50538,-54,-92353,138519,162732,14754,-43008,23967,31818,132802,-184487,282124,206790,6488,171979,-59786,-78777,173570,-118487,25015,131085,-6983,41106,115900,153409,60736,-87109,50462,94300,74623,61112,11907,-132753,89013,-98742,-40694,111529,-10770,-107781,-133464,4904,31206,-25783,-43880,199905,-126866,-10398,49706,48769,-21571,138550,226359,-49166,-142793,107643,67680,121621,-127941,105387,-109461,161680,38275,116447,86544,16443,64184,-240411,-125724,5844,-27048,11499,-158020,-97658,-120957,-109569,177256,-17621,-174478,193632,-18661,-78566,-65599,204447,171874,-75195,45887,196163,217931,132693,26089,82801,-255607,-176085,-273992,43003,-72207,-211850,-323799,113138,-15355,10775,-552,87659,191117,68723,-147295,76643,-117228,31129,-292614,158671,43895,-19936,2284,-150450,-477,45113,81277,99852,165346,1651,37780,-198580,-166904,131993,20238,80817,-119264,199534,147812,-75522,203561,-112143,-62310,-126881,227655,192300,-54012,-94171,-55682,-35841,101989,181541,164761,-50019,186233,20023,170112,-73655,9852,-117702,28147,142333,-6489,-79096,63969,36743,23771,-88004,37347,17313,79148,-15840,204781,99909,-58399,-215619,7310,6668,-109348,-26870,-197408,-231272,-91178,148773,229702,-23179,81158,-153919,144262,329359,-13344,-122778,271391,261985,104925,-40771,67630,167143,-90322,248987,325184,-23471,-46955,-103884,-110865,86802,153498,79163,-125930,42012,-108310,-201706,-47819,85911,-79440,-109881,-47440,-31252,-136601,-179928,52728,183759,-94147,31645,20487,27510,1798,118152,39709,-64648,-147209,-147574,87557,-60142,77412,287163,132505,153354,-107092,248764,-33240,-119977,23369,84465,19500,81368,106449,210973,-69393,-92222,32793,-181007,-106767,41912,139764,31821,-87402,-38582,109346,131718,-52090,149945,70794,-96620,-136365,-77392,-100586,-138360,-73868,-58346,26905,35662,-47368,-144307,-43026,9112,-48101,-5144,106253,148632,-9122,214710,87986,-55466,172665,-61359,51861,-23051,193945,-142290,-193280,-213613,-14035,-126789,-172845,-19525,88320,40546,-35795,136173,175498,214579,-47781,104099,27921,29951,113763,-50947,-45704,-44490,-144688,10792,-58364,-35283,39598,-174546,-109883,230048,-1730,-132365,-27046,-35977,19214,79409,-64606,-22436,-34271,-88603,137173,237990,-167348,59558,138565,-62372,-125948,73677,-70246,-50246,-151989,-45751,-31965,13405,171191,-96692,161259,-52931,44644,-139075,-139508,-196064,-237629,-37227,123026,-18809,108161,156443,-31077,107443,-51446,21854,201231,-13646,-13990,-8520,-148596,91145,157669,49048,96175,84617,205795,-10702,242330,171530,263145,218175,338018,348799,48100,299211
-33949,-17002,140606,160203,7040,94128,32451,-150681,-30133,-119623,-101755,-137911,58947,66322,-28223,-239281,-19542,-139171,41596,-109884,231761,208388,324773,-37212,-25776,-14150,-30907,-57784,153454,-46225,139502,7618,146675,-16107,-16602,589,-39717,85067,99912,-56227,-49755,-92379,-39775,-64850,100166,789,-144122,-58130,-99963,-19029,157997,45077,-116922,75619,-183135,-97045,78841,89396,115031,12271,-26184,-16244,-172051,-198686,9979,6422,-6200,-72920,177122,-63735,157844,-35021,92138,295404,189248,22227,92757,174000,188050,-200372,-49538,259664,242325,19587,-153610,72745,56511,-99190,-64100,358950,-203046,57148,107213,142198,193251,362994,143186,-90010,228490,178429,286109,223302,131211,27902,243823,165234,-148156,132322,17413,-96040,-206880,-26674,152430,129201,-115868,107348,-138857,-2336,-51522,-134798,-93545,201719,-93611,38355,32900,153330,163754,-97383,127933,210649,212435,187258,119843,-33688,-89686,144086,-164420,15338,170268,-160172,-112936,49878,267097,76050,106267,19983,165395,18488,-91034,-145495,-41019,-52797,44659,62495,14644,-229912,-199018,-126317,144382,83094,-54165,107607,-40500,-100553,-184450,-20613,146753,-87613,-178418,-66269,43963,-211561,19246,269455,25339,61497,-181807,-152714,145391,4001,-172940,-36746,-1595,71469,36032,162108,40669,133898,-27739,-47521,-115564,-103017,57136,-143018,-134503,-31752,188077,-29216,38769,47365,-59501,-6017,95204,-51994,19452,162473,-113249,-194915,16769,67067,-116030,-175021,-161748,107225,-135259,-66542,-179010,97875,-119803,85629,-97981,-20430,41030,-30297,132150,188039,-57003,35229,259260,163874,29492,128265,175114,112870,25104,196224,270716,79435,-85705,219371,127848,138824,169758,230286,45477,-93028,59426,198712,-37933,-126140,-39373,55919,-66622,126553,126461,-102232,-89542,-17181,-49571,132372,-55698,132864,149185,-10094,-57667,-72776,25539,-2444,61659,-89026,8149,-159590,67310,76750,-48144,-71350,-131534,-7390,-98834,122586,26165,123733,10163,-185774,49109,186843,185323,16965,-10576,-12092,34865,66798,-122352,126936,-122302,78838,-92885,150326,-98317,48774,71855,85297,51712,66450,-17559,103022,-64692,149469,84207,221772,102610,-90488,-122818,33384,-120432,-103471,119251,84014,85439,-167685,121656,52562,-88647,-53382,-62933,-55709,51432,44494,153400,144073,106989,-76999,-78557,67930,285996,121912,-111612,55792,-138831,-134454,-77846,241870,203507,68037,-176927,75756,69503,-35596,82019,51174,122100,107728,-97217,-174085,124288,-26986,-210220,-12084,-98440,30929,112728,134355,-13361,59790,-173649,-43904,-53381,71306,215250,161600,-105831,242801,167530,35168,164779,126951,52364,73415,32243,-21291,115519,144988,-84020,127944,58372,107824,82635,9270,97655,-75154,-131587,224316,-56664,186585,216495,-186571,-23148,46974,63629,39781,-1703,-107935,114354,101848,60999,83055,-165729,-58453,-171760,97720,-138519,-95916,-138838,130637,-46559,-165027,14081,71153,-150725,-149342,73536,-69240,-37541,-164981,-75767,-102967,99273,-88525,-487,-116205,6379,-52705,81355,148463,-61240,161454,-106508,88258,-47044,-42020,28651,111757,82607,121871,-54048,196729,197931,-22488,-148980,139709,142738,-87643,96693,-25242,147122,-81700,-56798,-132268,200879,112692,85681,-125730,246739,-192172,-144209,133887,109254,-9638,-63532,-37527,-160014,46687,-203809,122966,147540,24656,-127282,-95930,58024,-17857,145744,87951,213817,270582,-95570,97397,-124918,-106178,-227669,-197884,-76573,-173915,-81224,128503,252521,-93365,-15357,223486,-8915,107455,-1875,-2255,-100649,55207,-187487,42346,-111959,-17401,73936,24733,-167464,-219841,615501
29565,5570,33435,-85852,-37858,30979,118695,-51737,169719,91871,52322,192085,10299,181658,-99024,-39816,146693,99831,-70370,38994,-136548,-56482,-179857,-18427,78700,32172,69313,-83111,-67200,-95060,-100136,-26130,-147067,-182474,-82734,-21833,-51656,-91427,-111577,45989,61496,3643,124513,73430,-95788,-7334,176519,137664,-26349,93926,-92894,147528,-119660,-63735,-99042,23060,176560,-93280,-136918,156787,-85732,-48530,50203,-31375,3477,120201,-80828,2488,-216931,-96373,58653,-21488,-101165,146737,-46154,-137638,-152123,-16485,-47138,166956,-66231,-88227,-171528,-146053,94828,128318,-118627,-16368,144145,302729,137559,98765,45268,-50586,91327,-34525,128332,361272,250661,77858,136924,62837,29024,137221,121513,199533,163332,218912,266311,261878,353836,-5217,-127670,-59382,-90875,87803,-182001,-67886,-139055,72251,186092,-118095,109244,146181,112955,-19617,-62677,-41526,-95513,55070,64932,64456,-159988,-4407,171747,63895,109204,51987,188961,-48,-80459,162314,138011,-159569,-35895,-46208,-179269,135591,-148000,-46200,-91926,-102227,147915,4911,-53330,112464,81779,87139,4171,-154985,-239619,68430,89022,147026,-1272,-78430,187179,-197645,184227,51983,-117495,-71336,34258,22563,87216,-174982,-31193,-128520,166,-64198,-118185,-63734,-131002,-100082,-100013,-136860,110693,-119368,158167,29370,122778,135217,-129989,-36751,-28981,98421,-104393,-5865,76368,136013,25519,102890,136593,122516,172700,143881,32168,-3423,-80153,-46078,87810,-119035,51145,-14095,119950,-183354,-118167,51274,115851,82235,100692,88925,13940,67708,99794,298180,274528,118693,61801,118907,94967,146010,-154245,-123472,217584,-141736,33188,72126,-13460,-138929,180061,212677,102279,-40872,-112237,200314,116626,120490,11364,78766,-15023,164770,28623,150814,162574,-60455,-80349,52977,55643,-175413,-29872,112580,-154186,-135061,60991,-68710,32778,118105,-70376,129532,-106595,62736,-186471,5840,-132922,98546,-41934,106283,-38610,-40405,-23904,151684,177489,-32944,63811,-124746,-60876,-55189,-76753,130346,-97378,-14295,-88552,69675,-135565,-194396,-22461,89647,113968,163567,89666,-87244,160102,-136235,-116637,25058,27383,84003,-43589,43395,-200369,-90318,-141588,-9690,45679,1177,130138,-116072,177160,36418,-116678,147310,57183,26780,30804,20418,121312,-76678,153466,-110282,123553,158608,-9372,-178147,56711,-179517,-62348,-158827,11373,-86426,-111102,-30790,57139,48450,47146,-161636,-155627,-61172,47269,124882,158331,27409,-162706,3937,-26775,135602,-44557,120510,-178417,-46409,15048,38435,-99238,131121,109113,-38429,-27634,-36612,-104652,-46675,21457,-59453,204946,141004,149774,-42592,-62987,164168,-108211,-123009,178849,-27327,132170,87584,-76494,86860,-158771,-27247,18039,185443,119621,-123662,8543,84041,34799,-19773,144102,-126318,108638,117541,63383,-31395,185908,-164306,57376,-116255,169325,-147258,10142,100505,-14821,155859,76631,155983,-105359,-39745,-69704,101448,15914,-15082,39941,163329,176583,-93446,189166,118036,-125642,87801,11527,6098,153823,-143254,-113967,-1767,21934,-88,61415,44227,118453,15117,100848,-79359,33893,76983,23902,-94921,9040,110185,-162115,-116508,54560,106841,136254,94322,32402,-173521,31885,140088,-14867,62742,-20470,-30298,-138387,23467,2205,-87686,-30600,66953,-90165,89722,-158692,20830,51694,-98483,25096,36302,224913,137481,-48237,96768,-177060,-28467,-92357,-232240,-40819,-1709,74282,57443,108862,16995,130043,-26700,-73588,-16858,68226,-102400,-80775,10177,-101585,24956,-28559,244407,112165,29081,167922,208398,110203,-63852,248063,96645,48530,45517,291813
-119738,-10278,-6008,109547,-115280,-43033,-98257,62636,-112080,129644,30586,16818,-150280,-126082,-39782,-126355,-64283,26850,-175081,-180355,182334,64982,79848,31701,-76518,126799,55273,169331,97646,155205,160344,170914,-104078,51355,134941,41166,-24120,182893,-50055,133859,-128224,-126661,-36726,74381,92407,-87661,-143717,-158262,-107575,42684,78468,-155087,-181988,185621,53661,-24592,-149335,60925,176177,-80543,134386,-101482,-213916,-53513,209944,298883,83509,-107574,225482,224587,-5555,-74108,70260,10838,-7738,-168433,172437,-53599,-33514,-16436,142001,95458,298241,133933,36222,201741,305543,-174425,231126,458821,92719,-91560,280722,421601,69760,159872,-94413,-148604,-155928,268854,-49364,-1842,-287729,-30202,-161356,-132502,13218,218632,9293,-198956,-47922,118057,-81270,33290,-47386,37207,50227,-126379,-72212,22268,26966,100033,4970,65745,-28511,-137566,-122046,52070,-75734,86222,246818,338366,-91354,9648,155011,115442,-224792,-35625,212555,50182,-44586,2797,176635,135516,-185569,132114,-16863,-85750,-54919,41494,137560,-165547,-156470,127594,125279,-205864,-27283,-172338,-115549,-91953,318661,115193,207053,52990,-79563,16186,205875,-75412,173720,64775,77127,103976,-83943,7055,101517,91433,-46921,-74202,-67793,142549,-8951,-12920,-64704,6079,-164011,249721,-16655,-36450,179966,-135916,-166697,-53111,21103,205011,113509,91116,-4616,-12044,71536,113714,-118268,6082,-18941,20009,70563,-143456,142094,143824,-191109,-154898,146317,-56968,-24161,-25215,171618,156053,-121749,102530,-163140,-70749,-12483,-108020,131411,-10350,255492,222708,-111383,41263,426169,245700,-86171,-41133,110747,113082,91235,128564,-215519,-20357,132841,-69910,20158,-216550,2191,240984,-40125,-94331,122943,-92026,-87720,-40987,106656,-39058,-20468,74010,-80058,-61620,118191,-42848,61090,-147015,17899,194535,-94800,9743,42402,163816,78119,80288,-190075,89319,-27473,-35701,-167554,336,-92390,-46921,-160605,67269,-101174,-17948,101019,36081,127872,-122186,-108972,-129812,-54849,-65655,48948,177114,-2366,83549,109191,199333,-11622,-110790,-86464,96312,10816,55017,-137822,-62,-48402,-87357,-130685,-35745,-16504,-103084,45995,84028,78522,-146979,92361,-199180,-126920,14966,18120,-177324,16228,-8665,112808,116123,350540,-84148,-37641,17356,283656,40782,-87071,215049,7015,-191090,-37952,168109,197040,211807,-95691,115895,-126176,-16523,204261,132965,196759,-47509,-162809,33857,-79065,-75247,208492,-218403,-35049,-26853,-68804,-92188,-15363,-110475,-23921,-7851,102933,73481,-135372,187622,-28499,-176544,93884,-120177,-44065,-106209,141032,-50245,-89876,66740,22113,148853,143859,155754,53996,-116127,-31452,55493,60079,-277038,108177,96827,-121745,4433,-50776,175837,-125374,254755,-23047,7158,21902,159174,162123,-116201,-200301,7690,31173,-47212,30992,-2151,45349,188856,15855,-96352,-105545,-34256,-97476,27939,-118683,-112508,-128902,43472,65306,153309,-24706,-125393,134022,56644,118135,35944,38429,-150531,-8594,164528,104185,-6893,-72087,32104,-127054,170304,49209,-48893,111390,-5966,75615,195958,186208,-26138,-184456,209480,48709,197038,-1437,-30079,21424,-5142,-193440,2448,-71930,154464,-162455,111075,115510,-33063,8125,6273,214955,64766,-1060,153455,-70691,6867,60432,-69183,-94835,97387,144699,-13697,5336,-178969,-118846,171624,50069,-95592,-207870,67697,-64832,-66132,-18048,27367,162655,13575,-203246,81795,256406,68075,15336,157024,114268,6901,13436,-83119,124379,-43786,-106609,-91282,-30232,-121335,-6818,170417,88260,92729,166397,2328,68640,282258,102071,263995,112417,16127,611968
-97644,192628,76869,75893,126091,10665,-7112,-83051,-20360,-39952,-2265,146336,8930,-125102,-97409,153442,61025,-167625,161684,105136,-61359,23433,-107245,-62555,-103239,-55067,63726,54762,19581,1846,-132049,20481,-34577,128951,-24149,-20787,-62489,48419,115451,74661,62892,-110628,-26242,79279,131153,201492,-102551,-7055,-122289,-79774,-112926,91697,-76225,-165853,-46718,-149327,115948,165277,-93334,61370,-37597,51893,-70567,-170976,-82456,-148537,-32448,46199,-156235,-59854,-38409,-75234,-132927,-108948,-29753,-126078,88561,23839,-92662,52679,39499,135146,229524,-19031,168002,252646,84597,36292,373459,93373,210678,24595,80514,-92646,138163,88382,20077,233815,253463,271277,173801,-35872,288171,343338,36505,94050,73030,95979,77665,251984,50498,394433,84670,162075,145706,36041,5535,-101011,68629,-118720,-35749,-36978,61515,-83803,-74536,-90576,-141006,19155,-95237,-8789,210725,141025,83533,73862,143365,-28847,-117112,-135659,-119446,-36246,-6368,-14840,-23133,-174097,15837,-7114,22961,-55626,138766,-24306,239482,-90264,58167,-67750,149437,-152355,62452,197777,-67161,-44013,-59532,238067,241678,-1153,1913,17530,-22123,28779,50196,-183872,101602,-15051,21016,48231,-206362,14164,-106248,-10877,186284,65846,120393,22315,-116280,23283,-47106,-165016,71272,-86253,75457,179528,4821,-149677,176988,122784,-26139,144715,-76011,108770,-3830,166795,111842,-66958,44403,-62512,-179756,58824,-155105,82946,-155411,103552,-114770,-5397,-104818,146928,-117660,-184081,-133496,168801,76889,-171817,-116572,158869,122861,45416,114931,-70694,9184,-198353,-35967,46629,-88198,-203945,122947,-46547,-59773,-22132,124588,61369,-99813,30960,33127,112047,201329,121058,41843,111865,132186,81740,-68420,-170854,-57399,186156,-93159,113144,-83903,-55779,131250,-6732,18279,-42169,-67343,95495,14177,-96718,-86331,-65240,-45429,-39647,-126570,191161,19657,54211,-151187,166901,-4882,108180,-172970,94920,-18437,38095,-6023,-11135,145482,116275,21665,-21955,-7098,144811,152650,181858,-74258,101436,-137222,133300,-66319,-105547,34112,47077,126277,38393,154646,107804,69429,159102,143189,-71654,67981,-120533,-101375,-112283,28211,3384,100175,-109391,67128,-56703,138364,57320,5601,44828,108028,170956,6153,-230158,82170,117336,31983,-158496,6109,31238,-93208,41021,88314,-29955,78195,-86914,-135381,57170,123274,48565,-45826,38346,-139263,-190919,-161141,-52841,54074,-3948,-114052,31794,220853,-155884,81658,48548,77089,161157,-163307,-167062,34845,86023,-27829,15523,132157,-88644,90922,72703,-97963,137438,82366,95319,-45905,16023,158259,246517,186082,248679,-233391,31845,-168929,-110961,-172849,54862,51142,169759,56418,45893,129815,-30213,-133995,-66427,80324,-29594,-130249,-203609,47528,7779,-28112,120064,-132316,-117045,137738,135176,140741,172406,128367,122258,100959,76070,94122,5170,-32581,-93362,34487,85286,-112047,145113,171782,193918,-124834,106873,-53322,102344,20260,-32989,-22674,95622,-145641,-9169,-82857,-81807,108470,-58266,200798,178178,66448,125683,-155347,188111,132139,-101018,-176244,107762,118601,66726,71649,-94099,-33160,54756,-186004,-77331,166846,145432,-131847,-88159,-89052,104196,72049,-35944,-9182,-87362,64721,154752,-82986,-133734,-94598,-32739,-122520,-78361,174455,39118,181472,-172521,-61999,26241,-155721,-116294,5918,72525,-92898,75147,217395,-109294,166123,151783,-148249,-32075,76655,-70996,137872,213955,-109503,-113487,80614,-55530,85043,32234,76236,-18250,-16770,-78305,84196,167294,187761,73612,-88828,-23178,117674,64030,113426,57677,-145967,-78818,255436
-120569,110377,-24062,151851,83269,-24109,-30804,138849,-106205,-122873,28068,-98881,1752,125606,-153961,34181,-8390,-4610,-66203,-61070,33680,18815,44789,104285,-9942,-140551,-66982,53705,-46433,104896,121797,-43901,74396,-90122,182395,104233,-106055,-134954,60085,30616,41174,-90453,182180,-77988,113486,64549,171867,134526,213241,-51893,219722,195741,9287,138116,-2849,-121839,-87433,-92402,15868,54346,86284,147172,16762,19476,-129933,-56746,-175656,-160599,-194933,-45096,-19239,-199559,-85952,-74292,81818,24042,45818,12099,-64427,-99664,-35024,239894,-20886,-74918,-109311,-166870,-37920,10185,-42998,-265833,-23417,-108526,-64058,-68853,-102700,-192827,-353952,-97444,24683,-110318,-114437,-6350,23694,103746,1959,-122857,97737,-4768,-142828,-171075,-291147,-83140,267764,144054,146302,-210134,54807,46481,159300,90339,64295,-133121,66474,48261,18867,-36563,230759,96060,151729,49662,207559,212591,68685,211076,20987,-26415,-111007,-126049,-22969,-148936,-12252,55606,39780,-20012,-105183,-35392,168949,-54596,-94850,164074,-66886,18422,55795,-242211,75476,44593,131440,74930,137633,180489,233474,-33176,-117782,-147868,200559,46988,-7986,-108027,98774,-112726,-184608,-131334,162876,145288,30765,78429,-11152,95337,-6059,-48479,106608,-121482,-137492,188979,-36764,39431,89469,93558,-70348,78726,-130444,128837,-153635,143076,100434,-117305,157937,-125582,17105,164089,-68650,612,30819,120536,-24398,10020,83416,21096,72401,142474,27202,87791,72834,109084,12106,-74727,-101007,-140048,-114513,-34794,12223,187153,65737,-97284,-77133,-116761,-247333,-304325,-147687,-48791,-141280,-51393,17914,90372,-92679,-212517,167524,18442,-86336,71504,-31109,-38588,72370,-51738,-68503,81499,-166472,-81456,-37156,-39090,-56128,67978,-77138,-53755,-145320,-14352,-86684,8863,76731,-39258,36112,-52024,127676,147593,-62076,-34023,-123362,152654,89613,-13905,-149824,110268,50902,97656,170225,34028,81094,26332,154761,-102294,104194,-157200,141607,139065,22893,52557,-8634,43781,59289,156355,9962,48403,-28624,187618,178893,-29515,21616,-153627,-95840,-81969,-83055,54227,109126,45148,-135238,36472,-26206,129248,81178,154121,68703,11015,86099,88181,91838,117593,117750,122449,167515,4764,150113,41210,-35358,-125124,148163,214074,-100524,-29349,-94680,-159463,-60701,-104758,235166,232149,164308,-161800,-67120,-12337,-96219,-108103,-68636,38837,-71690,-187676,135088,79944,199130,164752,32055,119738,-854,-27022,209025,105848,72849,34360,102882,-64638,131860,-74525,9124,-187301,116934,70945,31689,172062,21685,-29273,22811,-52106,66208,107281,-170939,-18115,-3828,699,-68158,57643,-68375,30539,88090,85727,-117677,137426,-22788,116114,108703,65474,-12586,87669,-101463,-120006,134725,-40584,-84761,1630,-15544,-159565,-11917,92469,112552,186964,18221,-92364,-85614,133657,-117274,67522,-49384,-155620,37080,-133568,66364,-57709,83267,80031,143068,169903,117464,163800,31136,-43224,49719,-57904,91886,69159,155431,148562,-154422,74731,134602,43383,-10159,-31765,162539,11068,114851,17775,79007,107929,-145543,90450,87525,-88194,9256,127663,-109031,41590,-65513,-77165,210182,53544,181388,-128969,-47728,-28443,-7142,-177317,89781,-103172,11353,213598,170439,70339,115656,178767,-123526,79716,-77653,-48033,5747,18277,-136867,-140296,-66774,138149,-124468,-40461,-114301,-90323,160486,-50190,81352,121737,132118,147191,-13490,43673,104225,149640,-120143,-101978,-169453,-854,-96267,-47103,63606,-115339,-81496,64360,-55096,160075,-19099,73551,-240755,-256666,-248149,-201180,-104368,-63730,-127566,177369,-7218
-139577,117049,156001,-180405,95896,-84241,55675,-55748,-105441,-182925,-106248,75465,-138165,-113842,140169,117385,192902,160086,-18690,-172442,148742,180455,65538,-67015,-322403,-150971,43221,175426,74536,102063,-162745,-50047,65394,-30690,-139620,57955,188143,-57794,-172096,102661,164460,-79608,-10052,92069,35237,41666,150101,159966,109478,168859,-65085,111234,37156,118853,75792,124837,48778,-97261,-132397,-9442,-3520,-196457,-71170,96715,265548,178450,-142719,148571,33197,189985,29607,165250,7618,-354670,-276121,-251141,83692,-79779,-212855,48030,116555,-19304,-218243,-69568,128560,164679,-196460,17791,559129,179023,298853,5882,3565,16794,167830,-144049,-230946,-241262,-256458,-77538,-208103,-288453,-299831,-218472,-342100,-284451,-193140,196219,57365,40151,-182507,-12137,128622,162777,-49899,75536,176624,116731,-177327,-121664,125014,-49728,-127170,-53459,32971,23279,90098,-87852,85045,3300,126903,110768,176644,209119,112841,-115152,-225013,-4417,-161535,-50918,-67474,203492,-60727,-74064,-46515,5944,-100731,112157,183933,124821,-133505,96561,173093,-118253,-122236,-195554,-150399,-134037,127203,202951,102284,43072,-116996,-153730,216460,-46163,103424,-128814,159127,6384,91575,-136743,45227,189598,-6325,-74754,230801,-13022,-117212,11814,115640,-91109,100420,-7877,109294,-32599,-61087,-167285,3965,-116969,-92508,-114084,-150855,221203,-41920,-34958,49658,47390,-57393,67651,-188138,-177550,17728,76772,-228324,-163549,113631,97328,123747,139605,-128591,-221906,80514,264720,-11633,75994,-2725,-102087,151167,69170,192172,170389,-120420,165622,106322,80516,-62607,168165,216849,-46034,-24098,25646,-161217,-23947,48363,39117,-140530,-130716,-21321,-285297,-339769,-116696,-77362,-139028,-77744,-192267,-129751,29870,29547,-144449,-58956,6027,-111258,75354,-118926,29245,-11261,-24009,117254,-141063,11312,91166,64578,123836,-52617,99959,695,-152780,-209848,-164918,78289,33645,1344,132425,-99800,-154308,24074,91805,-68333,-14606,64293,-190949,-186069,-60513,-38941,55271,-43323,24490,-62770,-41885,-38117,-1041,65145,198184,183405,137825,-145669,123467,61730,122791,-76462,59526,150601,101106,25348,150104,141730,-156825,11704,-72962,12329,182190,-143780,-247970,-141723,-78286,4541,-57948,235909,178983,242499,61180,-43842,-43053,20203,62921,-20595,1777,133470,43707,26668,-102951,156822,116505,312632,14174,143942,22015,-114437,23272,172279,195931,-158007,-91089,-26201,26837,-166206,-189698,-127127,-175959,-81536,-110121,-20036,-21778,-1378,38501,100797,197678,23217,-118558,-83656,35429,-121109,-38039,-170028,-37850,-129374,107272,203430,30264,-81297,223616,-210664,-313217,-143373,102282,91199,-102257,5223,14734,-120743,-63938,100122,175735,-72549,42592,-80914,-79610,-49546,271043,177457,-107763,94022,138382,120269,-129789,-110422,54984,7160,3298,32042,62749,21918,31304,-45943,-147792,170516,115041,-63519,-67121,103859,-157458,-130299,75097,-124015,52606,160162,42240,119872,-181826,128527,-123999,-49105,-15206,-58867,-29759,-82674,82562,-121913,86289,159978,182847,137825,226139,-85676,-47096,162107,114785,122065,-111929,81725,-135349,47252,-113141,-221592,-185171,-153082,98902,-90024,-42651,-101775,-54915,-44014,1520,-106318,53231,-65013,161267,-116838,-73709,-151645,-86042,-128846,24795,63866,173641,-38155,47721,11127,-65204,-74297,115238,118764,-91687,151554,-50446,-184140,110690,-34879,-150510,-194543,-84989,-101055,-94224,172694,280880,4671,73501,149259,14794,-115171,-184480,250302,121883,-40169,10015,106245,-85712,108107,147613,28644,112268,231790,287562,177369,174961,-79402,138991,170586,186240,183484,89616,395972
-153520,-14333,138526,175996,70579,16777,-56227,42022,12554,6719,-77070,142764,51235,19212,-68806,146827,4975,31777,-47145,88687,-77823,-167161,-20824,35956,-122878,44130,-103693,124728,-134302,44959,-93627,93691,30708,44690,100888,5602,133302,41064,-124175,195538,-79923,21719,158836,84302,-43457,-8471,183147,-99332,-158795,85360,-6992,243572,126325,-157173,184611,107710,-54472,-22293,40793,-78717,-179307,-84007,-22936,43028,140017,153955,44051,104983,-99555,16472,63694,192663,15889,163481,115840,112247,102090,67306,-124966,124697,-254461,-183956,44655,255556,-28041,152400,134233,16959,-130591,26823,125158,-165514,-2792,117470,-66810,35616,-197215,-148275,-298974,4186,-181627,-126479,-161466,113154,-346761,-33232,61714,48572,-182789,127927,-72851,68344,243183,163144,165908,125624,194366,-12316,66815,-56136,-16184,196555,81904,116483,114591,29235,85555,38923,-209812,-88801,214273,61398,-145057,-145238,-91891,158608,-10798,162236,-39153,199899,-39224,-63245,-172572,107087,-111145,158570,-28725,-4977,18864,182468,34165,146117,121900,-122061,-80647,-104316,-69818,-55077,91127,11459,241078,-23369,49702,136723,47642,77014,35031,-142790,-33859,154287,1285,-173755,1301,-58658,-103348,36066,-119866,158374,113616,-98294,-85660,-87860,49072,-17761,185196,20778,182912,-75576,-78974,137223,97550,123554,-122171,-64026,-72513,-4757,-106070,43156,158792,178577,-89142,104055,-47961,73017,42441,96639,82679,106485,109006,122746,41851,260440,-52056,202239,101040,91109,54605,21846,94493,15830,21925,-5091,118355,-24269,276034,75562,50939,-19632,92314,124809,-104709,-133106,33492,-176740,-140515,-224284,-102847,-48589,20709,86284,-239703,-143612,-105353,130544,-113372,-111546,182236,-29627,-74540,65055,-60591,11414,108028,191380,82271,-44072,-107883,148753,-8780,77432,-41837,-86093,180265,-44798,-27993,63820,34353,-112915,-146679,-180233,97898,-10851,17313,83871,-49818,38468,-77513,8879,66860,145370,137477,180960,185815,-103010,-7027,40008,94164,-17086,-57939,117796,-96605,162199,-54244,141234,-127464,169071,-44851,-137585,161477,93282,31485,38741,-96918,75099,63495,20990,-84376,13064,-80102,-152400,24501,-150149,-63445,101879,63210,11391,82190,-12983,-147026,-92967,174906,90176,226816,-137934,-78280,97134,75187,-169377,152640,183049,193655,-60711,256299,99654,28598,-85922,106240,173617,122123,268437,58944,108712,-10038,-61521,11031,53108,250562,38747,1704,56952,164028,58104,79791,-81812,-1322,64338,-38161,9644,114347,-66715,41879,56177,68445,87319,40652,-11551,203383,99940,-97011,-126758,-122701,4154,-21061,-76456,-79755,197660,89383,57963,-76657,161697,-99226,40083,-8430,-110651,117083,-99199,-33385,278772,109249,-83139,159349,-81090,160419,77723,172105,129389,-33166,168403,133956,99173,157189,-106202,-103059,9750,-70463,42016,112397,45717,155085,-125407,72212,-143087,-11331,43966,44123,147173,129340,-95143,-23602,-13870,80422,-128727,-355,184294,-61337,-87220,-112349,60034,-41170,47462,44868,51703,-54837,-45026,70460,13332,89204,59924,-147357,-53883,145566,-183538,66733,118936,-107408,-62154,-142059,-38735,-77286,-40142,156492,195505,156519,-7877,-14734,21609,-89219,-6092,-9392,10845,5975,-111358,186735,44615,50168,-142900,111721,157731,-63165,-111326,117046,179122,-2862,-197,65051,175138,10236,6296,-74715,-170933,123415,13235,3590,-81799,8185,-32114,133463,110257,132870,184503,-75541,148046,70952,-227260,43798,121720,-130318,-268716,-181367,-125599,-92771,64721,228179,-89603,-127842,93637,167803,184005,-25013,-207797,-139736,66101,-2278
-24576,55421,1171,78752,-29419,62847,55950,111368,-232107,-17656,-149527,-97680,106136,-86687,145914,201489,-79212,-146321,40424,30759,-69374,13429,-132735,25016,-105752,-69944,158193,-80609,177256,31442,72541,74210,247930,-33298,61908,176394,59884,-174382,-34462,38490,80252,10544,51657,-85846,165244,26960,1720,118641,58046,6911,162354,179984,-26549,-108040,74485,83392,2453,36302,-89851,-66301,11258,-40642,-105566,-77167,-113100,117216,-57150,35504,-10764,36201,-109786,130028,143146,154596,150535,234976,109671,125745,126846,243165,40586,278963,426732,273092,-12850,75060,204082,78671,6955,39635,-25571,-195158,117795,-108449,-49033,-103620,-192404,-36658,301262,232154,-111471,192459,79657,294778,-76284,-52297,58711,-19041,-141135,144,26914,-46866,136175,125861,-80600,-126531,-94671,-157816,-185138,166646,57045,134952,85783,-56372,92732,18842,156012,100859,149749,48190,184661,124410,-5834,10120,-58575,166504,-152090,65428,-26429,-38575,-205899,-161625,-94150,-37931,170340,72578,-157120,-202525,223585,95596,-19097,-3810,3166,-75218,-10503,-306190,45455,-127838,132687,-72653,152511,90160,41889,-19495,73007,-138051,-151423,-59393,-3859,115777,125976,97584,79531,-29676,28900,39251,5124,-1649,-101784,914,99812,117232,87909,133679,122159,15961,-56424,9963,67141,152772,219968,59374,39756,15314,-93939,169754,-120150,88593,61715,157707,-160220,-67621,-104305,-55125,100327,172955,221399,-50690,47799,-161524,-22819,-70823,107662,-99172,-140277,137085,105409,84149,-35013,-93511,214302,135684,163187,4733,-88514,-47380,-73462,141001,-16305,-75468,-118556,128512,-16132,150190,103527,130883,-81801,-108496,44629,-202923,57854,-193617,-5449,147784,-33667,25380,-92541,-8084,-247584,-2052,-193962,-48426,31788,85302,-161318,111829,108875,135567,34167,-32251,-47295,-22208,21896,-81388,-159557,-88706,-114958,-164653,100396,73802,181436,74539,-25950,-138263,-31018,-47072,-28868,-96760,-2147,-85601,119280,-40689,7344,-39134,-86269,-13182,30988,196061,183768,12459,75570,-115389,22706,-145671,-193459,-130328,-158479,-85220,104156,99490,87331,-7581,104466,78567,162642,51524,-4210,-130174,-152265,76831,112751,-63699,73290,-178629,-177857,-165527,140589,237072,244760,122555,174502,55189,78594,108307,-9973,-79006,-17708,-93757,28956,93098,-29372,-28264,-31960,-115164,-90609,-81469,141874,100401,-69290,154685,147249,-45740,-53489,-6102,42905,87416,-124498,126828,-100647,132950,60901,89952,-83915,-128744,-262849,-127052,211828,138185,-176909,194037,-162783,54764,130026,87121,29771,-40510,73379,13122,84383,-66089,-116823,98616,-202664,-97210,-133487,135586,-61255,-101367,-18184,146235,-4518,229517,-68468,186831,154186,88872,-153689,90554,14110,88051,-204646,-70439,-187209,49890,-150936,126319,-133512,40153,-102859,151226,98358,-162996,119550,98287,-6207,-1179,72719,-583,-116484,-175540,149802,104912,-80047,190798,12294,48283,37671,96037,53681,-89717,-35208,-211049,-186267,-54259,-17121,75583,172947,131924,156478,-13298,19812,107563,100528,-114497,126609,222759,21712,-224415,-43866,61465,-111409,7635,52578,-9912,52914,117011,66012,-122578,-79437,25279,61012,-100863,176806,-28915,-112420,-19517,19916,131113,150939,206072,75093,129647,96044,206001,102791,-158652,-206872,95704,108460,-41768,-12710,-16380,-76974,60170,141477,49,-8979,178407,245985,165783,-120625,-216342,-51834,62643,193515,-207084,182378,-104948,28673,39069,-25091,-1604,40709,-107306,-10311,158534,-193585,-210045,72086,35915,-148176,-66320,129992,49880,-18110,28067,-77442,-4884,50675,187502,358065,222957,209593
185825,197346,75351,22614,-91449,-79331,84055,-53937,62908,-196205,107126,37729,147019,-161112,-51453,-87587,82623,-165933,79690,-195797,196979,-103769,231070,228795,167802,-62373,44139,-125494,20217,89791,-3077,-83117,166383,141645,4292,-20674,-9239,-137981,108006,70123,-54307,-101184,144646,-46560,-32636,22199,-114408,-36319,54926,-3188,198480,193728,-99374,78359,26628,-215627,-181872,47959,-45575,121400,126208,90774,-96035,-124973,204406,98671,356141,243932,93441,53710,276837,76479,94716,-103617,158418,62034,282816,-127985,-31335,-13926,-53078,-230942,97001,-70990,-314602,-87351,-95880,-19879,-5552,-27303,153153,265794,-221652,72247,3560,85627,68119,-133952,-114661,5645,-438995,-133463,-163881,-54606,-302346,-431134,-233238,-639,-349452,-208676,-88102,-82030,-371,32159,250487,-23571,110985,36715,21096,-152924,-7036,-56009,159823,183913,87306,-109567,163021,21707,231454,186239,258990,68711,161046,119311,207430,151975,-109847,-149275,-339728,94020,231137,-128842,60979,-3641,171564,108809,148172,58933,-89975,-31355,56791,98435,88676,-179907,-131479,42646,107529,-156720,75778,-122635,224650,188012,73032,118479,258086,63046,104961,-83742,-102913,134658,32133,-87850,-36546,159976,75115,228254,-75830,-95214,57287,9347,-86245,-183351,67191,144977,-102266,-63812,65895,212076,39197,-72494,160604,29529,16846,-22678,150881,-81065,83107,80305,-88286,122261,172882,75819,20086,29760,160801,69239,89667,-160832,53233,185770,76261,-99858,-171862,34657,-71383,140773,-47377,46274,72394,90125,-134351,22057,158759,-40507,46412,19434,-3703,-150419,-7813,-9777,6207,92825,-127487,33301,83120,19707,19335,47877,54096,-4742,72784,203513,-21605,-65500,-115603,-1756,141000,-152332,-130896,-207385,-279996,-3984,-60655,162749,43666,-20128,1126,129276,3879,-5057,121287,-163612,4016,-138453,-77963,-33551,-183025,-60900,-45080,104753,86496,10962,105541,195886,199575,-110823,-63240,-36647,125107,59682,31121,-163034,118927,117845,168249,-96721,142129,-94092,104713,157864,-84382,-96679,52934,-14243,-44739,56498,-155523,68148,-112891,-148390,165390,-4320,-5626,17967,40597,91375,-161306,-134570,-80693,-220643,53606,-15993,-73690,13832,-18237,101562,110889,4719,98518,182462,-35340,7867,19034,-117727,-3711,41244,-24811,-87754,-25628,-152973,-65374,241085,200245,11448,2375,96503,-101487,87846,-5473,19298,-98768,-197058,14030,-144227,72076,-140773,30147,78577,204780,25843,37783,33298,187488,-73613,66107,-62303,122608,-39564,-127237,-109960,867,142418,-46442,136039,14048,121548,-178436,163942,208628,272263,-20365,-49282,-17860,11636,-28704,-145623,130956,217382,121307,-69284,-261575,-142124,-27207,33977,18681,258282,5386,-49253,171205,14223,179265,469,163544,-197954,-32168,-179154,-47891,126477,81459,65892,215505,209034,261274,114649,-145516,25515,-15891,-6158,-89723,-61532,-193652,120049,-128521,44907,-160365,91522,5523,140336,124068,9169,-29452,-176293,42824,66248,-65096,-227909,55026,-123105,-139848,-96939,-87223,-133979,14194,233583,136378,101300,-33961,143643,57017,-101340,147745,-92541,-100829,-119413,-111588,-197172,122765,14965,6932,245059,79027,182577,172513,129147,149469,124219,61592,37713,-115806,76913,227972,3248,149124,-34711,102306,81001,-39874,-128714,-200957,117816,-73692,-77866,103288,136236,-144972,-85572,79998,-218615,-152462,-18806,-53938,59541,98771,-103157,-109232,243332,20608,-36264,-22158,-52853,-46888,-55185,19806,148807,-12907,277528,-60869,-50508,-29454,-36754,268046,34919,-54150,-107021,194909,54897,143816,5683,-14376,3117,-39299,230837,61935
134705,-6457,87928,-35496,-104181,-157968,22945,-106987,7952,-188184,-153179,-40296,-118437,-58690,247752,93721,55832,171740,-33343,-61098,-116739,-39060,85853,191103,-51105,-121570,108571,54548,145734,120546,302543,261683,-134516,58934,-75088,-21083,33340,84285,66210,103864,-212573,117300,120934,116207,-92976,42996,221248,165477,-27671,102284,117882,-154928,-54723,-92528,-102453,-10963,-111253,-62074,-48068,70491,65318,-121728,129629,-150378,-183138,81246,-115539,-161837,-207748,-93131,37781,-30242,-273525,-177143,-126003,-80534,21743,192364,199863,232464,-157246,13446,-78019,-77582,36205,-50678,106860,-281135,-163442,245782,322854,-199976,-53134,238289,174156,-55722,312980,317105,-77776,299210,62278,50749,40391,81135,114569,-3284,-68425,23864,-92054,49738,100050,189222,754,170134,113151,-31728,-214202,88024,-45180,-133572,-93991,26813,55918,165907,40053,-171298,-185614,-114203,159074,141376,258910,-85786,-168042,160933,174064,121226,-71297,-160740,51454,-49048,17830,-43170,151332,246406,-201629,-42467,54199,-137015,-36042,-13043,-5955,12608,-135993,259491,172021,8125,133081,3577,-135490,-22010,49997,183585,-85514,-97466,-66449,-763,40972,70680,128800,-12227,9843,57892,-69440,17103,-2066,-54915,-211928,-15579,-31313,-35351,54740,-5371,6367,72721,-80359,190090,177895,22699,135626,142201,99343,149715,141761,78408,181247,107682,81429,151783,60565,146340,-150763,22734,49401,202652,-168352,-25,113293,-36877,49388,-142213,-145569,-24213,-79855,174368,-3100,4040,56682,-39251,-35967,-54001,169543,235656,8265,69254,190647,218411,1040,106110,-39034,133589,90987,-134801,-11680,-48965,75015,-177638,-87616,-6967,-6596,123421,14743,98434,-122299,62403,232815,-44416,92195,217558,101673,-226164,-239870,54518,110407,114896,14967,273682,41380,85233,120427,-204212,-57503,130698,33839,-93218,34270,-10552,-74424,140921,-88824,38084,-160317,80027,72147,172413,135282,-151247,-180059,-128589,174220,27913,-163889,-96277,-20463,168088,155413,-34642,17806,-105755,27965,153696,-34291,-182903,-97585,28479,167755,-21254,102303,66618,40991,-14845,-120761,8247,24551,-111992,84974,-97848,-148185,60594,-145953,108928,124257,92984,-60001,75183,-127400,-24670,194402,177835,-38443,264328,37435,250886,113532,-246905,-178981,183683,-162660,-79527,-213171,119523,120240,-120552,159739,-17283,-81997,-11347,-52447,-92841,-48709,-4300,-156287,-61360,152246,-31746,-33899,-114554,-221748,-97159,98378,143712,-67030,203694,-192143,-13173,25982,-95556,-201731,141778,42937,-577,-152610,46710,-83699,-48534,-106730,93413,-47652,-31516,160613,224746,172,-121531,75864,-97926,183623,18274,18751,73833,190643,58692,71245,-199982,-126859,-39930,-12169,-19293,174958,47467,-99718,123150,3612,21531,-209411,-171508,-26026,-48450,85861,-156689,61431,52820,28571,138663,150994,23865,51071,168127,181289,-111640,116569,-80487,164927,-8588,37419,-33107,-27801,121422,16115,107265,-94437,-13752,-38497,61306,27794,-177780,-58063,-112232,124613,-51764,124649,-96822,98323,-96099,-39654,-26982,164413,-83623,127031,-8146,82391,61256,-82931,-83227,-71876,-9790,-195161,37861,74633,-38389,-38310,91883,-88490,28206,-236860,-119221,-139891,75494,9863,-39302,61761,121795,-151413,-152314,40755,14791,-7342,-73718,97535,-224182,20203,-38323,-91332,-169904,79649,-67280,-40202,-91291,177139,-80426,138351,227338,131232,-109097,13226,73415,-225604,16231,98303,-69063,83058,45211,222028,26476,-81070,-63879,14403,-30202,-102433,218034,203083,123237,46479,176057,-54116,-160029,165880,80288,46594,184564,-3657,-34272,37984,-8087,181642
178827,-63138,104376,54444,17896,136630,158912,-115248,58277,115666,65359,34157,24653,96342,-53369,30320,105924,-90759,-143582,-113113,108131,49039,17061,214851,78039,203740,13014,101215,790,207382,223564,117422,-24336,67302,7761,61859,-263433,41580,-212314,-84391,39093,-157202,-57059,-64729,-138892,-83208,-114278,-106080,132982,31660,101777,-63993,23847,-192993,-6308,-248305,-140817,-38569,-211384,-90321,-58014,-174006,-54891,-147107,67253,96283,60659,52648,-12742,86382,-157999,-192503,-58969,25787,-112473,217534,171803,144515,-68240,116407,-159150,-35656,-29627,-54573,-80081,-91037,-239532,-153936,-288258,32404,-255762,-200205,-58341,25265,96337,93783,332251,100541,138636,93442,283451,489682,127388,247083,311919,276021,105008,226897,454629,238685,-54129,-45793,-163685,104286,128778,-54213,-72200,99932,43729,-107505,-447723,-154394,-139263,181,-300713,136426,41326,-17374,165678,-82232,102355,132359,86289,-149788,130749,-71530,61459,-86001,-49728,118063,36348,-18513,-83300,-60697,-93789,-69363,-5623,-67602,-76709,-61458,-13864,-96907,-203631,-75973,-158,-253517,-228976,22110,109921,4258,82406,21775,-71646,51626,-156259,-119470,-171982,-155735,-214978,-123110,130932,43755,-257616,-98982,18292,18861,-147375,-76438,9881,-35817,67123,82168,-280177,-71716,-90359,-152631,-258737,26928,-144789,-30432,45048,-175394,16269,-49870,156852,-29367,157074,108300,-24990,161573,164772,39611,164924,9507,59337,90407,110847,88496,-117910,-117777,-19501,-194362,-112759,-158773,-142130,-36174,-72744,-32725,-169728,-193544,-130333,-144646,-103920,-64439,249686,128069,291517,98049,-193822,327032,152409,-87015,191376,175148,206161,88057,-23980,6141,250506,134929,305034,195874,116367,74104,-15953,203915,198113,222777,-24354,28433,195734,111174,108420,72486,131112,79482,-150434,-176801,-144143,-197634,38983,-53831,-119073,8430,-9814,1649,118942,-21650,109948,-55428,-78711,-44032,-31821,688,-134484,-123801,14251,102116,-260798,-125349,-167332,-18644,13143,-96058,-61946,-124591,-155622,-180441,-27260,27439,102960,105309,183134,114302,-127961,-130242,190582,-41710,-23315,116817,144641,-96536,-15210,139089,-66459,136246,-171325,-166069,106270,225791,-28725,150305,-53607,96997,-53196,23496,111652,179542,113940,77470,-116953,29384,33852,-124557,53929,71801,65696,58284,-434453,-11264,-34100,-49574,-267430,27235,-129731,150852,-68245,-30922,17745,-25803,-290706,-166086,-178512,-207055,-259239,-352988,-50597,-234409,-186173,11720,23005,-3194,-141098,-213619,21733,-122833,-240176,-82481,6073,-67806,76602,-92189,-257014,58311,137145,21973,-193064,48407,110953,71714,193731,154137,52941,264969,176563,182812,24198,240969,138828,28619,277162,131566,225357,45187,151726,-94560,-95813,35871,97948,-105824,-185350,94280,-10295,-28776,-36623,-132222,77855,25419,8988,10556,64571,-7679,-143806,-187664,-4457,177753,85050,-79970,151252,-128844,-168320,94300,125889,205133,-98659,131205,120583,-147854,-93568,42635,-52346,66566,-122057,18280,116522,109249,87030,37199,149133,153800,23192,-37864,-47836,115024,-10885,140276,63862,107141,33841,58317,245131,-14266,128175,-2200,91662,230137,44142,105254,-65339,-53746,-26016,-147286,-48188,-192815,-106874,-47228,228521,-315217,-160152,-43983,-120404,-246216,103357,-69675,-68149,58294,-171757,37251,25520,-158,-289144,-240453,-147033,-306275,-31100,-195486,58545,-119647,-28751,54976,33883,61166,-60059,72927,66382,18018,-240689,-241955,-117614,90129,-197708,-186654,-52641,-170465,157601,209808,-89922,-159037,2476,212187,244865,80383,165541,145697,293830,-50454,-147515,3634,184370,59413,135286,-5904,756540
100304,61760,-144928,-80135,102298,-42975,95370,-31414,180330,-128912,74708,-176659,77844,-28205,7372,-19754,-160716,-132440,-37803,-48061,229020,167904,154445,266802,114254,-60036,-59592,126914,-33807,9487,-131756,-21657,124921,-37190,167631,220209,-173702,-123300,-80071,-18392,56003,260,1945,-126543,99507,83927,147168,72330,-96723,-68179,182643,271969,36243,87399,91346,133617,-199372,-151977,132761,-1251,-80145,151804,13824,110988,-253057,-152625,173297,199289,-14863,-130449,176307,-86128,-13228,173877,289854,-60552,-48599,-84862,131526,156138,-129810,-112192,308367,329400,45034,-184871,-69565,142714,-253099,-32393,102695,-98364,-135142,131962,-68858,-188834,35988,252735,156595,87131,707,64478,132617,-176278,-213808,-77228,173465,-114084,-30560,-242148,-41703,-109685,166898,181385,-68439,102803,-122276,63113,250493,-138996,-34731,33595,183391,-78978,-63048,-96889,230135,91975,2687,12212,64979,30047,233219,257000,272437,325447,-71023,-10425,-122507,17396,-78550,-172691,11082,-70323,51257,94771,-71457,204990,62995,-172060,141455,9296,-83856,-50763,68816,-18816,-15571,-7579,131184,161372,-155072,128501,261993,158879,16620,250881,37212,-74504,-99650,-207430,-168757,-205298,81322,145683,-63581,-57394,164006,-124923,-61535,28923,-167652,-124379,-198374,100568,-171330,-35850,-43846,201824,243690,125351,197998,167680,-53304,107236,108265,73350,-39879,208472,44434,20002,-151006,129469,-21111,159007,14936,120054,-67227,144302,-115384,89690,-127753,-8712,49857,-183961,61878,142762,-124084,-187645,-36182,-103305,97626,184669,19887,-65994,-199252,126528,124952,-83139,-58380,180936,56016,141580,-19096,354357,108466,142463,-143717,-55980,126247,-14141,215555,131003,-6059,-24659,252704,253502,13372,47428,-59765,-181589,-119496,-189570,-140627,149005,93276,-26990,-7904,-24135,87737,32816,-167706,-160320,-76398,-120098,43447,-23467,-15586,-84889,82913,103561,166522,-41670,-143799,-145680,221003,137751,-147948,-61709,141553,115037,-140035,15313,244648,-78944,146280,235682,150092,103811,-50280,-51111,-5054,243408,42070,17600,118357,-179623,-96463,-165901,-124429,-63646,-16411,271552,179622,-40939,59279,20002,-153768,145547,52320,42613,-55415,-78195,28151,-132328,-92381,142102,-41905,36103,-22750,-2036,-28078,13366,146087,84046,-111097,224419,253741,31794,-192942,116786,64712,104776,-110920,143289,127872,-34471,-20297,-180944,82501,185051,-167680,-60880,-2644,-61251,-34720,-123796,210849,-116229,-58263,118137,109142,-68786,-86873,118887,89731,-11328,-120958,-132994,148587,65673,-119993,16452,-163832,-42059,13725,156366,192692,-35227,189430,95091,245616,-10473,-225064,162864,1139,-131732,30983,131871,256500,25306,10170,200780,48554,-88926,5755,195857,57958,81635,-82179,60168,27084,184700,-156760,29179,-65345,-139407,198004,96890,-1274,9705,178269,-6885,199196,-1041,-51142,-7305,85569,88888,26002,197,-140960,-73542,122692,95354,61989,47074,182163,-134212,-40868,65425,-41932,-99024,11488,-89714,-63490,29469,40505,77722,-85941,1589,46868,-3975,-48678,338750,259518,11942,-21400,100242,-20501,42415,-77370,206387,134103,96780,-81356,-72597,140077,170440,222712,-36269,-108879,248398,-54756,-117458,49952,161505,34006,-238752,-149411,58165,33008,117992,274332,224586,-119470,-38325,-133577,125565,-175815,-288633,-34999,-259406,-157494,-63832,-28633,-49928,167047,156426,27082,73281,-67570,88985,-22692,107202,-249835,-145638,136694,13288,-162277,2175,-130953,14697,-152427,-35564,272745,8774,-164745,-193981,83873,-58285,16253,2860,89793,-12276,13367,8010,3830,54326,343254,216974,300275,164939,4070
165458,180336,146852,138971,125769,7484,130568,164035,124271,209699,-140545,12862,123317,-16555,-14791,-1754,-54046,55108,291274,299219,37635,44508,45055,125097,160882,152695,119720,-84087,-39825,62721,217921,180638,-44511,-49957,3171,7850,-134784,-145386,89851,-36487,-78670,-156444,17255,-35190,-25555,18168,-121781,-76712,-94996,-94330,35435,-204099,132295,-106761,-85790,-61931,-66871,52678,-129068,-252071,99390,-187295,93693,-102755,-8133,-225165,7480,60165,-187439,-188624,-44696,135133,47635,-231466,65907,-5726,63227,27885,-77440,79906,389672,187004,189072,-77669,343779,107131,77563,153865,392847,11923,295721,-1636,80877,79219,208432,204434,19682,36177,92742,307173,168880,279774,410947,264106,172633,266849,263796,267101,55013,267972,231446,-33108,-209424,-285972,-203078,-62275,-18574,-124853,-269166,-89289,-173782,-215838,-115250,77031,-99960,-289300,-199013,-25459,104035,240082,-104279,120013,142670,105515,-64117,138900,36947,3894,-276044,125354,187772,-123712,-272477,3406,167651,-149419,91624,-124763,-100923,-14746,11214,-94094,-110071,-206704,-292957,-137643,1682,-55663,-1946,-93717,-172238,-77552,-128315,-169800,99735,-162572,142559,70655,-28110,-283062,-215070,66473,-72865,77542,1649,65846,111805,-69858,-35898,-140,5906,127923,-182242,-83350,-23121,-173680,-98293,75020,143294,104226,-136956,121899,92731,-194315,-31498,75895,-184723,-61780,22102,159164,-144997,83673,-98461,-71404,51077,158896,-32597,-52666,-2141,33629,-74388,-24217,36510,-35320,14591,-220000,-15730,-247953,-20623,-126015,84290,111943,-169156,-102579,-98721,-185534,173659,89024,-365284,-146480,-37300,8207,-118412,-199948,53143,-1746,-86169,-209956,-16681,-28747,56979,169991,163060,149399,-51,135821,75417,81344,85993,219748,142342,254371,-155421,-35643,15934,51671,110234,-115877,-173279,-51921,-160334,119631,147901,-167837,144380,51627,-84090,53742,114266,145339,29101,144664,-156816,90318,88285,-71176,5909,-6808,-128498,-116019,111355,-262314,-25036,-129263,184127,-141338,15151,-168782,-132184,-108050,-136821,-97945,-57589,-105799,99436,-60029,152214,-111530,73770,40739,96244,-9856,-185265,-112056,86975,64322,163638,-84883,-98668,-86953,36500,49694,-12883,-153122,155608,-97246,155362,230292,186728,26840,113000,-5451,-192345,-33545,-70962,37797,118127,-85523,-188180,-111600,-292983,-47950,128122,-77667,10635,-59568,138327,-87334,-78276,23303,-66776,-305412,-486914,-81002,156889,57015,-326432,-194936,-81031,-76846,-119633,-53734,-148661,-118400,-166398,-129687,-24724,68860,-6970,109103,99087,-152243,-280511,-207152,115431,-12391,-203546,71749,-325585,-110541,622,84282,9863,147613,83732,22377,-287862,-65773,199813,167513,116784,171581,202500,231621,190184,-9253,55796,123774,-30561,109072,98846,-128829,170717,-18228,45524,39580,-47115,46575,31525,-128757,90981,-62465,86117,-145701,83668,41598,168453,-53249,122454,-38052,-71395,37765,127075,58880,34840,29180,-62415,-148470,134381,-46067,51070,53833,141474,-19136,34108,-98716,148555,-73841,-67140,154203,99467,-49192,155741,97322,90545,-62853,-12215,97603,-89945,-19044,-16380,88394,95568,116092,27038,190677,104584,-105326,-66017,68521,-224565,26334,-70250,43233,-136895,41924,-73883,201667,-283059,-162668,-34244,143833,38866,-166242,-53529,-92169,82409,-38873,-23738,-105426,-169205,-196170,-87118,72085,-229287,-121943,190216,164075,8821,162919,-37307,190874,160538,104956,56550,-112773,-15275,-91690,80999,-34790,83420,-172587,-50969,-187724,-76616,-74661,83306,205565,140700,172918,-61707,-54905,101426,-112259,159909,284636,175081,138266,302479,241996,107416,153075,668120
-80488,127343,-21655,166881,575,183567,199420,141996,-143730,-945,-73300,-177950,72743,47271,-79893,-150827,-74831,-101906,-129340,146789,-47678,-63092,9498,57489,101307,-40631,92962,25675,-137869,51378,-61567,89112,-53176,156715,85961,66596,133976,159614,29268,-54560,160293,38631,-88493,58015,179191,130774,143769,-109693,-174464,128809,-90947,116218,124291,17128,-109537,33052,-10804,-76003,79933,122927,116220,103280,62889,-59542,-30413,9373,120669,155780,-94831,-53072,10907,21724,40821,67539,-56593,95469,-123552,-127143,153812,151676,-218415,-219576,-60044,-158624,-102880,-282786,-168303,106261,-6473,-242635,-133347,100625,-93689,-269807,-113418,117885,-23840,-211284,-80524,-141614,-117588,98255,-160602,-76270,-84082,-296050,-77034,-9272,-150795,-283213,-272845,-94383,39343,-35481,-136279,139306,128257,88539,-101893,134929,-37888,137747,-105618,-105652,47026,154824,-38137,-22256,44717,116716,192678,1327,-2073,31571,-181648,22701,76095,138551,-233896,113752,-2776,190180,-58986,65010,-73667,-17882,-25438,89383,143084,114380,65645,54549,-149787,-15122,6113,88438,-112108,163693,199062,-63830,20714,-117506,41841,-30015,111228,-3560,22360,-33468,-121970,-4009,-81369,-102351,156165,50319,15805,114851,89071,29189,185192,169050,-126507,-97671,141439,171140,99833,-90164,7060,-203,-67438,39702,-161843,-165670,119437,16672,218103,45774,-69258,4694,198507,135174,15256,-84839,-144045,53025,20435,-139693,136142,-13158,160595,5202,103269,-45778,-15123,-129781,-134901,118786,58245,-122738,81430,175941,-7816,115215,-60023,-47273,85937,142836,-102724,-48017,49482,5437,88220,-125292,51635,-164356,-186831,-5290,74783,29605,5079,145361,212830,50286,16452,-18817,-18178,-94078,-95225,-179750,56452,18346,-30388,-195566,147363,88876,187571,167793,30401,-78019,164771,93306,-151612,28466,-115209,-127495,158077,152169,64645,115624,38934,-89304,-1625,9793,19276,-56487,-79768,-22770,-121668,68292,17330,-112705,-112329,-63605,-2946,-27945,-30350,-143519,117864,179332,-7311,-114547,222218,119267,-76097,182318,-24515,165876,-48447,77516,94427,-149669,-107112,171554,-95051,113533,32567,137109,-57258,93869,-85426,94912,106450,-39720,-56544,194541,-145626,-153873,76779,35372,-116258,-122080,147997,-25064,103185,22547,43153,127012,166144,161280,82118,-55739,-181875,-20463,132294,210919,-23348,108984,33805,-12102,-14210,-21077,102273,57659,-133868,117785,-99989,144418,154511,139881,-61618,68188,-135699,-61026,-106368,-72423,191487,99365,-90980,140066,-85859,167822,115684,99656,46971,104392,-80546,48525,20021,79218,-3491,-52375,144060,-62154,-76441,-53972,138063,108994,57586,158762,178174,-61969,-111828,75385,-58242,-114043,-7321,191056,-48720,229189,-151418,5522,-113082,40914,75690,30332,15298,-81462,-124223,26746,-138390,-31317,-85618,20517,11290,-64034,-7397,120627,165994,123934,40205,89687,-51731,-10859,159642,131341,-2061,-142306,205428,82576,132803,228834,-153291,11893,-44383,53133,-25591,57439,110635,113274,51830,5565,107981,17722,174711,220597,98511,-48448,-91780,187943,8880,134802,50132,-78275,-110326,-107326,-123566,153048,21473,-45152,-39550,121563,30028,139718,177158,-11437,150349,137217,115003,-123326,96092,81623,67608,14774,-90590,178767,-86485,-69553,7342,-47968,-95208,40694,89349,28711,-83425,-52171,-83260,146127,-97822,-187657,19018,-106287,59800,-145091,54552,-114453,-89478,-44206,274785,30869,-65236,105199,-56228,43276,-76615,-115598,83921,171101,-215082,81057,147141,-114970,61658,117531,-90241,135512,-204531,-184361,-170916,-26269,-126097,113485,-179805,94070,1000
338163,-10991,-155248,-222406,9529,111512,54758,-6924,-118155,96413,-154726,-197280,-15040,65063,32378,-7625,61743,-61873,55308,-182766,259546,-46805,25427,-68498,-42412,81040,-98460,-1840,242994,189186,43738,5598,157684,-27082,-177171,-110964,169046,-123170,-174480,-193538,82899,-118293,-200313,92003,-98142,-11078,-18900,100062,109941,30026,-222448,-278668,267427,62846,-11219,-156216,144400,24644,-180114,131292,136944,-115619,23063,90771,296728,-101858,-70839,-273566,293950,-147134,-92962,-73943,6928,208598,-117668,-76642,210075,95347,-36627,24155,203368,106823,-53280,146637,313573,48076,36862,-47730,-52413,-23855,-239818,140468,79729,151563,309077,53842,10615,263212,209215,-80874,-69940,216042,56865,-114096,-94976,18693,-249577,-183269,-12194,77051,-31092,-35476,107661,-135298,-288001,-194826,27908,-5590,-204225,-54079,139338,18392,87155,-122696,-28048,112395,-38752,-64383,166725,153227,-8325,-166694,333231,189889,-90312,-70936,6133,-69263,-38843,3755,-42617,92044,16488,109645,159371,61271,-305379,-57325,153793,172891,10484,-234475,-131171,-163794,-195748,-264005,21288,90980,63095,-169107,-2628,-113677,-112687,-88822,98985,-1170,-151179,-229322,-199518,-166685,-77874,172085,150192,-127854,206911,184260,56341,-5185,-156541,19902,48923,117418,16424,-70728,155305,150429,-201587,-190123,191118,-63557,111665,16578,127233,75625,-161640,-64425,46232,-64802,-158822,61798,-28017,-6307,-143449,-75721,62185,-30773,-74241,42423,105441,169028,-245226,38180,57942,-61348,-47807,-50662,-66713,50750,-220629,-176327,127948,125669,-11579,152415,-31682,-199414,-7332,-101707,40179,59604,-15945,75192,15046,-143891,-47399,8938,5074,170042,151407,93182,66649,196455,190640,107460,118768,42337,8470,-94910,-9648,-54380,-140667,-216763,185504,221539,124681,139373,196778,-67409,-90288,-247061,-82598,-166428,-204209,-10384,-21385,-176979,-95880,-61011,183978,55204,53354,32885,154085,-49987,-18269,-113439,156365,-42800,-116151,-230570,180221,-79043,23189,-29235,-23244,112783,157563,149437,333199,136862,-244329,-328506,71895,-145363,-132099,-135030,-61574,-194407,-7778,52064,114719,158507,1421,167502,-30669,171849,66607,-189534,160272,21818,36581,107950,-56035,-155070,-195441,104443,243145,77144,191820,224547,102642,-67301,-406602,-203522,9192,-149233,31207,177285,84152,8049,-139194,80121,11636,176563,111729,-41780,159436,21892,-196766,-55733,42019,-22846,-50687,-105311,-121067,-177418,-48601,19225,149232,112434,244318,120780,325605,32294,98928,-143609,246445,250121,-174367,-13131,33493,572,-182326,-187146,-112918,-67774,-43291,77466,-144738,28668,134048,-73592,-81592,-74831,33141,-193493,133723,7196,47577,-165442,60474,-31233,147918,6603,309216,-26488,162660,-168746,205749,80162,131126,-276403,114328,146137,16910,-27475,22184,130067,28777,74285,32554,112110,-206079,-65305,48871,155959,-177244,-239500,-119938,84374,77473,-200049,207071,36244,118860,85444,259481,23373,-148440,-165921,20941,-64123,-74474,46318,146869,-4436,-205797,-194389,121020,51015,169300,-136075,80387,26890,40333,-290642,203224,217569,-149795,-172831,-92571,-84335,-1615,-87864,-3898,44553,38524,153696,329430,219444,-120224,8611,301194,93560,91061,-221557,-86092,-166287,-206766,-153421,49034,156511,148117,29578,217531,-102333,-60244,-192137,52125,-176577,-188945,-228154,-82143,-32116,66619,96004,-95408,201852,-26097,34584,204154,4814,28545,-20286,189473,166842,-51572,-182777,-109912,60122,-279877,-255577,88885,-54451,-193158,-195554,-99901,-95784,52408,38454,66343,34491,62198,-86477,172576,97253,83080,-100553,254813,133993,81999,98541,532955
-119299,64493,53454,-102718,-196373,15271,59746,-155052,61467,-244712,-11613,14627,157522,-35810,37850,-30926,12952,187803,-14973,-66742,-95194,46685,147908,188040,-51246,31870,160995,-150872,-85124,-165848,175307,-56965,-101056,-9584,-105774,47119,100850,41802,62451,206659,-137702,43835,69710,39817,55676,-42347,153691,259962,-101137,111232,38684,57292,-966,31465,44907,-16235,-154379,15115,109015,63877,44189,-112888,-56952,190467,14955,28352,-72859,-146383,-132,173131,-23945,29948,64514,77743,-122849,283476,-243065,-154917,-198037,156114,152776,-135914,115011,142071,-110871,-21961,124924,468020,-166482,-245968,144124,291240,5276,-20524,220093,34054,39356,-185226,-178064,104571,59914,19305,-167145,-73763,146515,-23147,258952,-110379,78054,49108,-177416,103881,179367,7096,-35612,92603,-51604,123216,-165343,103608,8283,13457,-10671,166552,-118335,2436,50019,312868,152374,-180986,89334,112353,-100522,-74241,-96533,-8761,-54472,-216397,-39654,-33172,-24968,30958,-43078,23279,173746,212498,-91016,-64709,192173,-13072,8485,94582,-150021,-238604,-221117,58033,-37337,29586,126835,147816,-73489,-36782,68745,158933,40911,-3573,-147570,92190,-23894,-289524,-101705,204551,153642,-142366,170574,197403,122547,171612,-48250,195099,-144615,57377,-133214,38965,-101851,143494,20259,92283,-121549,-28584,46739,264352,-2824,167708,-31444,195148,-168805,64762,-4138,-18254,-178239,93107,23500,64718,95810,-120137,3340,154434,-55403,92996,-36991,152867,-134543,14944,65632,-38864,34218,-70325,127384,113124,87060,-89306,95764,154196,183594,-178296,-112358,103147,88650,21348,-13591,44228,-104770,-66794,-61525,174409,-137899,118879,-26884,74030,7433,-76686,-151249,-151799,26725,82903,-20011,-111356,-238416,-225221,-145255,-17136,-203437,-24325,67809,149687,-58100,-119722,111814,-28472,-25634,88589,105534,148075,-190271,-134120,-115305,236272,-82805,-119084,48225,96543,-51911,225657,145616,26758,88586,-127466,-66689,129352,-218865,-204358,-105528,59021,-158707,-56742,-141831,199880,180813,41717,67823,134023,-99844,-46344,-29916,-114126,-131121,-90972,96685,-108556,-98845,-87767,-86905,128530,135635,90388,83184,161082,-88321,-133228,-88175,169524,-146017,-20016,77519,-36892,164350,-25609,209276,73078,-27147,32631,-119443,-30913,134423,-137246,-49357,266608,-276292,-238754,-96887,-6438,-119672,-185306,245387,88654,-81499,-5666,-30157,95255,-131623,-213109,94070,136265,-79980,-84528,113622,102226,-85625,-196682,88131,45013,121707,163384,-23749,172618,3887,-65510,-118682,72299,74027,-203323,-30259,87911,-31452,-130657,138151,166859,56019,16717,-533,144908,-92468,-147932,-152367,-152286,14741,55027,156347,-67989,-188416,-158463,-123770,166413,-177824,58952,-101159,-57803,75250,-124791,-18812,-38889,84220,17703,29801,129084,43356,-18035,55969,146529,-54528,24400,1345,101398,68615,-144356,127426,-55865,-100442,-45510,-109701,36261,22657,-27637,160086,222950,-127850,128558,-145293,129922,-116642,-102421,31543,-55919,-51965,88193,62254,213830,-8364,-147306,12769,16059,-82313,60972,-100514,-105820,3272,-188469,-149126,22931,35756,-1191,-97557,181612,-145841,-194884,-545,-9878,-132736,208894,158973,-6093,-76658,160045,-80906,-92755,-173903,-244058,-138573,-90566,190734,-23632,143332,207242,77152,-3627,-99552,3162,-181589,-95466,-171642,-53761,7641,-71839,46797,201610,-60936,-154184,-21368,109004,30930,188280,98396,-67670,52128,180425,129279,150225,20358,113042,105324,-30062,-7290,-311765,36033,63154,48509,-46976,-36875,-18437,-49211,153963,-22586,154354,-168267,72342,41759,125650,72801,204680,69144,262352,98585
-41547,-116618,-4782,127277,126344,-109376,-95745,-71558,65553,-112942,-91778,-164779,243706,178577,-124579,164485,-10315,-159714,-169284,-38763,-23602,2438,71157,84798,-670,17635,-156843,-186147,229592,-50395,2380,187030,-83800,140397,-15119,48548,3702,-66496,-48319,-152188,51294,-40105,-65305,12044,236288,-14615,-54508,-180550,178789,113819,115683,-62839,133729,78010,95663,9721,167768,86581,-35539,-21353,12475,-76452,2868,42066,-52945,-75492,-189010,-120548,109157,186,-91572,-50227,310454,139187,-77290,23867,46941,274215,-55218,-15952,-70681,228152,62195,154772,-279772,-323589,5655,27460,-182478,-141463,97980,-37819,-212501,-140723,-10605,-16684,41529,98759,64397,84783,-121297,-176045,-209126,143919,-275718,-397439,-319254,-286056,-155620,-285421,-207948,-42422,61665,2229,2315,80074,-46274,86301,202021,11681,153625,82689,17056,78906,-55771,89196,-27132,-53482,-192237,-1879,81483,-151807,-99444,-66415,172797,72164,-38656,169045,175212,-46769,-39592,-151402,-113795,144578,7076,-59888,3739,91377,-8113,-170287,-36508,22448,153691,57999,14846,-139420,-110881,-9222,117902,35363,-79988,74650,-119826,15078,-145964,-3436,-68565,99109,59988,76273,146152,160709,28134,-10960,-28156,-14920,14209,58840,-6214,-27096,80175,116597,29630,55510,154785,-68977,141945,-194087,71907,-37812,-49109,95784,116605,-24795,-35472,260575,163362,105838,11118,115327,20539,142133,-106485,195141,192805,-59445,56266,12823,142672,201942,160170,-59271,73215,-50579,-111295,91146,76939,135296,18868,-220126,114107,198601,135337,26391,-132258,49591,-185264,111073,158487,-10246,-32397,-3164,231282,-70913,-161104,-116764,224791,115997,173510,168140,85390,-182255,174470,91528,27115,-60695,-76021,62546,79052,-50219,-253710,-65101,213483,140469,186286,154406,46152,125136,73262,-50791,-130708,43881,-66402,-122003,247,-169038,-57425,-5241,97140,158715,-8870,11520,8336,-23629,148793,-8175,-100192,-90828,80257,-24498,143245,191277,136337,-144698,40658,-77466,186947,140319,-147445,-49443,-95533,85527,-10140,79308,21139,-45220,-81061,166509,-69980,-13677,101394,131741,104632,80438,-157068,-42387,-128828,43378,242528,103478,-51857,-100251,-56020,65012,15588,-12961,188664,-70844,-73442,47650,-33384,-73582,31135,6632,-60259,-48266,-93964,53537,95729,136091,-33778,38433,17636,-53687,-64844,9455,-58590,186593,-60081,1830,188088,196987,180211,130790,-100891,-135449,18549,-162834,-25886,21134,-99867,-92889,-39890,145894,108004,37580,15719,-60028,169134,7023,7363,126515,61511,-65124,41385,166550,200156,-18048,-181753,-118795,-35717,20676,-42229,43129,-105389,-103448,-49476,-44313,-190970,-73684,115205,8082,-59316,27141,70454,120637,200463,-59708,-143327,-101479,39803,168137,-8214,-109606,40779,202228,-150578,112516,-77483,-23511,-56472,43152,-7667,-39314,-10037,62006,135667,104179,-7319,-27212,-100692,-173982,85515,15254,2117,-49511,-60416,36376,53219,89354,98902,-143108,97348,168585,13556,10210,-74090,59773,-119492,-131495,-124117,-3617,-118535,-47186,-41894,173201,129694,105421,230177,128006,-6660,-67653,55648,-12408,158499,-52785,86873,81076,188583,95493,96789,125314,57219,-38610,103514,-169978,196232,43202,238730,-51348,11154,-3975,72693,-52754,101828,-38448,63586,71318,206712,-7185,-45883,42496,30241,-98934,87095,-103676,78394,4623,-174946,-143021,113349,20210,86923,191878,-1170,-138709,-131190,-52189,121589,76414,12167,-64603,65336,-52253,199320,-109899,66995,-6966,33677,52545,2440,42770,-56244,-144611,-71438,-37107,-270631,-14729,242896,-66607,-26272,90542,-3129
67966,-26631,-130194,89615,112138,99601,151598,138864,68942,15257,-11410,-19560,215452,-64293,120105,-60050,-134629,-65842,-94697,-30264,-20692,-30000,222874,187987,-40659,-46862,-199524,-281299,106214,147725,47650,-99470,37141,-22589,-43864,201865,107935,-73029,135723,96993,168271,13020,19391,-121567,-98927,44197,140133,-41137,-55643,-42097,-128503,-107083,-130430,-67104,19335,170077,-119372,-172086,6472,-155487,34898,78474,-80024,-136450,-89402,157185,266727,51349,-51615,185718,268174,221142,60613,-133670,82161,113382,152957,87264,54669,-68559,-446045,-256366,244050,220983,-137315,-84669,-100109,-11926,-19278,-229226,75440,-207061,216410,68931,-97192,-169052,29216,93790,-100149,-100932,-314811,151512,34273,-279236,-15858,-12259,17897,-332082,147069,152439,-191075,-74057,69693,-36329,251765,-10499,-151263,76356,100358,-33008,109808,27283,182909,-58088,-177629,-60558,-199722,8456,38235,-50118,-52319,115721,15141,-296941,-40451,170511,303106,-118718,-65226,-61156,235633,-24541,86723,-38951,-91265,-144373,115599,11639,62627,-365594,-145234,-38669,153062,14366,165142,180794,164807,-23814,81232,-46123,17684,98724,225830,41159,-246885,-36543,45514,69860,-72282,-64052,66708,-20809,106314,-96302,47502,-14650,-136655,-229080,168541,76639,-70675,-182520,-88682,-97662,16194,54452,15126,233962,217602,8149,-32862,-71348,48596,-34241,179506,20132,32327,85710,-97249,-117735,30826,145658,-99761,-145446,208065,131008,-37906,-51234,-23875,-123719,-85136,64457,-34800,-105516,-180245,-72233,39137,-69532,-118631,-145042,-177505,-57445,84401,-89020,-95041,83810,317651,137215,-49894,206368,397164,308048,-218702,64820,74695,-170889,-186752,-67905,-81993,-69895,194423,217891,-134293,27219,-108732,193968,18530,66518,-97408,161085,32279,5178,-68794,66838,90874,-148071,66878,59193,172766,204041,-120112,-21872,-16714,5019,111064,20214,149929,-83324,-38346,-181797,-140163,50817,-130113,-16856,-138111,213090,-58417,-90050,33075,75625,-7401,-136554,-174882,81631,-24149,46709,128989,167695,99146,17376,57154,-21544,66801,-35155,96032,-120172,95436,26038,83701,117367,3160,-86855,16327,131232,51876,31160,200943,60324,-3944,-6727,96669,-158416,245644,-57944,136071,6977,158556,159885,181329,-149453,-25224,2014,115131,58191,-97555,89509,65960,95486,93547,-126704,97243,146837,108727,-82021,-4104,148530,-205512,-215395,122395,124042,103320,-152583,96807,-99137,-43483,-283229,-184388,-265703,-2411,17216,-127838,61772,-71071,-220955,-45063,239144,106172,-69251,-178924,-127940,-76403,-203773,49888,16687,117114,-171692,-80019,-80148,174697,244651,162278,-48852,180259,213811,-27868,-19956,149356,311564,49493,200230,218418,-58625,-75849,-196933,-80901,-184548,104374,198277,-158248,-77653,145610,-31615,141220,-66641,-42937,35897,22246,93910,52649,100725,51462,99937,215945,-46777,-51994,62635,95516,-4390,83346,54243,86475,-46302,24837,183879,66157,55149,-103,109349,200753,178948,-76220,-159500,177672,-12042,-117782,54241,-32965,23915,248342,66799,133080,84605,148046,198332,-10019,75732,-112740,86547,-41752,118567,-1665,-44130,-34218,-111780,183800,163579,-54254,-145698,155116,-264273,48373,167143,81102,-171202,-112943,131647,84744,22583,121377,-74009,-21937,132071,-103071,-116005,-57039,-29126,-159026,14482,41259,-61897,-104157,-213132,-128617,-189564,39744,122010,-42399,-31296,13265,16505,-217854,7975,-36484,124786,-288796,-75523,-66393,214583,-81994,-164445,194436,181410,-16201,-153983,129347,205619,-247454,-182511,-84763,-212605,-118705,-106929,45567,174990,21691,92853,13518,56038,131615,-16123,140480,65011,-47782
169906,-61866,175004,49222,114043,78336,164297,54630,4840,141310,53833,-17822,150203,-286,194344,69494,-58716,99981,79759,-20053,-165132,217249,259669,88663,-40868,177747,237489,-128356,-132314,41241,169895,118292,-163712,-162758,-122363,76549,-24007,-18199,116129,-81312,121644,-82850,-77800,-90289,-85512,-359713,67423,-236253,57568,113039,-8858,72530,172224,51616,-12670,128760,60244,164699,-113565,-24580,-56905,-52341,-68872,102442,-126271,130903,-104386,41639,12147,183377,-58586,-42492,-279384,132322,54679,-26984,-168173,239207,255377,-89154,32044,292696,386791,471793,244598,221407,82886,289695,63781,112249,-119402,116840,-49556,47899,-24190,84914,161739,249207,6867,55800,217210,389954,230857,22,470241,153624,205251,27569,491000,490109,329532,168587,139180,-77852,-28852,44996,-272798,-31827,133063,-111464,-157011,-189797,-39666,-104379,-294937,-128677,33694,-71688,51263,39490,108543,149103,-31990,60276,-78394,230152,182689,-113689,-18862,220092,129827,-218649,60813,116660,49999,103651,-138337,-51398,298350,-261047,146789,32732,-47097,-318374,164959,-224137,34953,-193819,-146213,-182679,100104,-65794,-45161,6890,-115592,-1136,-73658,4843,4097,-108628,-72278,-77684,-33069,141353,-1799,-28244,-117128,-103162,-83339,-155856,-109016,-123546,-114120,-191175,-222187,-210045,42157,-115209,-49783,42608,-347306,-120064,-10892,6850,-143064,-20115,-154572,61015,28229,41203,245535,79028,-73853,-161350,78192,23944,-142807,15285,34110,-23199,-98642,99859,-29504,92421,-259337,-138296,-65167,28200,-239185,-16490,-134775,-404788,-387406,36324,-46615,-33006,13214,-24364,-131167,351878,197392,-57196,-273775,169546,81547,114391,-411264,-87489,10277,-28256,-22328,65684,-87417,3494,219831,116935,149635,-58404,342206,24838,42709,76280,96500,58566,158888,23196,-100780,123885,-151594,-78462,-76583,59069,97615,-130426,133990,-92151,33497,62049,69852,27128,-172483,58702,47940,112149,33211,23139,-103212,-67304,181450,-144642,-48129,-159558,198319,72729,-44963,-109368,-138447,-45206,-92972,73775,-140284,60591,111553,187053,-80974,-86059,114437,-54241,-112088,-118469,50535,22710,-8373,-170892,-93937,87203,-24969,-97806,38838,104088,84637,-76584,-100461,-7847,-38288,-216745,214150,66030,144998,-89697,-50425,183470,89139,-17904,-284336,50034,-94358,63311,-70106,-43694,85556,-7501,-260702,-195608,142179,156009,-222551,74794,-113078,-183582,-120880,-211399,-205638,27326,83120,-316247,-203242,-92542,-26919,-380180,-270839,-57219,-120215,66634,64553,50982,-229653,-136425,615,-94259,-115844,-244916,-90361,-135352,-12307,-283199,-133238,-32190,-4744,-106792,-31680,122131,-39038,215492,-114549,43580,-7518,102632,178490,74659,53849,-44450,58641,-39765,-26858,22961,99721,37679,-71715,-69901,-58605,-41178,61229,81228,-7138,59589,119439,220632,-16627,-12125,-160294,27275,119028,7704,-94762,-125967,145001,66685,89334,173713,181145,-42790,101929,-98128,168901,10088,46588,-61437,108298,-75146,-5294,-27945,-148286,20281,101514,131709,-122505,-5468,122433,84843,43382,-110968,14005,179390,-68437,-166159,-118684,-27597,64951,8486,5351,260542,71330,56397,-79881,239881,-5854,177210,25949,-91988,-45006,-74034,14504,3879,-113008,-163942,44769,-216961,-47836,-132781,156252,-202240,-221372,-146706,-86903,-127543,77080,85349,60672,-48353,-204089,37592,-155952,-204228,-372418,-185808,201628,-240120,-99400,-109571,-66976,-39602,94735,-12976,-90236,-138476,-187028,-121698,66949,265156,-243859,54411,-52669,-208031,-152264,-208833,87504,12485,110088,20644,208802,198276,88293,80971,106404,354177,-86618,141351,201948,-58703,-267790,-164668,749873
225045,-60288,-110965,-119780,-57189,106144,-24025,-159160,147920,-61140,140111,51097,79464,186271,-153687,-18126,-142219,-6126,57690,177075,203029,-113000,-149796,-23408,-85029,-81876,-251945,-206216,199107,-20101,66459,-121699,41044,-54841,-37501,1706,-37614,-50312,-84146,-68480,129714,-20403,10321,-152062,-80528,-1756,-133893,37366,-88950,138401,-223808,-115090,129933,-12357,-152942,122411,110169,-29738,-210428,-89793,83912,-133440,-172278,-174920,3448,75900,-145231,-58285,-27737,-76310,-56083,-138321,258647,182402,-217814,110672,59444,51183,-285042,-146035,261519,175481,-303097,-105310,145147,89433,-157488,169592,246230,-4534,32748,18951,299008,128814,236283,86129,418614,469902,345034,247615,20081,-81130,4069,27338,-31972,-190453,-159615,77673,-4645,2329,167527,189111,-37118,-152337,-129722,-74347,243440,-89570,-4710,10543,157524,-71963,195174,-26999,175263,124792,-291642,-184425,48776,129469,43223,-96989,-63861,-149537,-95061,-43407,-125655,144270,-47440,-207112,195549,77986,95138,-64113,154428,-170974,52952,131564,-154394,-196667,-135977,-18659,-74041,23961,-189333,-186110,201115,265342,-11976,36310,65394,-115505,-136385,-177159,128199,-120010,-298680,120929,-8277,85061,-126378,19016,-20282,-17591,-37963,-138544,53159,-83786,-247515,-181929,110546,31302,-67990,84082,20269,61159,-5003,-258787,-17772,48436,72448,-97354,88675,65620,-111373,3335,175640,83987,-105944,-158894,-33466,-69367,128891,-164622,206896,49629,117504,54514,61000,-38797,32147,37231,3749,-181929,-23903,9363,-95158,-114228,-40531,-156375,-51240,-11465,160205,111585,-253955,-5553,82794,225881,99431,-296166,-134450,-202925,186235,-47894,48850,169923,208372,-111123,-88906,-109131,-52348,-65422,71905,-24429,25383,-244313,-116186,146201,76312,-80389,77250,9703,170946,129789,1262,-59974,76492,9111,-45688,61051,-9026,12972,-40290,-101198,54130,-200421,-249697,83204,-18101,-90252,-103333,-17039,7244,-31994,-81703,-53711,30235,63020,-135050,-4483,-80903,-128494,-146906,-116314,244887,-33355,-10320,11558,163947,-70828,29667,-133514,125899,25872,-229129,-78843,27648,-13155,-37433,-52924,107788,-40836,62523,-21842,-163935,-70800,190229,37531,-46979,23424,-122927,-214530,173152,-88725,-279092,51268,113814,96098,-22969,-8111,6998,-2607,-443382,-20966,-50639,-231661,-386860,-75579,171073,-5398,-175834,-79499,194812,-40791,30526,-94373,-38488,94034,-219155,123460,36572,-137525,-179391,-52503,-6351,22163,21814,-138924,-47969,-2577,141695,159757,-84910,77242,17781,-164933,-63669,-68545,-220637,26875,-32352,-93626,-214233,-227423,-32609,99850,-116050,2768,-200665,211381,-7596,170007,-47807,184547,123751,-20911,-52596,-79415,-220152,-146240,32109,22341,41319,-81304,133923,-1130,-28545,-110708,-87455,136601,-74622,87940,46890,109358,-246847,155372,44423,160031,-273290,38141,113866,98952,152712,121570,150278,-70731,47190,-195053,64057,-161679,-218845,-190617,214680,-53900,-56199,-75735,-120853,179273,63626,165437,80646,123928,53325,144914,207827,-146602,-7793,-77658,207286,-39412,-207290,19751,149750,55217,117411,133721,-77963,-74239,91256,-178709,-41693,55568,-249230,-70032,185306,-41075,-363981,95570,-74388,77607,53094,-146925,105062,126779,123057,-26649,179630,56337,63529,22882,-62705,35692,-146752,42401,57813,-163965,212,55645,145260,-7194,12387,-141977,-76161,-20000,-66200,-90143,25446,86389,-22310,120472,61549,-94861,-191450,-186825,75017,-233319,-147426,-2163,-108435,-25377,-186980,-151914,32698,-19101,-21904,-25737,88309,-21942,-79541,106263,109237,167731,221488,-138244,243490,861,203282,150289,54300,12917,25577,277750,651461
146826,49356,-61320,-59737,29338,-38073,-159403,43916,82307,155798,75839,135191,-19362,-105615,75820,164635,-26105,57260,-174837,-122894,141311,124890,98925,76135,101929,147829,159607,176949,-169194,-248778,-203600,-93306,1229,-74506,-149922,159023,102153,-139072,136258,109241,50023,173709,131061,-163767,-53137,40095,-152970,-102688,-24513,11539,109151,-94683,-182066,-49626,-64446,88388,45897,-117737,-163171,-128557,-20850,62142,-162492,46218,132811,-115107,9166,-74789,81815,-181305,-100765,-38218,143324,214409,237239,99268,-84535,73631,17531,-37735,214288,120050,-91923,-193643,-95877,47579,36022,60565,-48856,124436,-55528,53516,-87653,-59049,-100927,38397,3059,-99263,-4237,272921,131281,-20348,-182036,-81890,180255,113408,-11068,-7679,15889,96479,101698,10643,91157,216131,-22587,198662,-167977,-20046,-75119,16450,-707,150567,165786,33973,-182828,-13442,-142225,61090,172818,54760,234210,180248,-137946,-124587,59751,146705,-1963,16635,-118685,-65909,-28929,-61306,97585,201675,6693,-161305,32189,-116583,-158886,10965,-35545,-90743,-102930,-153088,-139932,-210537,17600,-130600,-39858,-84308,138946,263867,210507,143649,10682,108126,8479,71435,16105,129628,64358,-110385,193482,101084,-120671,9366,35532,131295,112603,193888,-149556,-158757,-149975,-86567,-33539,13791,85227,105062,-14901,176166,-124882,-208533,175991,222627,-22385,137084,-4642,-52652,160733,27371,-44837,-23096,64937,33635,89046,209603,-53125,154567,42398,69987,47433,-62653,-82553,13746,-105964,-93014,-73347,-30636,36358,-204141,26282,-154289,45338,-40977,138594,158117,-15239,34441,145249,43446,98165,135606,216077,-27667,23615,9633,-63114,88380,-159988,-16596,-5771,-28343,187372,212077,-64270,172033,74236,12742,67223,-255349,-149260,85176,181349,175050,85544,115161,146065,-68703,54357,132336,-457,26743,-191054,144449,-21605,45054,-129151,603,69252,-9696,125544,118115,-35682,-29137,83854,101189,91969,-109152,-156495,83087,-12513,57242,133461,-174822,-130932,96271,-55944,67686,-2563,139390,-108067,29861,114183,20463,56909,-137777,-71441,99028,-63581,-149047,-10975,99409,-35840,59395,122924,-20566,29113,130624,-120432,6061,155624,38429,-131311,-24060,11938,36791,-136504,153708,-140507,98599,-20922,2689,7011,27310,-68044,14816,150791,122161,-117887,83567,102707,40554,89550,-75153,-98839,-87157,-127134,-68410,-169812,40682,-12060,40731,68591,-36409,-55794,-85731,-132502,-19649,-1206,-109315,-53055,-99673,-72855,36909,19292,171269,34329,69717,-8319,-130042,-113193,-154076,-160503,20415,-22115,79827,-61605,-212543,223177,227666,75773,164107,129074,167718,26749,9172,82919,-5777,-115837,15,159253,-91240,37366,18349,136993,149316,236187,238157,-101114,136945,13163,-128178,56704,174402,-167415,-139147,130771,200188,81190,187410,-89415,176271,143108,-85813,-145805,-117450,72917,-48485,-149264,130860,138583,99088,184401,-85154,183184,47955,14985,-125715,84076,-77784,-141692,-104965,152185,-147569,51867,-59795,-100262,57356,170765,104060,106078,80141,65654,193922,90787,247385,-23364,198800,73179,-67128,5061,172872,-109403,136051,-46844,-32778,80853,203578,35767,180905,-51533,-54714,-158352,105790,110182,-1734,-129926,-119081,-85204,41958,-169574,155088,172322,9280,-111257,-117691,129971,-158589,-40386,-170730,43657,-165693,73285,-62975,-184851,-52443,94614,-88876,7206,65225,151832,14362,176438,23851,-245937,-154886,-74768,-58291,38949,11314,-66117,30752,138827,17320,-26422,-49037,18937,213047,229370,115194,78181,169077,161359,140435,-208681,39492,18460,-95141,67553,51524,-3556,11640,537387
-44157,202308,-60620,-75620,28578,160389,187462,-143495,107109,21287,115878,55482,-94928,-72185,77288,152221,27832,52600,-181606,-196119,324938,197022,158765,99202,-59279,-171351,-108250,-32831,-8794,98376,135702,-75516,166373,45961,-15375,2907,18648,-180139,152222,62083,-101580,52091,36645,-157655,-111943,-55279,-130120,174701,22864,-143747,42214,-91579,-194900,-135613,-72223,-189275,-132259,60821,-145141,-57255,164226,-86480,75806,139515,-51729,-74731,-72538,-115385,191778,-42342,-72747,-118196,-60953,82759,115379,90657,-64540,28851,-46221,-64435,-46774,128062,-52238,21240,-31660,-24182,-100233,-76432,-171452,79496,99983,134531,82448,-12324,177196,226207,-14319,-58455,31191,210431,103571,262968,186255,-15712,15445,-19,-161984,-175429,-199072,-257644,-138588,-270092,-48743,-30710,103325,-152917,85436,112543,147324,29535,-204894,-14553,-1271,-31091,153885,-81392,138743,3630,186152,108846,35193,-21306,153215,9514,2967,-112590,285,3368,4420,81472,174968,109734,-78231,36732,41428,-18192,-38749,-26110,89080,14844,-194846,-234191,-30376,44646,-98975,-120384,-123803,100414,122256,-131385,94956,9964,-51209,-153824,158486,230912,30194,50221,-117245,-108319,32616,-189358,256265,68583,57309,99681,5808,-29255,143122,135971,-237709,-104007,-20599,45385,89039,27557,77654,36778,196065,-103896,-146372,-176429,31274,51086,80869,173931,146614,-60752,-15015,56842,-143053,168400,-46443,133801,87903,26230,163594,-32299,-186121,12626,-83930,-24334,125885,156400,-114907,32896,-216927,10257,138116,-57753,58117,110942,-65899,116785,-87506,-65882,85482,54491,380331,138346,178035,29787,140301,78099,-16252,210756,-31939,-92557,13199,-182398,198111,94258,82107,-51358,319054,331098,138526,224239,18545,-57300,38884,-175334,25675,101211,-6119,41308,92364,45984,-138881,-62098,-146704,-90275,83211,-79073,19695,74295,-26557,127083,106493,-11053,-103654,56101,-51815,-46134,-169544,-73,-177257,-132074,-158717,13386,-16268,-119431,-18996,-137285,-99726,96067,11381,113078,150003,100453,123937,71330,-92555,97542,110284,-120323,40678,83700,54059,66380,133836,130288,-57961,-97199,45055,-41353,-29444,-6311,71377,19852,-42862,-29697,-113367,-148631,-57937,92834,155346,55437,-188422,-98294,64749,-10175,-125612,-313840,-22319,-35275,80427,133737,-108612,118508,-105447,-158086,181640,280703,342887,246086,6703,-179096,-114218,-297206,42255,128579,-162277,-2135,-144447,121656,132852,2379,-77397,151725,173111,45821,32192,13995,-107287,-80418,43457,-161885,117564,-239398,-85573,63453,97218,-184597,-22627,-177511,-9859,87277,149148,300087,349716,167078,-71489,65627,-6305,192210,7422,226048,130273,-38125,-199339,-64234,-237767,-134803,-18881,5200,-14683,173734,3538,211581,60831,145490,117514,104150,55751,-152030,4744,4290,140141,67179,192515,220090,117889,-109006,96852,26905,-92994,-131381,64055,-4995,-20628,-45529,-79598,40560,-44871,162576,1114,-44308,158677,-21840,20873,44489,-72377,71615,-95955,6010,-66310,45079,-11965,108539,-11295,172682,203477,109984,232953,191552,95501,21547,199987,177199,175421,207061,6826,172164,104722,78641,-57786,102555,50095,-127389,158797,24847,-303,-105176,8765,-155396,31873,-212261,-72708,-122309,156914,279785,-12731,-52018,60355,-6189,-153582,-66478,-153372,-87148,-156932,21933,19487,98375,10809,-49442,54777,28987,-233888,-58587,62264,98329,-20852,83578,-74946,-83447,-153601,15819,-252699,-171942,-132531,-17723,35732,123522,79264,46372,32520,61670,65258,-40013,-75253,-33279,125053,49625,28958,-87465,109157,-192292,289866,91307,-43315,207986,345509
22880,-189114,-59446,-132106,-184162,-146334,17487,140840,21035,-178323,138736,69667,125837,-147401,177417,141597,-14559,51526,74644,-42949,-113644,44956,105075,-115699,-153910,-40146,-174553,7179,-114788,-29419,92713,214830,-143510,-125923,-168067,26599,-93533,73972,-95213,228901,73293,-47576,184633,216441,-159198,169739,117702,-95717,-174282,-63662,-27064,-25775,-74785,-40651,-152975,-109459,76564,64320,97753,-62425,-129698,-144536,185435,156854,40585,-229061,69618,-22035,-142489,-94637,176746,76023,82263,-107933,-13873,-59790,-152792,-62658,104210,92611,-298912,-194726,86868,178478,-291274,127313,42648,73838,-146389,-32076,196947,94161,-235393,86275,138357,256219,17178,-205460,-333642,-399411,-218450,-441002,-504261,-306320,-145521,-360483,-128528,-72491,-82297,11534,10301,-132866,2047,-183710,-131604,36094,-159123,97110,-38147,40380,76469,-128994,-98331,132939,142935,100007,-16915,201718,1311,-186488,-13450,-57579,-113673,74754,-119989,-62468,57026,-76885,105714,158277,11777,-73363,34175,-29525,28123,-141017,56814,-157184,-15667,-78604,114971,165184,-18388,48211,200357,62366,-31437,-62179,-81063,-70251,-270504,-143681,53106,106454,-227854,69531,50472,297541,-249604,76811,9653,-23010,97695,-183493,88883,128482,26153,-173535,127486,-66818,43873,-112383,-158590,1591,-86400,13252,177116,167203,119281,-102914,2641,212089,-85846,-54458,178824,-41840,-152027,-111603,-66212,86096,36669,-56183,33491,107415,-140838,-127898,133938,-31142,-153417,123922,-27615,142545,-115435,166875,92512,174645,140545,-162775,40494,38460,11795,143554,-68551,74221,152655,-79958,-33199,184258,-35900,-92940,41749,-132601,-131438,-27489,-55368,-230538,-90826,144341,-41368,-72450,-40183,14687,-39451,-359359,-34486,161362,-47503,78212,-171586,-75156,-207894,-188315,167524,68122,-89739,-190105,75589,-144803,-75086,38492,-54318,141470,79205,-3246,-55388,-60096,43210,-16667,-134417,76419,107161,10184,-109743,-158714,-135226,66114,-27583,-30759,143598,187322,18175,91690,-91435,13461,-113943,45739,191098,117581,-83044,-192743,-86104,180169,25808,119364,172270,130362,-128194,-120833,20565,-30843,8815,-1975,179527,228,26489,69160,-97291,133935,39959,169457,-10610,75361,-84004,47336,-91708,-167061,44424,-3492,-93958,72452,-202854,-35283,-3326,128389,-73110,185375,53775,136406,-69792,-136284,108530,-105873,38223,4207,158632,214002,85826,-128618,76572,-10034,122576,-127435,119954,-104832,-175107,-27151,-107638,185158,-82559,2106,172173,64145,-140942,-126333,-179041,-107962,-82205,-55047,-22184,217437,-131192,-133580,42908,-51401,61396,122711,46537,226292,222215,269176,189898,41365,-209527,-228228,-115413,-29713,-23071,180714,-77132,159459,-91939,-99202,-136091,-51083,-167523,87134,-9184,186470,-138508,-124751,-5527,-5290,-16100,186561,18287,147318,-126604,-65253,-75792,212216,9706,-159867,167345,-119206,-99178,131601,182493,42700,-49328,-120643,92468,75710,-138341,159642,-70636,171893,-186042,112401,-105861,-94640,-192125,91495,58376,141146,-156117,-108047,120106,132211,-118112,22915,86377,-153217,96578,89928,-54594,4657,-125786,-129128,89492,-101520,-40661,-173303,98605,95589,-139266,-163277,-69568,-90829,-145802,-322073,-187264,-161233,-49259,-31260,-64319,-103938,-120449,8945,-120768,84785,56376,95183,37614,226296,67287,-142582,-143678,75175,-94170,-132746,97434,7338,-144181,181714,54921,229696,-100586,-162999,80968,25477,-330657,-99596,-125039,87388,-120518,-39379,-182172,-30025,-41102,72431,307896,99445,139245,-188996,178423,60115,-153356,-742,-135226,-160055,-77823,152474,113628,-21455,63408,8366,-97828,-32598,-90603,70,213865,-108499,99178
-23044,-48383,201217,127813,89231,-105700,-85682,186168,-6702,28536,133013,233587,163996,-173195,-178994,28529,-31036,132894,-138653,-125792,45247,106304,-71802,34948,15836,-100090,19264,-12122,275179,478262,155777,41561,-45558,-73246,-117216,-71153,112388,-119615,112812,48658,-38870,23749,158779,82342,116256,138508,-56641,-73292,-54654,68905,13765,35907,184439,29455,5744,-121244,-87967,133520,33073,-16606,-69341,11210,-213801,-39505,393685,258441,-24113,128731,218497,-48042,-148972,-247708,227924,-233066,-234475,-284661,-64507,-190803,-30944,13499,132307,-116297,-3161,-77862,-20907,265404,16926,-36714,241917,203103,230380,162475,11797,246670,312347,206794,-183737,-370629,-185186,37111,-324227,-122632,-245854,-123627,-277021,-116873,-17446,37034,-170509,-131012,83413,35770,140809,136975,-74104,-129558,-44319,132694,-27568,-15915,12507,-32939,33018,-8826,-59956,-29363,-78830,15232,-44639,-110847,246395,244660,-16055,19209,172000,65061,-100997,42656,-146314,210631,68838,-44750,-153749,142107,-3015,36962,70353,-179042,131763,153398,113902,81673,105155,78716,98818,-55946,212125,-48435,27191,-121986,230334,64241,217224,-29616,-84128,119336,39511,10386,-67158,107359,138726,1574,-153808,1204,-98825,161902,157539,210153,188080,102593,-45459,2369,171938,-132352,138926,25364,44202,11435,-163638,45089,-85995,87314,-97158,91857,151998,-58672,-64733,-21736,-120783,3497,104374,13078,-54330,71870,83413,-878,2490,93238,74454,146424,-77095,-124739,184980,177347,-38788,-106327,-98402,-36927,-49951,-98250,4251,-103058,-126540,-108447,187392,36500,-206671,51614,-46200,-19113,32551,50631,-258165,44431,-15120,139470,-46600,-203759,142675,47127,-270450,-316693,-63216,147522,-224649,-89221,-260520,136115,-145619,-3987,-191056,1574,-173138,-109199,-5046,-20818,117517,-32789,-29633,-23272,103068,-156727,111213,86738,168144,-99983,68258,-144107,-45034,-221885,127801,102193,256544,-53186,-59528,-26181,-14265,175363,134943,-14257,43416,-141613,140279,157486,64056,-28452,-32890,125198,155035,-42073,-23294,177324,-4554,-99770,7293,-12247,158901,-81623,132768,-108908,-175035,-155312,-164269,-70052,-10920,-63455,-138180,16190,164386,37648,178085,194681,-68843,-90532,-1058,-167726,-32673,-129945,-102951,-2336,313953,254882,119143,45395,238337,-48667,-38404,62258,120924,-30384,27809,97306,145335,113092,-44065,76513,106681,224448,50890,-67965,155190,108875,-35376,8252,-160882,10699,-187009,-86875,-87335,-131890,39145,35711,155238,-11152,-64281,-99745,29490,49980,169415,-15482,-103767,-97292,-177958,26408,-52622,-213594,-92093,155450,55907,-18621,123027,-43161,-202525,-220554,8710,60289,129954,-116656,-170124,-45294,-68918,-151737,-80163,-32803,43627,181514,151172,-13849,-59295,66607,10048,210958,175207,-151176,62603,83806,-93018,-52559,-175998,-116073,128965,-24730,-90748,29159,138333,75024,-22216,80521,-132470,84847,-79544,-35551,53095,18003,-150749,-133568,113498,-126347,-89069,57162,-4278,23530,51920,-89826,137618,-73558,108488,-137493,-190001,-110004,-177695,138356,138537,47226,32964,121976,-147104,-134968,142535,182109,-122888,-41966,-25101,170881,-45874,22889,144207,-58778,251140,104456,196509,-78392,294838,51454,178196,178276,153617,6738,-145215,67916,83076,-211372,44406,28826,111225,6997,11765,-88531,45798,47244,60957,87721,104202,-83192,74593,-69900,10453,-158110,-209405,-197295,75905,34387,86137,152063,290501,194211,84506,-219919,53480,30994,141526,-127508,226811,245531,-61315,161158,47196,-21462,13280,-156697,258963,92619,95976,103116,127782,-45445,6519,130583,119765,291198,258309,402187,234789
124559,-182626,-142338,-3239,60986,-79671,188620,-148809,155300,32952,-49033,87554,34742,150492,-9302,26274,122373,-128350,-40294,-138770,188387,32070,191476,182012,183117,-106267,169687,-61700,35127,-24492,-164670,-126092,6915,65101,-133058,59791,33404,84365,-103078,139905,-42301,65346,67314,42385,133054,74661,-159085,14810,144712,-33317,-20661,-46726,50852,-118877,-18296,17862,-57776,3707,-186584,-11951,2645,167553,72825,-59721,-13813,111895,-7357,-33708,-13259,-106613,-28142,-98115,53982,-15911,-54491,213889,202379,121459,-72701,-145325,-132576,7464,253523,53006,-162123,56245,-59298,236661,61210,84897,103311,-44985,108571,60783,-25479,49125,-110301,-321637,-179821,26608,-33377,-210772,-134784,-10119,-27023,-169050,-21680,83365,-195867,-83146,-84390,-241526,-128787,54995,-165976,120150,48455,-22121,112615,87950,123367,-85477,-102947,-215430,186680,107281,5173,-61695,-46381,29152,75307,35778,-102064,-33710,209109,104786,41267,-51292,-90292,-203695,285631,-55290,-39194,-11299,-101407,9279,-60484,-38553,40499,-7208,-118334,-11363,87799,-2961,-189984,-211784,66192,53929,185685,-90782,-56487,-47678,-173382,-6332,-53231,-66035,-37857,49333,-146176,-155795,-59594,-297246,201960,136134,258554,78666,-96258,5888,177450,-108698,109544,111173,-31737,-26934,122067,139610,127211,99573,113821,-98774,64543,-160400,95026,-121579,98429,214147,-105450,123896,112165,23826,-24660,-55320,-595,-87040,194287,-131314,-126667,-136741,-788,-88272,-169959,-73064,-71553,144506,74218,17474,-54099,-117555,-107995,43347,-25217,-59523,143761,90302,-7036,-13793,-19966,84790,97212,150384,-111531,104098,-37121,-34795,-9376,167673,-46376,-134431,20452,-146596,70898,-190115,-206502,138977,170737,-46431,72732,29711,139440,-111553,-193204,-113323,88658,-105972,-96051,-132354,149745,60724,65205,124835,100438,-16715,46007,52033,-10375,91492,-168806,-115339,-54350,76761,-121630,73159,65308,47131,-73062,-144244,81965,16253,26526,158349,125769,144021,74542,-33060,147686,11920,-115917,-39331,26792,121876,-128136,-136196,122932,-49111,-6576,126592,140430,-158465,89053,-16617,177639,162472,-85197,-100153,-2396,-182098,73874,71050,-157906,120455,67085,-132708,-61861,119563,-14132,37433,67959,-115289,13763,45426,-192649,192479,-80619,10079,62968,127745,-6348,115163,56193,8809,-165990,-195941,138941,140556,202350,189260,-160721,107578,8919,-108930,-129960,-30548,80922,-198480,-82322,-63021,75046,-62329,25371,18992,-107861,-86352,-121439,20796,120271,52693,67416,-77750,-78897,169334,17343,108074,-154237,-187983,-107097,41415,-131323,129710,-67597,168365,-72896,310589,-34524,-4919,-183203,-78086,152678,-90844,248552,125243,-212706,-246626,103468,10041,-39293,7033,4099,-161401,-150210,30623,177311,-94582,-72844,-97119,102299,-98427,157536,151202,3648,190291,-113401,-86376,97620,-122162,-37770,-4471,-12704,13546,-91735,27609,100615,-127196,101989,152831,153494,141241,-46101,16077,82613,73977,-130318,-3616,-128490,170032,139582,72639,-93124,110977,86695,31605,-19127,161776,-120444,208402,-41004,-13733,90074,-115623,26728,-47696,93188,130858,-114575,216974,-25006,-10308,-116671,63115,145535,147145,-91437,-60779,-50439,222854,168653,22102,-69128,110546,-174289,-112623,-36015,174961,140218,272326,76601,148867,100232,109391,-135195,66618,-198429,-42902,35071,188891,56635,-52179,44914,27684,-20829,-112992,138433,-170422,-4774,19522,95173,208260,189130,-6192,-157697,36722,14161,-131463,287443,81672,176111,143653,-58649,69147,8802,179109,-148500,98899,-100688,-8812,113831,-2078,-220467,-142385,212426,-28867,-35012,15241,-91631
9922,-149678,40924,-76032,37205,98967,107305,34065,-16600,-49691,50293,-81021,-133167,-55879,72794,-58176,-183792,-101098,-124089,47529,221008,232793,36066,106163,68044,77964,150417,63774,-116032,-135597,196113,185461,52969,-37893,35288,-176270,-105420,-80079,175114,118899,-141259,-34037,-121202,58459,-152422,29504,-125965,139923,107766,164512,-113822,-43063,93483,189430,-142408,-71346,-34243,-57673,159832,-64951,-34851,-10527,89253,122144,67641,64686,99656,30638,54791,154168,20239,24946,23721,210492,137485,78393,201400,-39552,-78364,104610,46249,403961,-41791,-314500,-247923,63425,59747,-273087,103905,-46244,-99940,-52663,-21802,138019,132409,129254,-200632,-185489,142296,395071,-139715,-141444,-252711,172948,-298090,-350797,-86885,-67048,-265793,-357424,-48056,-195434,62981,48062,148453,67539,-10515,115453,77929,-104905,83576,141959,173240,-111712,-12146,136275,130016,15160,23119,227287,15151,51999,50408,4558,-49215,50176,-73766,10472,49043,84349,27579,227295,-58358,-55012,-46108,123627,106496,-5415,-76916,-51062,59574,-102634,-133293,12334,-90763,-57756,165785,56622,86111,-11344,-83060,15039,175946,54686,20394,-9495,-5560,-96401,-167028,-100421,-4836,-85900,163808,228050,210296,199738,127709,95304,-78769,-193294,-27667,-62698,-156037,-198565,98616,3514,120375,92174,161088,110319,-84056,122982,22868,-79107,26527,270898,134974,118598,-151146,57817,62726,159746,-31122,135503,87098,107879,-41802,160991,8367,32056,90373,-104272,93651,160264,68471,64137,-71834,-46720,-30004,-83717,-63071,206714,-43319,-79612,-2767,-279541,-192030,-172600,188169,-135399,-311421,16367,44449,-8950,97816,-122124,70406,29814,44878,-85895,-2426,-222978,166331,-29328,-68088,-140820,-170376,-48750,-110807,-196633,-21448,-190328,179939,71997,-105292,122215,-52463,197912,-43723,66444,-149332,140234,14496,91745,-37458,-54196,-10574,102302,-11112,62011,118606,114812,27186,30216,-156982,110511,75427,181081,-99262,75462,128718,112210,-152775,-45700,28510,87329,149097,61701,126942,18275,-95196,-71141,78309,132870,56037,-144804,38154,-115140,-89519,52340,45894,136141,124200,-68458,97227,-59121,-50123,17046,167617,-97427,-8529,60983,148927,-156157,-112824,107717,-46728,124645,-147984,-121779,205483,-77999,39211,-22223,113695,54765,152471,39878,34169,-70792,26707,-58203,99206,11777,-23094,119855,-79077,13608,138355,38892,-143740,20449,-4364,-150470,-70753,195212,-86039,157256,-29134,-119972,-152608,105390,14868,90945,86009,-172561,-68205,30583,39812,-70650,-25474,189622,75019,-141995,143583,183993,67194,83654,207018,50184,175444,112759,-41890,-61913,-175136,258173,104404,119229,99055,70124,41943,46517,-239996,60426,-72355,-10205,18506,13232,-46323,-24642,2290,187676,37849,-119323,-47689,-151782,-43814,47722,-57657,165348,-12025,180152,105148,95543,25104,56697,117163,47796,-114883,35466,35656,124110,-64062,-122445,-19656,45400,-100623,73861,27271,11551,-184690,-187171,37236,85861,57833,-81707,-48973,183405,12354,50750,66634,-114641,102183,39377,217099,280323,127880,106936,-71904,94331,-43913,-40972,-110405,99220,-141984,-26024,45121,-139339,-125381,-71883,54072,84204,471,-108,-34413,-96265,-172053,-109162,-105753,-129463,-12744,37655,117338,188502,-70462,-5532,-128888,4350,-148929,127481,28247,-36318,-31161,-67162,3639,224458,-174648,-166769,-58644,-211235,-85517,196035,86793,-111784,-54986,219072,-78619,37298,73358,154204,105221,68701,182110,148618,227026,115058,-43796,51833,-44842,131444,-132631,-70022,-62473,43561,152665,77973,69495,104391,176621,45479,74562,75046,176593
-169646,-224748,120807,154907,116474,-51599,-162978,-15788,-35030,-105271,17323,244714,207711,95232,43195,-122054,-23891,-189502,13106,-24712,174315,-124766,234,-35387,98778,-68361,41056,-124496,86026,116586,207791,104499,-27083,25981,146137,143764,-73977,-9118,14588,178123,-70966,-186301,-87666,151933,-124111,28047,233041,113894,134428,-109400,120289,14130,81296,-142614,105625,140487,124907,-83207,-64737,260467,6035,-83579,121491,-2922,208598,5854,120667,90414,52927,65136,-153770,-127387,-232623,-173401,161610,15520,-41157,-197501,-54753,120330,-267837,-196484,-139814,-27861,-293444,-104123,-51439,102336,136740,-39721,472473,328342,7472,-14746,-42402,83299,-415576,-285512,-542865,-248993,-296084,-186891,-287047,-489027,-293666,-303415,-18970,-278294,-110140,-10460,-257526,-66850,225676,130258,62651,65132,191381,230551,44934,104502,-74134,-76764,317551,189915,-84676,-7794,28363,8623,-89855,-116644,-17747,222272,-68470,-84592,-65279,104730,-9084,98017,-80551,65263,25073,67787,154654,141877,-97438,-153661,67012,146449,-79660,22828,-73906,134321,63343,113360,109650,5187,196275,52393,-62074,112519,45167,124015,2986,-21007,111378,-9502,79052,78635,288391,240832,366675,226981,118788,61443,208657,70437,4806,130645,235718,-65369,115642,-142732,42424,213291,26970,-67508,-29523,-130864,-76910,26485,102136,-14489,-79038,-173937,-6110,-176827,-13249,106573,-142741,16501,-12035,-73345,-13383,-182059,120860,-123059,-87470,125403,-104871,-104009,46434,233582,109012,77261,123402,59077,-67865,-169564,99323,50785,112470,-85246,-962,79624,290606,231076,-50645,-331197,70944,28728,98468,-89119,20025,-30023,154443,-132226,-18316,77895,-24297,-194182,-142813,-224650,-59918,-72116,-111432,-106385,-82237,-205655,-202950,-62579,-13923,-118657,-140529,21928,-89766,-69328,17822,140991,110830,95391,-62725,79882,130473,-63628,172931,-73461,-10401,-48047,-128735,43597,142267,81550,-37292,-26177,113496,4104,79944,118380,213776,-120053,30474,-83750,206343,-50476,130109,-213400,149632,153844,48125,-106197,-103161,-24871,50835,-30041,-101500,-27066,-32831,-156327,27865,105907,68976,-82895,66607,61601,22416,91812,-11668,-101387,-85884,-63683,134181,69952,-62706,-108363,-7471,-60089,32197,5720,228819,91763,305223,251572,149289,65846,229575,220744,154058,14485,218165,-45048,74406,219239,-163266,150617,12341,13909,191108,-6784,276333,234008,6069,14919,94872,127892,-78668,-229654,51983,-34770,145192,-203231,-123061,160701,135958,-11210,-55053,142994,161014,129912,196640,45476,-80832,75634,-71164,225597,172810,-76787,-86248,-4717,-146563,-153266,-57297,-247092,-161961,-79352,72937,-135221,-82679,-129751,18192,-79683,-26804,-41178,84384,-116516,-160167,169513,-58025,66887,120922,-46289,-110223,-119350,-63756,4158,132328,-77460,101892,32264,40459,-98383,85549,46323,-121200,11765,153414,-236259,-96038,-23319,62871,145226,92033,-3801,-154725,-141856,12678,79896,-50802,127312,-13856,48263,65186,-69510,112350,83544,-96148,86994,-93166,-77595,-93758,-147523,142510,-99745,136586,41336,-29056,-92273,-64944,-112377,36449,-81859,-91627,130483,109563,139204,-43482,9902,-27146,-139695,-33715,133262,-86190,7399,144343,97419,-190333,236576,174113,-138907,-151611,214165,-84202,-231246,-8851,107349,-2318,4687,-66552,58560,-115531,-16735,74474,211806,-92901,102161,-49410,159192,-12283,5748,-43508,181575,-214773,-201070,-163127,-1459,-86637,-39900,103365,-50453,-90431,67486,49673,84491,150963,66796,19963,109104,19752,-325359,-88896,-269586,-184921,-36614,-123976,-32409,111296,94981,120788,-4303,-76744,134421,241133,136590,37818
