-87004,-32312,41271,103969,-238465,-160052,183834,-298768,171342,79302,8617,64726,-176905,-59632,-90726,-246548,-129374,-116539,188214,75405,181180,-77527,-276359,19911,87507,-217535,98956,-72785,-123723,67775,94990,-34586,-97613,-58177,-173850,-147619,-1461,-71361,141697,71565,-131334,-132012,-52420,11693,-50931,-95680,66876,-153644,-131006,161290,26712,-240504,-75953,-133781,28258,278074,254760,350413,229388,-68352,-23727,170450,139967,75878,29171,34925,56074,-243305,-49184,199462,314487,287090,93633,-20797,50384,21615,-76148,3060,210781,-20135,74377,127920,126651,129962,-40906,35460,-5863,189678,-1096,-116998,170628,118837,-20928,-94188,112895,-213085,-69583,-88083,-85337,-77637,-8957,48183,39126,-7429,109830,133741,-254467,95775,-113360,-89489,-154744,-367357,181563,-95695,-134811,33804,71916,-34397,106803,117472,150575,213236,44091,303956,-160888,-137487,-27855,287623,9770,160873,89462,-113362,267207,-37788,-134865,96506,-80562,-33724,186945,55827,-12306,-134850,-154210,65370,100239,215355,-16427,53526,-39513,-409194,-27723,93140,-174432,-13849,53604,136816,-45425,-5383,-52011,36814,121297,-139891,-168380,52798,-140307,41166,-169821,14590,-6716,91448,25925,-34799,171905,47994,236998,-64886,-238973,186948,-158900,27104,-67930,-79437,-114179,51200,-108532,-67120,-168806,-389891,-93594,-4444,58011,-113489,74943,-128285,77287,213990,35723,-235386,-41709,-123658,154561,15293,-33826,-261110,-34177,-196926,-106366,101480,-85499,-235659,-122865,-295832,79969,-116590,-251722,143960,215429,-821,-87923,54013,51307,18440,-264341,4456,-78424,-31324,197158,11943,105278,72508,-15197,208111,-209060,-192010,43654,131833,-116040,110008,-72075,-277398,-97862,-245423,-270369,-123407,297421,231294,-56581,41818,-198872,-142801,-358312,-463292,226555,-22141,-81007,-123525,-132829,-4567,32117,-155637,-60695,72735,146849,-167855,96762,-85616,-93500,95090,-55579,84476,79466,179980,-136572,-17928,-93967,-261937,360731,-134700,-84788,163412,88543,115287,-55361,-42862,60516,236868,-90429,39672,60358,75555,-270690,-122115,-405994,-148661,-10068,-419814,168208,293116,74625,-17806,265138,18218,223705,-145227,-90786,39921,166473,-101292,-81960,-41525,-360297,5596,-284282,-411166,63270,334255,393468,21412,154736,-4227,-154139,-19908,-2395,112453,74756,118378,-166214,112617,-144644,-27216,-255521,-331638,-89157,151389,-51186,-184488,-205269,-239149,-232775,-150259,-25905,134736,170278,-26813,137979,-78437,171839,-202278,-192562,-180048,26846,176248,163227,19291,261253,-202644,-82917,-167287,-416538,70152,9370,-108511,-101582,88119,-27725,-173662,-59811,-174167,-40750,-118128,-148605,-74544,50030,-128040,2947,218016,-261816,130181,-32498,290608,-96078,36669,-10736,-220621,239889,-240448,-118510,37265,4874,-116620,155261,-201894,-174474,-110760,-388272,17191,68972,97434,-180479,254254,-159546,-49931,34707,-279988,2540,142106,-118530,80744,-26260,94393,-143402,-152548,-126141,-269788,4462,73069,196927,-7173,-32081,82076,-164092,-243097,-69458,-149575,229748,292856,-171639,420598,320102,-253979,250556,-165227,-114656,-62723,7413,-15185,-69157,-229186,-192927,-165203,-43370,189109,414657,268844,560748,274979,160720,318362,259813,38671,155370,134696,-62016,-50804,-24136,-22656,132668,-136579,-70999,-8561,193735,70330,54005,221146,269920,232998,-13666,-96709,150921,-228517,-88811,-29161,-89458,-57830,-59260,10236,170460,38184,138529,-48904,160815,-240958,-192772,84217,66146,76744,144029,227203,130359,11994,-87652,-167461,-197260,-362195,-94582,155667,727760,191277,387846,402983,-98280,-205057,105336,-157408,165949,-179596,20990,112682,30805,175885,230676,-15928,-215741,-190337,-79194,-11811,80854,-100766,-106740,6849,170272,-47349,-52577,2893,-39900,-31625,150482,105927,101015,56391,-111825,256827,-200501,76475,66638,-44128,-62603,50297,43122,159160,-86862,15742,11206,-38799,-98152,-176989,244760,-246830,36926,189739,124539,-29357,37119,-115149,132488,39437,-115003,-7136,-59620,-116584,116037,-17494,-139526,28096,10509,-201934,-68347,-103702,44663,-14712,-263340,-442168,50613,-268704,-397975,-57163,688614
15905,-35488,-150297,152608,-84604,-150580,-34234,100097,40545,192210,-19946,-70760,178244,78062,-131218,-40478,30169,127963,76426,-83666,-185390,-123611,91057,-105978,-77570,55794,51573,-10142,39899,151562,-108868,-133274,31876,78947,58016,5154,33531,-17314,119324,-117552,-115692,-84153,142559,196010,-18752,75554,-37619,-133899,-32094,110981,-172469,110386,-9447,152317,136059,-82789,127948,-172788,-107035,97130,188816,-17611,105058,-80302,340,45843,47214,-117773,-21777,-11703,63139,180287,74694,76253,42910,135929,154207,-167292,37486,34323,63984,31126,31127,145615,97251,-25888,-74196,133092,2146,-118333,180857,80913,-109505,72372,-24164,-24860,-72594,182554,-143202,37918,-120313,23907,177759,-85402,-124091,-40983,37944,-98281,-74236,138488,30957,-110615,-101601,-199428,5017,-115003,-112036,-168581,-59913,100929,-50582,-151715,-108754,-115119,133028,-29,-174138,-37104,174129,82414,-117517,-145441,-194095,-19503,-106461,164333,30761,59248,79234,44715,79062,116905,168547,40515,9364,105286,-33272,50962,-59759,-220032,-17844,88507,81333,-41451,-119635,-177939,27572,-20748,-151661,74784,-42781,74774,90018,-5238,-98358,120154,-134935,-139340,-98843,-142088,-167819,-47172,-17280,63500,51779,-18265,84615,99231,85721,-41408,-129936,-60717,-81234,-137021,20772,-133301,111862,205396,110561,65985,75992,115164,209779,42241,123910,-20501,-14632,135976,-44210,52893,135186,-63151,21365,162433,-41787,-121038,24669,-103421,118216,-274772,23654,173185,16034,-5266,235425,226557,310839,52450,15311,399249,-40288,21118,157334,93917,-257403,-82542,-157620,-148328,85524,100037,52074,-59796,-78006,-50177,45241,-17549,23724,-128881,80292,-174453,28600,139748,-140756,183423,-32900,143907,82371,87535,260292,23757,281247,-63102,41007,32231,-137962,-29634,-38926,-1373,-18043,-38611,38764,158743,63080,39827,-84244,84322,-75150,-41313,155613,67817,-156796,-56185,36396,-44097,-161333,35559,174186,84668,127362,-85935,-6448,21402,54260,114063,-27701,-155150,-46044,-41885,-45492,182177,117963,-89357,96193,-94623,-14051,88494,-113065,-84416,99057,253243,-78632,-91992,90059,-245824,27762,-147225,-625,-17161,-54385,87925,18066,-152114,133157,64987,-35398,-72533,-219114,-6563,-5976,-42260,113374,62114,75065,-104831,18759,183946,45504,70496,196441,112392,-112988,134889,112264,95214,227158,37156,-72683,-61571,-113944,121075,-17555,107086,36673,-71023,15972,-115007,-73693,-139023,-81318,-58760,-171413,-74379,65498,104642,68306,-55155,193127,-65661,144568,95547,-60309,65103,165438,-70825,115741,-48427,45927,113697,-29226,-31270,-120359,-16363,-9157,-20195,-69420,53887,-77229,-119582,-151340,-211033,20528,-16854,98424,181028,56888,193306,-48870,11795,-43596,78162,115474,42161,118233,164312,-78604,-116654,-94254,150667,28571,131019,-104708,-169516,42402,107958,-103604,286913,214226,16933,-19194,135202,-123307,35551,-130818,-179494,73552,185616,127183,191829,115926,65667,-2838,-226442,81005,-66248,-70661,-41500,-264468,-315936,-127437,54300,80776,99178,63632,115262,84093,-56858,108757,26242,-85605,-28885,-55254,29014,-69142,261482,62000,-216563,2607,-13415,-408473,33656,-126102,-109777,-102652,52494,-64879,-67487,-6825,-59209,48,260207,262572,117433,119902,41447,189518,190543,-129613,-139021,-16631,20434,228856,-83352,17703,-51113,-151397,111852,199535,-64969,132435,74884,64284,53967,42265,-163641,960,-40769,42470,-139516,-86279,41562,-115863,-102882,-7248,-130390,-319085,-213466,-553556,198309,-4001,-254965,74084,262933,5953,-42689,174706,238424,1186,-52104,-151406,75724,46397,-140087,-50368,-97710,-65501,94932,-15862,23044,45584,69623,184609,49713,-109048,140129,-81897,136357,-106844,128817,125235,-119695,-87909,-172908,-4677,191293,169498,37296,65854,-46916,-23355,135498,-79494,-112236,108481,-173842,123093,6238,-114702,5616,-52454,-35001,53793,-202849,-49325,55489,129296,166020,160932,111164,-83750,34020,-4017,-161666,150717,16775,-21365,-46374,11196,12939,98730,10750,71682,163,-113713,-128277,20426,-4463,-70578
-229418,-123424,32604,-27614,-38725,118323,70249,-130097,-147333,76220,-56185,112367,54097,89994,-103491,55003,220977,72490,60239,-61853,-27888,-4304,-32161,118146,99321,52801,225856,-135094,80189,104027,73323,7465,18033,30918,36586,62454,29377,-146147,234838,-177488,86105,-25108,-5736,-32837,77848,-95362,160362,240152,178515,122150,104341,9504,80762,-19486,-22080,-77689,76015,-175430,-67558,68406,51921,-32194,16340,-58563,-50657,181668,319334,-96396,-191101,136510,12777,23270,-74749,-148737,-140185,42400,-90368,-52943,66409,12602,-109944,-90021,13465,180941,45109,-50126,-22758,-32616,-170903,-80624,37763,136519,248180,6354,178076,-74522,-140347,-123147,183406,44104,57331,75829,-39859,128009,163554,10163,-2631,-110167,-147624,6819,-96249,255749,122704,46988,-126866,-159247,-253910,63098,-132924,106644,21443,49123,-123923,-136920,-173313,-128630,136264,-51137,-217250,80072,-102486,70972,-108206,-60971,-110983,-1215,81010,-29483,-148071,-112079,133100,91099,-52231,189913,-110149,-159757,41060,2007,52810,-124554,77536,-37207,120048,-214963,32140,36458,-121126,173617,145497,-87508,153230,94958,37572,-153849,53032,15004,-97246,-117218,152702,24590,-99275,-281152,-183101,-108735,132563,-11394,-14289,148554,65632,-149720,-116481,-67924,140403,57539,-63848,97136,62021,250395,219886,-34622,-41860,-39530,87695,106007,141638,-105816,658,29098,33705,-168345,110587,-50840,99206,145160,-118903,-103575,-95045,-239487,109764,-150166,35508,117786,132049,-156527,236963,234787,-146981,-92899,154439,-146205,-76101,163642,161268,256172,166720,-132462,-91799,65854,-84836,-6547,96526,-141967,62693,-39759,-326418,-98583,220252,-70582,192969,-28388,-96423,6123,161952,-342109,-444064,12004,-131477,-109071,62131,-6644,192052,165931,-123618,144835,-61619,-66497,9597,-166458,23708,-22996,18450,-85022,62974,104790,152844,92958,66941,13207,-38795,-38104,-278028,-191643,93437,-67438,120899,126162,-37200,106059,-48478,-217921,-140003,-96133,111934,74227,34191,-21224,189518,17013,-166799,1190,-92032,20650,118129,-41053,-184839,68511,-80114,-207079,-126189,-123342,116080,-76724,-29266,-25679,189355,176603,-70914,148046,53922,-157004,111601,71643,127060,11022,94710,-139738,241752,69027,115099,-9513,261030,157524,-29219,-209647,98648,-214423,243514,69130,-46364,-11372,196543,146813,100101,-73982,-97610,23724,39490,263447,-48172,29896,-124511,95537,61871,-132602,90152,72010,87626,-177156,160356,170228,5073,57980,-102779,54579,82204,-88260,-105537,135339,236483,-91492,8786,5213,1274,-178419,-154811,138018,-25298,-26955,-130234,-76968,-178973,-64520,66010,-22322,-137078,-49305,128840,171664,31216,-92208,-268713,-203289,-216590,-166931,18031,286383,240454,-227262,130849,-114853,75824,-90282,-169981,54282,94891,-111977,-59503,138599,15574,-36533,-25520,28995,56464,-158358,-122689,-12368,-209789,-23184,104224,30333,-37014,127618,65617,57066,-105183,78903,119571,49191,-140681,181968,166101,-84776,-43793,555492,237306,32007,-36964,-287643,-275793,-110589,-188099,-102574,-32592,-22923,116447,85688,-100274,-12654,172966,161606,162613,346073,113598,-54020,57426,86584,-20128,108146,-360131,-168983,-113965,-191772,84304,7656,-70261,154626,167535,-18236,-10779,110333,-162487,-146309,95640,145581,179890,15124,51707,231698,-139196,-62744,216023,-92782,46251,12372,109130,76470,-68877,-137023,58468,174030,-85288,149233,-119238,-61001,-132668,-49535,-140837,112402,28655,-12698,-112363,22827,191633,232302,-78308,-1770,107439,10630,-237291,-403166,-276404,29661,164676,-72739,-62351,-154913,-85976,103920,159021,259979,-170611,121457,75688,-216945,-148589,258816,25960,50589,-97263,74772,-66146,28039,31895,-185442,188408,-6868,173593,-83760,-136961,57933,207417,-38457,3665,213450,101969,73046,27456,24268,-21652,81444,12766,-98059,-127926,-165776,103890,39623,105530,157508,-106516,-77271,-96267,171096,15177,123798,165691,-105659,62766,-53263,-62016,-43676,111326,153516,73718,52397,52841,14644,-101453,9385,-1746,-83543,12301,-94082,-16364,-95444,-124731,60629,-113866
-12059,-51052,17865,-63075,-125874,-68597,-347,2623,159661,-36200,160832,-40992,102003,148775,-27805,120518,174143,-162750,-95141,181297,158496,-128014,-53427,136141,-73,-161262,-206842,-111161,148774,170837,33314,55070,-142381,-31937,-42333,-91747,-129027,-154015,141482,96990,88077,124009,173604,-60973,18997,117215,162789,23101,-176352,85740,-78246,-41616,81730,-153998,123813,-69461,48240,10134,234037,121990,221458,-12988,-212407,-89337,140793,-60863,-145430,36643,-85048,-70756,28274,-269890,2739,-67031,90615,76656,-85042,-22984,43325,45576,159727,-126209,-67173,-105914,-59149,-2497,-130186,151065,-43196,153896,65821,-97451,-92855,28165,-72043,205850,169910,76580,143330,-135603,82491,116227,15037,112023,-100830,21954,128004,139562,52815,174200,-80516,-198738,171707,-93807,-167135,86106,-21999,-15435,-201805,59612,126699,98808,14866,-129851,111140,-104465,148260,-27265,-126406,25143,112096,89201,-236468,37685,108527,30582,-112131,-181311,228453,-122673,-148158,55517,53816,128202,206325,-27212,-125478,-43206,-223982,103021,128758,-49794,98527,172200,-135064,24866,200084,51200,-15914,209289,65467,-148554,163756,-110500,-120371,48589,-62794,-71102,-95997,165139,123926,34658,65023,111572,-94068,-82452,151611,98686,-66874,88201,-120744,-180685,-50611,87307,-254904,83162,-79850,1711,98666,4962,994,219303,-2950,-20525,-46979,-19022,-58348,-112371,43658,127536,-59663,141054,102568,-183038,150100,1416,-174826,70772,-20396,155133,77182,2685,-14464,89311,91606,177247,65151,203494,-122367,-6534,-1297,170678,-147190,-130413,-62796,15026,47146,-92537,125696,-45748,117042,51637,-134755,-6884,-38323,1743,106554,-35432,64887,112586,195658,79514,-138896,64979,-73594,-81158,20668,-129559,201668,70983,221369,38933,90864,114455,143446,-119022,15939,63140,51838,-211353,-78106,105954,-186665,41607,-93942,9672,-13217,214292,23474,26987,141594,-21019,114652,29351,-135323,1038,164915,122848,-51724,187078,34469,-94698,118702,134623,-67384,13817,-9883,39424,-90748,71607,224685,-63468,4706,-59017,66906,137272,-111752,-121236,41283,36667,-122916,103150,78772,-4485,-13964,35845,47731,102775,-116119,-124313,140427,-173783,51429,24055,111153,-31227,103290,-248803,18974,205250,72405,-241,57947,-235194,108154,80073,138624,38066,-71955,155118,-27381,-172922,115325,-59037,-164714,-22583,-50055,148220,213892,11661,43711,-153285,-125391,-163829,-174865,-105612,123629,32713,-99163,97906,-64690,-55552,121847,-32507,55049,4695,-72915,60995,102097,-7011,-119104,-48844,-15196,132700,-116650,-28339,148750,63790,140578,-118798,70757,-132245,37170,-82411,-100285,163653,-52910,160928,-162156,206978,-16024,-42668,-185031,106503,-31697,50580,111611,-85734,-51537,95852,-143830,-86392,-143438,-22718,-59724,-12628,67514,40307,138494,-102343,25400,69117,-164672,-147971,63469,-90059,-15810,173216,-60649,-177916,-114222,27214,151697,-129553,92251,-37311,-41618,-32430,-121863,229406,-155756,154579,-195134,-147025,-72622,-233497,94745,132562,-97767,-92334,-172579,-97924,-10464,-108960,-48705,-133186,-14817,-95641,46407,-44081,-148403,134387,111276,-242785,200390,38859,88309,-113940,-181239,-83753,-119902,134250,46322,-177183,-63422,-170208,134551,163563,-2457,-19029,122332,-60423,114863,24194,131317,27351,-110098,213405,-191580,228226,-126396,119518,175113,-134887,175633,78100,92150,187076,-111112,144867,-57671,-180375,159924,18178,-91380,71850,45781,176562,30334,-67355,95179,114989,-184762,47972,96329,56103,-107611,-278207,-12515,195438,-45170,-42976,-53175,121695,117329,-49223,146031,35967,-36351,-69895,-104057,-121073,72465,19487,6861,-98940,52149,166123,17379,133856,181544,49428,28547,91318,-136398,-35155,63366,-156667,220564,215008,-28375,69541,188589,-45496,-75591,242289,-189559,-79196,-89242,150297,34389,-25954,256026,-65616,-154561,-80067,14420,-256142,44162,128228,-115653,-193881,105245,-131893,63173,183247,76467,-2487,-34178,-132658,214460,189199,92270,-13963,124462,-60637,-25451,-212975,165550,150788,-85134,-141369,73480,19479,-196044,15345,-204745
130337,-144180,97374,65618,-44029,-30601,-76458,7410,-14385,77827,-11630,-58232,46099,-101935,27787,106393,26017,32406,-7742,89312,-112693,-19353,107199,-110071,51875,-138533,-131978,131559,152740,-29464,171020,-147705,77694,171976,-87463,-55885,139080,129779,-124627,-130491,-8329,-58363,13671,-63091,71629,-6017,184515,168932,-21236,163471,133756,-9358,-29649,119704,-212834,-61391,-213227,44374,-75784,26061,12452,-184463,91060,241234,-1200,71225,-157077,-310051,38512,88283,60433,139834,-83201,8811,98060,-142484,-121687,-115643,-128487,142223,4013,15214,38843,62565,10242,-148366,-175317,-58698,104071,74609,82544,47824,-137568,167217,147399,6500,-54120,109813,-36927,38949,55133,32480,44403,39936,-149963,165330,99873,193327,31596,14475,28752,-112611,-187569,115013,4269,-25253,120682,-157429,-57705,176215,305,21547,31957,-78522,162762,82911,-137074,54510,-130868,-24300,-100166,-109058,48048,139193,-122153,-43962,-19928,-2698,8459,71616,-34427,-66933,-125788,-68216,-82118,160910,-33628,-152179,-21823,-115560,-18840,124729,-134303,208611,-89586,212520,52080,91709,-26857,-87932,147183,-167102,72800,-80552,192825,50765,-163028,-29021,-156349,59613,-187300,11099,55033,192266,132370,-166674,-34380,-68356,140716,-96068,56862,-103193,22626,92770,-22069,-63122,71815,-48954,105107,-34336,215725,-74321,-91148,46935,-73185,48121,152350,14196,-85360,-79585,174602,58642,-6253,-100294,-148290,11719,-1081,211180,114178,-55320,1585,111007,78701,-127265,-42215,29808,-117266,66816,62025,146684,36492,57323,42697,-166839,-85701,-6476,70403,-7197,141418,35420,-34672,31006,89881,-764,-66044,128261,-106289,131115,90846,167500,-40831,50531,100470,129801,237559,55734,192419,242799,130964,227245,120405,126053,44650,174567,-10287,29831,-204502,129897,-45742,-5692,109194,-96110,29925,-72973,9349,-33175,166210,22637,-26498,-13679,-118106,-20243,91216,-146460,61190,-152868,130781,140802,-149629,-35094,97965,-75722,-21761,-5242,36390,54174,-164916,-97250,-100113,-40833,-28534,155097,6393,148441,70721,-178195,-158638,-129030,189658,12201,102520,24706,261484,130551,28133,4667,-110178,106676,167247,106805,-121006,179860,-114962,-83877,-74382,-146149,-268999,-37430,49011,-18060,45869,23113,-77656,-64336,161584,-65902,-5514,-115240,133656,82894,-77952,-189197,87641,321493,184939,260834,-4580,-169209,82795,197145,36732,162994,-133251,111108,-174950,-68075,2323,-113799,-18552,-9700,-180826,-37396,34668,570,160816,-162417,187123,-82680,-11317,-107552,-54522,-128478,169765,56330,4388,115087,76945,132567,-152661,-108,75994,68084,26771,-4107,-44960,183481,63097,93153,45999,-207346,-131334,104807,316239,322951,86008,45974,-67271,-1324,150137,113544,127020,-175156,18194,94505,116682,117780,204931,-87480,-20321,4601,36745,-58930,-111445,-342,155198,169862,149738,267138,-151278,118364,175645,-66931,64443,76716,-84566,132019,163134,76149,-108379,166886,-101177,-132797,-81410,234906,-148985,-196282,-149268,-431953,-265574,211138,-88053,97004,172432,-20884,198621,-135102,-28260,122163,-2417,229565,44221,76000,-223643,107421,-235137,-310638,-396055,105186,-156536,-129963,-123364,-33630,11158,57746,152505,82960,-66931,-1099,49053,138328,166377,-78078,-209014,-26868,-184547,-1570,169653,153587,141270,121227,100070,-223776,-119215,339189,-137442,134146,156392,95628,148893,42213,-166743,152170,58020,-146740,62270,50162,85857,-86479,130644,-41050,9747,14154,13696,-143588,101182,-351076,-575921,-254796,51044,124607,-201361,19638,41238,-226703,111719,233717,172074,119566,-168095,-107918,-186419,-228940,-366112,172595,66080,26733,114544,-104655,-5561,-41473,-144311,68794,129506,-129199,-88167,-61902,125546,59301,36886,99446,42900,113630,131791,157956,5984,-14245,219585,74304,122336,89758,111542,151893,-11747,-9714,144892,-130260,72355,-7343,-121194,-176093,-142999,88506,-16440,-131710,125608,28278,-129706,118596,156573,199633,197169,-88085,-155036,169711,85184,-160540,-139488,-51442,-22997,90344,168826,77283,-41651,-148481,-208265,74422,6660
-15422,-79503,-191350,-15973,54935,-164165,-56569,-34389,-74195,157864,-158157,-123664,123672,42509,-258984,-100206,-156493,-202650,203259,62737,-130563,64718,158180,46471,-66914,50667,-263345,5386,-40837,-32393,85077,1756,-150163,20455,74585,-199416,-92866,145418,-142279,94349,47367,79409,-75166,-129234,-190531,-65326,-93576,-28548,46797,-220730,-170339,-109788,50033,-39879,-343910,-100244,140788,-45305,108463,226183,16340,65719,146453,125419,80533,73927,-160336,95194,55916,189351,111661,172381,-75712,33028,59632,178675,183900,-64702,230013,219269,-157218,156997,69260,-33108,73489,-50956,116434,-2905,67638,19415,208351,153832,119275,196524,-50262,68117,-19461,107113,49106,-81513,-67883,-67214,-91556,-81537,-53743,222115,-130379,-72748,103135,-106504,-213992,-9705,-201811,116852,161703,-28259,78260,128143,-37542,178700,-68890,237318,4416,94643,48425,-63003,224436,40937,-131337,117815,91763,241704,68721,44914,37761,53543,26558,130006,-81119,88248,-86832,-13097,161860,8288,238181,12544,-22612,-33344,254335,6415,196968,-118924,-206364,92443,7159,-134547,-128688,-82540,-74433,-38963,142970,-200951,86646,-138475,-37221,-162029,-53776,-46396,89515,169665,25401,54487,37473,44971,123419,-126015,81907,-7788,27909,-230942,-26087,-97135,-191159,-36764,-9011,-148640,115282,-83010,-42846,171277,128373,-147598,-36367,149763,-305694,242961,-131930,-193055,222880,175659,-149770,218311,84431,-202907,45395,58781,-43706,164683,151669,-173271,137401,-156345,-321495,1770,38991,-194842,102545,102625,88232,-4709,45123,-195222,-20336,-45003,100806,80959,-24369,107582,-17084,-83896,-187820,196237,159390,-109781,-128692,86887,-21364,-110694,152133,-125374,-76711,19885,-101618,180242,-13837,-68639,287365,180186,-62415,207869,-140250,-69508,1534,-80806,-145136,-36770,-228064,129624,148324,-9578,-15923,12274,-85049,-84061,152616,168741,-38846,-52224,107711,33107,133514,299394,171719,-134548,161932,22940,201200,114493,-205759,-81930,90416,17284,26934,131321,-155012,115669,-97703,-111232,78304,-21397,-6228,72756,-222452,-278454,213508,-148365,-279586,243606,116656,-192371,256298,7682,-26909,-108443,-188579,-116678,197261,94889,-271570,138923,-21412,23067,-84462,-182852,-109441,-162334,-38492,-34153,-69914,32331,175443,-94624,-284148,3461,206321,-121124,53935,57345,121959,-168152,84307,-214369,-378096,148128,-20427,-60458,126469,-60695,-145926,224291,64497,12617,66803,141859,-44072,-169039,93139,-18924,19119,-284290,-226493,224552,-29773,23727,324605,56305,-268257,157437,-167729,-299907,25789,-38558,-83365,109820,181790,-188001,-44663,142295,-65484,143698,-627,-242364,35753,127741,-61418,82357,-30844,-222180,19076,57362,-123407,180784,69469,223722,-181573,-204534,-5236,70616,99817,-89836,166630,-87052,-172993,111779,7195,-261957,-111651,50749,-162847,-31589,117380,71948,67893,-24381,35433,196449,-10907,-47225,-67758,151822,-192070,-70533,-99471,-51766,-66898,-42592,-154339,92653,1789,-124243,-49527,-105198,-161688,-494145,-186392,256104,-204503,-37145,286554,-139186,191091,185809,-87549,56356,-109909,131197,-134589,-349603,18,114430,-151961,-208142,194132,83204,-193428,408678,227265,42714,168670,258768,162786,33418,-121436,41647,57093,-116888,90552,88420,-96057,186174,30236,149450,173152,11601,56466,102466,65242,-105116,114331,-188568,-70977,320916,23779,160193,86335,-51136,178133,147099,160935,-156943,-128646,79866,-97661,157416,-112658,64894,-91247,-112220,140227,-163389,-250071,-68246,-173459,-175751,-23432,-230939,168077,216481,-13923,301160,250524,66222,-258772,70346,232404,28101,38398,-55429,9011,-79697,21827,311545,-26096,-91644,53774,44447,169586,-166867,105162,58897,16568,-184127,32165,73974,-226244,56526,53569,-223137,74422,180883,-139731,334236,204288,1357,229819,137520,-86502,44937,-88312,194218,12146,137989,-83098,107410,78123,61142,-134283,122759,-100588,-91552,231162,114533,-87450,148237,94912,240892,-61369,-173295,159483,-48111,122160,185450,125710,13483,196436,66718,-263963,248202,-107817,-8350,-78531,10233,-32679,-173296,-70748,89206,285656
23747,-104508,-113933,-89026,-84034,111456,24209,-123548,61828,-66032,116887,166766,117075,-25820,99571,139303,7723,-140471,-76760,-15366,-156507,70766,-91309,31317,-21292,-113647,58654,15925,60378,16317,-86237,-132224,49985,90367,132954,38499,172849,-32896,-144925,-65765,94829,-128928,19182,22059,-122455,151072,63886,-122792,102070,-147034,-53417,92481,-39133,-111928,207873,59883,182411,184053,199512,171418,35870,202197,56712,186438,-139124,56688,225082,-62925,28846,61020,134207,149303,44940,-94627,121425,-27338,-70843,117826,122478,102862,97671,73585,-95685,-49327,103782,42107,164147,-66828,91455,-86713,131960,-10187,7646,6889,-42269,-26930,-37642,-102071,96917,127443,170495,-63389,135584,-9601,-32292,83128,42002,188848,-201767,49035,54039,-1372,-209178,-120355,-16644,-114915,-116615,186266,174706,21351,46222,-152788,149934,10965,156443,52667,204612,73344,62595,-32034,-116805,179918,270807,78962,92860,143949,-169068,-16797,4766,-80290,41477,48555,-191616,-91038,40777,4062,-199601,-128103,-153675,-183550,-19175,-141705,-52357,-45342,160837,39775,49742,-105847,-123038,-51420,148166,-13335,-202314,-157510,-114613,-180830,-81051,-106708,-128630,155731,-54037,29874,102367,-157142,-153831,-60822,112757,66951,-36452,-103126,-89340,-106880,-164706,-62441,102466,-165757,-21023,85921,-18520,-30623,153944,-26552,137896,-147514,160934,-120745,-111825,-121227,142946,-41552,127198,11092,-59679,168537,7289,-126501,73611,-127659,187224,-132391,6369,127033,-173491,-38246,21969,-112349,174166,49244,6565,187147,161230,-71291,8429,-6849,-37638,29790,27993,-87133,-110357,-130591,26184,122357,131425,-75987,-5251,79711,104352,-22791,-78760,-148283,161897,-125847,159207,-8552,-91295,86495,86216,-114052,124483,23313,-48031,155693,-95687,-97962,98234,-93922,-77234,106147,159555,38609,77012,-47630,2359,82506,102680,-166713,113372,-81147,152824,-16911,-104561,-48702,92832,61664,26238,106346,70248,21883,48132,165995,-65718,105700,-162864,163480,116210,78884,161725,9432,-90989,14617,54957,27334,-32332,-80230,-128352,-25956,-132198,-22257,-10575,84430,59411,-89014,-15858,135363,-100581,135870,-3247,169084,117553,-123146,-140192,-107178,63037,38598,10011,211117,305284,54086,199135,113705,107992,110485,199871,71418,14356,81049,-177248,154811,125359,-33622,-114304,-18050,212060,133668,-74428,80866,8003,-75835,-33594,-62933,-152593,-44886,129309,-26804,42613,51416,-14901,48062,-19501,211866,-88781,156621,-55862,133430,152283,-165743,-123262,-120798,-76435,8966,-88918,22524,186591,-153999,172865,143937,-169882,18237,-177704,30764,-30122,-109066,-137514,-116116,-52713,-139688,12100,66325,182570,-128668,-107843,39581,-161051,108476,-79898,18441,-137091,-19566,-25950,-153302,-82178,-73481,89114,-144708,-55536,-69487,-124302,2766,48044,100148,63430,81416,150378,-127191,178828,-68026,-57500,86117,-185602,87964,159527,-212348,-187951,-68599,202814,-78584,50475,39943,14716,-72120,-126138,92739,94088,57410,145654,204940,-34974,159123,84753,13540,71383,262621,-85971,10756,32500,-26096,-6599,111497,150372,-1615,26425,148848,208727,112909,186680,3208,78496,155679,228430,108876,-176295,1922,-103109,2555,-59112,141728,-36823,-159574,40296,-3597,174246,-84631,-90469,24084,-10586,235762,-31292,157010,5604,-115423,6948,-13643,125491,-139926,103918,-144628,-17810,3108,-48420,60016,-120457,-11084,111844,-98279,170190,-92122,-47872,-105564,82411,140472,-74183,-49756,-119089,169145,162165,375458,374913,156394,274754,28050,59805,65434,23978,120173,-83518,-44529,-144158,172933,-85694,72440,-23406,12369,-6552,88337,-72768,-27701,-52447,-44364,-12514,108058,40861,89336,-22391,108706,46120,49949,85722,111882,112032,116938,-105849,-172637,-4290,79089,-90088,67194,-14872,46155,105529,-16677,-24994,-110256,-23603,-204040,-235632,-149423,-204834,-204802,22242,-7362,-148957,-3723,-164683,17964,65888,-32,144542,52053,-47351,-152054,-110198,50781,96503,-1253,-881,-92683,-25595,-80906,-129840,-145682,-163917,-27583,-115548,73427,160916,45861,472843
74105,-45670,80642,-155250,41847,44750,29483,53799,129169,183839,32021,221656,55179,27271,42701,-13729,-23445,-118094,114484,192065,130083,144408,-99814,-62192,206228,41402,6615,-107218,17379,16457,36865,-165435,-56590,119649,98085,16016,-5818,187590,196449,50526,-34723,-113763,11959,4221,-201380,-121564,36603,-64824,-29480,107912,-84512,40936,42958,137640,22150,293657,311119,26333,-4749,250873,-88852,104728,-123054,125789,-55073,125133,238229,145975,10361,-97759,-143205,-65032,68291,52668,118685,-50125,-40233,-160348,-58236,-100627,2098,181371,175983,113157,-31156,68237,-4004,-50912,79858,-149164,-22722,109673,10654,178391,137406,69810,129579,53746,-183753,56991,-83565,61169,-12246,53409,-10673,-57093,-72301,103927,-124029,88161,17432,-28011,-183052,-40524,69299,203475,178708,-95332,59681,120890,-36158,129616,132087,31754,178593,156806,92714,75096,151864,-144373,87425,-97951,99262,51916,151898,212920,6113,-8177,168267,88814,-126616,-98125,-98872,109942,108359,-70442,-102520,-149737,-103207,-30281,-121802,88545,-186509,62190,77130,-141197,100394,-166367,-85856,-8239,55391,-26607,73033,6196,79373,52741,-64632,119572,159137,48262,-43826,28032,-13752,16592,90699,90765,110639,-18836,-172820,-33815,83282,145886,-66170,44995,120675,-120462,155145,162850,-85861,33856,11788,-90890,216352,135227,-171735,131173,112084,-104213,-75967,21632,-64645,-79666,-125375,-166179,163427,-172280,-137031,153569,50295,-220760,98133,34103,-232943,-86202,151088,20619,198803,-72268,150943,-124381,-191119,-44482,-13072,-227814,-153015,11678,-61079,119430,67798,172309,136055,179787,-155945,52056,-104095,118083,-160566,143632,-178150,105434,203223,2788,-98037,1964,-32944,55355,132281,-126183,30212,24231,-89194,-34248,110891,139136,-187408,-66225,-193103,55746,237107,58963,-91943,-121031,-152561,-36958,109465,129015,103212,-16712,76560,42313,-162719,-87239,-135370,156199,81276,-3202,5679,121874,105867,114458,-22917,-125001,97760,10862,39064,51774,87462,7393,131912,-110696,-92043,-41609,-57430,-82448,116093,-128575,80165,88033,114787,61543,7905,-65561,-55021,30383,-114621,165891,168386,163808,-109730,-154872,117424,128346,-46448,17462,-30669,4789,99471,-2736,-126459,-86161,-36194,204729,-58658,-51065,209585,29258,45688,-181090,57658,-114154,127429,141533,-150999,12204,-98801,-57725,72160,-85383,-130411,-91442,-83025,104115,49443,-142813,101430,-201505,-238813,-218013,14478,103577,49621,-3150,-70339,-134022,-56335,188965,-44876,-25994,-20491,-16870,117319,114527,171399,-25082,-167446,38198,-117486,129632,1475,162564,171928,89126,108263,-65666,-61884,152596,164328,-60002,-98513,40831,71787,-116527,-96381,-93721,139582,-60597,115459,200390,-44753,-91963,64246,-49347,-43961,122196,74562,-170455,-56516,171991,-63981,-2510,44690,43388,144899,5960,156304,-106055,-126914,85162,160461,44170,-117649,164192,88783,-205608,-18540,107754,108745,119619,-46239,-63002,-89634,-143347,51784,52814,53154,394320,-182268,-114689,34295,-153419,43686,83429,-145803,-127240,-106895,-102331,-112529,75885,101698,187338,160079,87721,112124,94664,-141651,-28388,77730,112852,-40385,151866,-96169,50582,-167890,-62413,-129244,112957,-135702,-18507,92208,-96629,-173661,-27901,176912,-138877,-20394,166459,167954,-49808,-65440,-110478,36810,235093,-115463,-36613,115280,59638,-30038,-18585,162672,89891,-86752,-131279,-72789,157640,-130091,116690,152450,-38525,-2231,-149205,-260835,-64812,-96667,-6982,-14111,297847,309558,308494,-20342,37912,16742,-85933,7700,-186150,-242495,-50172,38450,246518,186200,187539,-21281,-33346,75735,-23905,159170,194830,43659,100277,-138105,151278,-59210,-152560,157736,-196989,-49037,10537,59082,-144561,-28020,-61562,111690,-106744,217285,101407,-31078,38717,34049,-45778,126667,-13294,162834,-55155,-172815,151722,64222,62,98155,-79049,-34825,81645,157958,44887,4537,176331,42415,71419,-38738,-223347,53183,-101631,-17991,-70374,-67107,-129837,-127754,181685,-128185,-86134,-13487,4661,106007,-46352,-11849,45896,-6863,56664,-283334
-94889,-23784,-152964,16856,50319,-12546,-69418,19565,-139585,-26494,-14939,-9698,178626,165058,147569,215050,-20380,-49583,-51907,28598,37822,67829,-7135,85914,34519,27659,-397,-15950,-189166,91715,40300,-47555,-162710,-87930,-118475,61535,-52245,85656,-134526,-118711,-38068,-103032,90749,103172,59670,-24777,225971,167523,160266,192016,59113,42984,52195,28119,120380,395,87432,-118745,-225255,-160148,247527,181343,-31110,-14659,-24879,59528,132185,69017,-111902,-135720,101676,53903,167847,-39790,-55782,-118966,-107220,67554,-148359,126051,125873,130453,-11529,34613,42577,-118774,-105688,-29828,116288,72970,-42142,167844,188500,36235,-220399,-59184,4040,-28543,-155285,2754,-1978,-103572,27967,55298,132045,-28967,-43788,46492,23126,60506,108956,130331,77314,198653,-209175,-155314,53263,162202,-153862,96718,-7786,67959,-176479,179879,-148569,-59666,-24631,-35540,-53396,-37334,-29276,-71366,-130200,-9567,-35791,116601,-42960,-1727,-80366,-18788,-40361,122543,110841,-129522,-165028,-15603,34236,-84795,-42151,-122322,-59381,-45355,-162150,32358,-102379,-872,-115512,-141595,149855,183915,163341,-112335,-143071,99825,-131572,137545,-227389,91815,-82189,-92060,-221136,119493,85711,68650,-32410,85279,-77265,-15312,-175639,30164,-85094,-75565,64129,-180631,-213749,-169347,86780,14947,199962,-7823,-63013,-122081,37740,218361,159859,125642,259164,-37486,132130,122004,59185,-10642,-55961,2086,-47572,166874,132758,-213024,-45068,-108894,115938,-57703,174687,-90797,-33631,9809,-112701,-47123,-60593,173134,196442,163754,118102,219912,-26777,46832,-12274,39691,125344,-220611,-58682,-94694,-135130,-108410,-38614,-155854,-117936,168395,-30647,78120,105769,98229,120043,-65106,-155380,124337,-41902,131232,21637,3174,297160,-48196,45810,-122950,-17929,160912,-24065,60902,20376,49235,35094,-42221,-56013,-57389,21070,-34346,-91727,-103871,-27371,-40261,59736,-194429,-10676,202701,152807,-166530,211327,98186,26207,-72712,-150019,-178833,-52098,137605,-22491,-147242,103920,-1384,84193,-125471,-122314,-151973,32181,62690,-34975,154624,-38811,2244,-28081,-167499,-117431,103495,203932,46449,95166,22031,77014,30450,84143,-48219,131346,170202,-29400,-53491,-136321,-86650,-151192,-110630,70373,-112307,112672,290004,250234,-94842,-49436,-195862,-181508,45098,183724,169956,-113501,-99880,102939,133605,129677,29831,154895,86465,82512,162842,-131466,141476,-193746,-222449,58838,150640,98299,175997,55182,162946,72296,10490,166244,78577,101921,189173,-64427,3342,130353,-81713,-139356,182278,140336,24971,26472,-143134,104744,61191,-20390,85258,35167,-33199,-19839,-219674,-26975,152893,160722,137345,-8890,-232256,-218085,-169004,-114794,39885,125816,256243,255892,10092,60070,11934,-55356,-88384,56833,160565,120337,-61079,24220,-163499,5504,-50165,-28830,-89631,63073,66806,-62030,-125674,68060,67811,-114323,-78270,67190,-21993,191714,115416,-142451,206622,178286,203709,299048,29371,146951,138121,-75059,123039,61739,-28665,-354100,-605870,-310330,-358813,-304396,-138192,-87745,-15131,-133968,-108649,129552,117734,44661,-17139,-85434,-17210,87067,81853,-211720,-64521,-74103,-300786,-246022,-354815,40049,-4363,-98773,-186200,113430,-191984,-54528,72358,-10314,151936,26577,26993,28870,58635,258765,4021,-166826,179147,-88671,157991,90106,-32512,-91450,-51076,-109622,71545,155767,53835,35194,-25044,185194,-107894,80576,178761,-156259,15392,-217466,17558,109826,117022,191648,275782,278933,15586,62001,-259954,-352786,-309619,-315261,-461508,-246622,318711,63474,-3658,39606,292894,38768,26746,22847,178110,-140349,-29288,-77194,100885,134352,-62288,101862,-87315,-156519,171194,66200,113516,-196698,151546,42898,212677,221386,70360,24905,164405,165037,49217,-53699,87459,40263,149108,191132,-168915,-171386,15778,118243,102096,155944,-56311,-74954,40669,-18013,-68362,74924,-149753,-128466,36401,24342,-3268,144864,154131,210655,23119,-194186,-202162,-98161,-150510,-112103,-25582,109173,40618,-39573,-41004,63547,-145763,119456,92086,24570,-136944,6409,-48758,-172405
86500,105658,-64052,121501,-159742,-90409,172859,3288,-18203,-109674,134289,-177511,56196,-52085,59281,105124,149194,-89842,-23666,58951,107444,-45918,95340,-143722,227119,192855,-69801,-17456,-24924,105088,9239,-14808,-156168,152154,151586,-80200,81800,95141,100749,-86731,133941,-82367,157778,-138951,-96096,91022,115191,50638,-33680,84090,-131666,28115,144767,-12501,-34415,-203079,-242721,-61520,-194303,-101458,126895,84673,191221,207889,-59303,150592,11477,123849,-129791,-88076,21313,89677,-69256,-122008,-136409,40073,-198459,-147109,45399,-50367,108088,19493,-120270,142030,-155342,-180844,-47568,36503,-173124,-80707,-163173,-34592,19509,-106403,-118876,-126557,163804,-27164,-151023,-70314,47316,-8089,-152701,-80965,37425,138791,181105,16085,77105,198172,185970,-130080,32273,-20777,-5167,184298,5400,-119986,10001,-113637,-168411,-30144,-74158,173583,124753,183357,-31733,-29652,199980,-7605,65707,160600,258669,55376,-56376,-24915,74888,66914,54760,-25645,63579,65097,-31761,-182712,165267,24026,52063,-122516,176359,-158990,169490,138937,-49356,-67548,106900,52990,44312,156503,-48250,-64292,-90524,-6289,-146381,-23613,98525,-141160,100135,-169949,-134958,60789,-222731,-184795,-29931,121393,63993,2271,-119749,-28051,-101325,136356,61116,-34140,-161791,-175401,41576,113237,67822,-61408,-48085,35945,58929,49034,5562,103840,-1623,-146550,172838,158113,-46174,-58273,135696,35743,18850,-73419,-141032,-128614,-67178,-137379,11274,44423,-87443,21934,17732,-93714,125111,34724,-192140,41077,132797,214938,191135,29959,-3043,37206,146214,-73179,-62393,83559,-28376,55976,146125,125058,23951,-138538,-195931,-163966,-148140,-60466,-93353,-101323,-133959,-137260,-16506,142577,-101634,31349,-109795,244676,7786,195210,-91707,-1307,197013,46165,77544,3751,-128275,59114,-30667,102075,190034,-162363,-104441,19227,-54229,-129155,-188544,-153112,-203710,15861,-199628,-74314,-28491,-118711,14474,-47191,-24598,10685,160289,24854,-1401,-167642,34646,-44649,101801,108191,-25901,140404,-77864,-108374,163193,-21519,26179,36007,-34894,80072,-114894,-251052,55937,16730,-48887,-41203,-80233,32413,214162,92877,-61238,162678,53865,45536,-9935,-878,-93496,9882,36810,-87817,116811,49373,75428,-2093,134382,225824,122841,134438,-143382,-195631,154348,5192,174451,-53123,250092,207678,128348,4206,162049,-60290,110284,201384,203809,-218904,55873,75016,36816,130308,17278,141908,32692,-673,17821,233761,-4572,-77497,-78922,171108,155165,249664,183668,-9795,-124803,97124,110847,-49432,-180059,11602,59824,79725,146692,116795,12843,-159417,-155713,122115,-54226,-80206,-84750,-156424,48375,101761,-184590,-11397,-6874,-100897,234210,133795,28311,232350,-89818,-7115,137022,-91021,-41,-140305,-2939,75875,-25166,2278,-147530,88592,52595,97172,-153352,45441,145773,-90165,-32217,-72558,-160831,123314,96119,221170,71683,-67283,-101515,4177,-80023,-68252,-17164,125902,117286,189025,-27702,45552,146467,64729,-328754,-218724,-220541,-399794,-244086,170842,-142205,-19635,107739,158109,-158556,67777,24374,38001,56266,1539,-104659,123060,-175253,-28526,-107838,-147946,58925,168560,190977,137254,80565,-131301,36499,105315,-43436,76929,-162084,-174483,-157282,195865,108397,225099,87249,7560,57720,106461,106832,9482,43153,-79213,261712,-14918,77005,-114558,11886,60120,61024,-140200,87297,105061,65164,-54549,60270,-135192,-125081,-185681,-1149,-49539,-171937,105818,117582,17068,174701,74534,11193,-341398,-364813,-63779,33967,-330068,40016,52218,198873,259308,105886,136459,34708,-3133,240216,226902,4386,20698,144175,140882,-73952,-102635,153852,172136,-9709,-96199,189435,186450,97016,125795,-88494,161626,120654,72466,-30290,-114498,-10001,84119,-56853,110659,-132107,-133968,-171947,79770,103548,40550,-129046,-151823,-84694,45694,224073,-34207,218510,45546,73907,14145,167514,175114,107734,-162222,-55573,81979,60582,-128723,-24110,-8417,-19542,160417,3524,58605,-55506,71746,60096,27299,-130769,144729,-123066,156476,-192171,-147736,-87610,106582,380710
-18295,31320,-173415,54482,-9964,87675,125988,127356,-166819,-108347,-129418,-28680,98600,79523,39189,-97663,102556,54108,173292,-51192,-62240,-57415,7173,6940,94741,-75002,36896,129733,-63619,-15435,-92474,48071,-106845,106036,54651,17783,170748,-115509,24355,64625,-161740,-106240,39595,-29899,-143807,99186,-33498,-220621,-63028,138025,-7123,-90954,-87622,-148355,-10531,-340369,97969,-368845,-188472,45987,-115306,-190070,102080,-17858,60244,95929,-68284,176105,1358,-131966,52206,-195826,66578,-75891,7122,48355,16292,61906,8385,95631,126633,-123922,87713,-25398,-32829,140611,120134,3866,145508,90003,-21397,-142718,-54613,-26344,-32349,37565,15589,101203,-156213,-79429,-168433,-88147,2254,133268,-51838,72145,80515,-8591,90290,5412,100462,90141,93128,45408,-147243,65294,-133128,42360,123088,-83276,-40592,-223535,14956,112878,90893,-12644,-152614,-52997,108943,15146,-4265,-171217,77247,64387,158228,11322,-70400,-184301,38005,-23155,-110936,49749,-132812,-137898,181370,46636,-135308,-220196,83912,-34881,65617,-193963,-78647,152758,-78313,-166855,-22509,105796,-78471,30698,21663,-129173,197375,-133749,-116691,134482,42212,-93524,-224943,-249772,-135,104385,44125,-87,-20007,-5857,126719,-10509,-138236,-69949,194535,229512,-142257,-178087,-92663,44709,106649,121507,-147276,38391,-38117,-160344,168620,208629,-173944,65705,24687,-187763,26335,151883,-29982,-93427,96841,-93811,32039,-32516,28667,51920,-91033,-19803,254821,-65749,-111103,132458,37651,76964,-137394,-234084,-29443,56679,140951,147203,319562,202609,62614,130277,134994,-81421,-56112,135307,45994,-4679,34764,70661,6434,-57258,-52378,81553,-169048,-105939,-14352,90308,39906,1527,17756,-309111,-111760,95764,141035,291081,112398,206523,10405,250232,57571,57044,-78283,89530,-10779,82253,48165,65378,-152041,-183568,47657,-4691,-95348,116074,16426,-162442,17224,-121645,-109480,56497,90984,40943,65961,-112853,-122534,-28935,-59255,-88790,-36386,-112100,54484,166552,-114183,53773,-64877,121352,-179351,23739,166982,-64608,-53493,87468,-146898,-70622,-115691,-50217,23719,-80230,-78708,-7467,-5185,73663,-78655,96982,-119352,-99766,-88226,-131166,48098,-14278,36235,-481427,-209782,208646,-70910,-105699,218711,123481,90557,116140,96429,-84539,5911,-308652,154333,42540,165841,-50383,110637,90326,-92653,39802,25987,253003,243841,68301,-8005,106629,-271237,-302394,-125161,-207859,23138,-67390,299008,70751,-144846,-19568,-1566,-83396,119450,76107,169483,117360,210376,42209,-148908,-156465,-4382,-211611,114542,162623,48048,-44154,36487,151372,-64973,41021,-128459,-112605,85874,-147969,119569,-14857,57439,18631,-131324,16464,-79669,-65591,261384,-49694,-20951,-157843,-121730,89288,-126866,97718,138331,-73505,-23274,126190,11103,159752,-73427,33112,21226,121539,-26450,-162112,-118163,139084,-126615,-85446,251815,-28148,119543,92192,-83093,15118,-47431,162908,-198882,-9422,260015,122337,185442,-34076,-101470,-17922,-148539,-143529,-555305,-572834,-94723,-406275,-329723,-40251,-112214,-51853,-164228,-54805,99946,-169676,189390,210554,-40129,135884,52224,-77248,-306355,-119376,34074,-84222,-33650,269202,187185,-121751,-109462,122098,-138293,135996,-109357,-157435,-65732,77705,195401,132307,271333,-41503,113207,-8652,171880,-37852,-14494,287252,119374,3107,133991,48215,-19862,175748,137893,-24072,-146145,23470,168894,-51653,-83300,-34832,88666,-79357,52707,-342950,-158034,-44701,149267,-129940,282015,170413,80545,-543739,-368458,3776,-675574,-409106,7575,297572,73270,127729,47333,152888,-52461,274829,-22131,83550,-188245,-125918,11681,-161761,-147612,19602,-140290,51569,70278,123141,60746,-9048,-17858,64863,-60166,87302,-88542,70412,7117,84643,65825,-29884,217847,60950,-139092,156353,-6061,-54567,106564,212136,-24941,-104467,-100343,192301,-136118,-28730,173847,-74562,16422,169393,88329,113159,-84409,125220,24521,155792,-120580,-74646,84156,-49137,-174285,-33406,-135697,-53875,-93623,49381,-26284,-113896,148274,-139725,152164,75085,-181349,-99784,-52211,-29163,-43586
-130715,31574,-81496,-41514,115040,111187,148819,33081,152164,-21446,-38102,-125552,60143,-2770,-161150,72548,-28814,-135565,210685,111270,70308,144072,177263,-98858,-103400,-43307,126406,188384,-134029,-140963,99571,-67726,-124434,73839,101903,-84971,-55692,84848,44676,-126345,81918,41229,32331,36285,-77768,-75493,358,-90785,-100050,43252,-162489,-153890,-102710,120441,-134673,-222426,-8360,77666,-16254,-29593,95827,-27263,-15768,317190,56040,159228,95089,-111928,53076,-180976,34081,-10223,198535,-64245,6257,-57841,103319,64419,-116883,-128058,-124546,-53216,-62083,29467,19069,146570,139932,54611,104115,-12421,20992,163601,-181840,-122417,146770,114371,120221,127879,-39138,156702,91626,-18622,-85104,-14315,123177,17681,136748,-16996,217548,-17467,86938,193490,-185372,128294,-234256,-103114,-97952,164806,57593,64129,168,-62159,-22874,-120590,105855,64717,167144,-55213,-110853,33295,-15351,62495,-110786,-15282,224638,39118,-116081,-56279,128306,-109733,-61962,135005,-58306,-122876,29065,-165493,-68131,-160720,128846,62642,-53999,-21489,-71953,-66690,-116578,-245941,18613,20231,85910,166257,-180010,-27000,112218,162477,-59674,159255,73465,-104976,-17421,-121952,167308,-134849,112015,-23103,166149,151049,-27855,77554,-113154,-88186,169957,-30566,-53886,61524,115521,-125220,-21480,-19941,-108471,86029,39202,-60842,-153601,-45605,68316,178,-104604,-256784,73932,14545,-12791,74478,-100449,-80039,56380,126963,15429,26429,39303,13481,54057,-149239,-157388,37847,60358,66942,13854,-317430,-258976,-70957,-223282,1601,-60624,-53304,-181090,63009,-80330,-53810,158453,-12270,17866,-112206,100990,-22600,-49970,-7783,49657,80336,21080,-14031,65795,-4355,160022,93575,-239916,-476665,-1011,207980,132364,214028,87998,1436,-32755,-49353,-64623,152388,-100314,-120803,-105183,6528,104943,166184,114107,-169892,108214,31855,176366,-146656,-114881,20052,200296,-48684,-100463,172470,231082,-12542,129728,-174389,162797,-21057,-64172,-213099,-33577,-120710,-162653,112731,25516,-104384,63724,-153742,-160289,-125408,-44025,-109315,-85562,75611,-85855,17777,-35081,-16017,181745,95914,-71367,-105799,120563,-5146,106574,-52468,-125574,-43468,-124312,119240,94574,-176052,-125274,-339017,-39194,-10928,112297,7565,-116534,52533,-167686,-122437,25041,-180955,-94587,183179,49278,-101905,-18727,-82449,-83822,254842,-160514,-7984,53217,91369,94534,-139034,30744,72277,-120176,-222281,-1548,-29656,-126862,-64444,121924,128284,68217,115060,-166281,-181062,-48632,25776,-46367,230,-185178,34466,-57646,-168707,-138576,-16286,21108,68088,46751,-4143,-108198,120342,-15579,-90041,45620,78531,51561,101388,-25681,-101179,119117,-64310,-118927,-31029,-66897,44816,-20332,-35732,27390,-34686,-33035,49523,24457,-99666,26682,161999,-58616,-105611,59964,-50805,-186830,50053,98997,-84867,-28396,-159494,72600,-1853,-61198,-318159,39474,140606,-174440,31522,174475,29490,23463,-84143,-266489,-115345,-32779,-62960,99318,171255,-83635,-306088,162209,219341,52095,-280215,83914,20634,204527,193508,123744,24752,-77341,-84737,-127100,84508,39046,-105153,-205024,68095,296076,108380,-152018,57871,-150165,38711,157912,129934,167058,135891,-209667,-123113,64177,57375,43887,-93834,-160098,242086,17062,6486,-77421,203478,135621,145472,163694,5223,241850,-111571,-35327,29280,-38429,58489,12480,-155555,-86692,-55936,-11895,-154455,-10196,69456,-37853,93411,25465,-88084,-99927,-427362,-83403,212883,-80269,139033,-174138,135945,-74207,-193055,72937,97473,107656,-17564,309508,202985,95186,71721,32548,249872,-52771,291811,-150848,-182007,58622,-43112,216965,33161,-197056,17330,149017,72143,-94430,55408,62420,22987,59673,-29455,-15611,143882,51334,-69819,-35356,-145750,80820,-46566,42164,-159659,211838,161526,9784,36699,135437,224091,133222,103141,55164,145421,42243,113506,-11057,-36694,-115263,83347,-139550,67807,47303,125439,4454,39182,-59014,77058,200626,-62758,-214865,-20850,-19097,-139619,-145648,124753,-13285,123667,-246837,124889,147995,-182925,118355,-1634,-71404,-62027,275608
-156205,139080,-124750,-120613,15279,-40878,-154099,-145165,-88757,-55429,101366,82503,102381,-75378,1938,129653,28886,-154057,-114911,160697,-44357,-166566,109782,-117084,92559,9629,2974,-127332,10839,81162,-155466,148392,-178302,-167298,30877,-99874,115628,-122429,56129,111474,172587,-89207,-40406,-77498,-188081,137840,121640,-138063,59775,57034,98246,101724,-65510,-99228,225852,210402,-25979,-3392,192581,33955,154530,-200331,-51481,176909,137569,-10390,160120,-134511,49094,-104816,-7602,-65823,25709,-133122,-9636,37081,55634,94062,-16560,-51179,111922,-37638,-69704,73532,130243,89124,37377,-162475,-50742,-110630,99015,-172058,-156292,-105050,-9299,26419,-126201,-152062,70431,130767,7211,-108503,-20933,-55302,-117301,-114149,47154,85922,60356,38265,151991,45164,48493,28640,63765,-9376,-30186,-75859,50997,6431,-143349,-105907,120536,-111932,58796,16072,28454,134399,64117,99704,147654,-76851,235119,64520,73013,126263,110667,-188662,54491,74855,82256,-110293,156818,35075,176901,68754,18761,-145696,66263,-127988,135386,-5384,-13778,-7439,-124046,57538,51189,-32220,-152611,80132,103657,33520,-166160,-32448,5447,126348,75590,-130375,-121640,114201,162768,-100272,-136028,-96111,-39631,48165,-92893,-147498,6751,-133117,-19993,31498,-139843,-51744,-36534,98475,-160547,40027,95633,39842,-180723,-29264,-9576,43797,59693,148627,154506,-32392,-138072,115916,-23158,5249,114214,-79187,-118000,-107213,-132432,-41391,-229327,109929,-20397,2386,36618,31315,-69519,-152644,71491,257167,-64848,29559,6552,119890,279174,-59762,104973,144141,-34070,65805,8520,-24754,-52769,-120284,159168,36166,-81573,-139596,132846,-154744,-68879,-115426,61550,63508,58213,-24856,57793,-5655,54721,5293,117065,51618,68968,-140658,-40256,138798,25975,127917,83788,17168,-12396,-11827,25638,-70160,64797,-136595,115956,71209,9609,-82596,98852,33907,174251,-131542,-118171,-48695,24369,-107544,161356,121213,-94922,-152222,-88236,6359,145329,52606,20319,35933,-140872,97829,113225,-128712,53510,-30447,-86388,-185371,-170042,53930,119344,-107080,196128,46312,190965,-78344,210456,-9895,82338,-50213,64985,-147749,127657,84127,-12302,-68577,94771,144384,131339,331226,199690,129939,254278,232459,141074,55809,15979,42106,5682,191345,-103413,-101221,74013,73111,-7755,228142,23912,-94483,26014,9289,125614,246238,218654,32556,-164894,69028,-45728,-106002,-134247,96262,-131913,-99823,95849,72395,147564,94279,-28442,156726,-161015,174398,58263,-23063,-16911,53400,-4832,-35661,134229,71787,-31243,-82287,171417,-138306,8122,-19690,93927,9481,-64773,19193,5739,-121655,76161,-137625,82610,100771,210776,-123403,-47706,54649,24129,28558,86976,-89554,-5613,59547,3114,140866,67351,38228,-151446,-59324,-69513,-176093,-149414,29340,25328,-70427,-76082,26833,-145856,-87705,-195917,-85205,-13664,161358,112644,-92701,17818,149235,20074,-90055,43622,177732,115324,144526,55182,131736,39330,214205,76336,-96514,329360,145479,50727,-62626,62263,-137850,31891,-15810,-55196,-92630,64996,-114728,-90237,151990,-57638,270897,251006,-170023,98960,-105446,4952,137314,-118819,-159929,-103235,10679,104846,-104576,25786,96005,80576,-124269,-155244,200422,-56245,32505,28418,21926,32651,-46902,19255,189276,-110412,191064,-54336,279591,-81229,14651,32545,-8606,6155,163458,173918,70673,-46892,-46253,-107547,-44350,-17412,-33966,98941,84117,125627,-96282,-124369,-161440,154597,-94120,170454,213917,34787,-24478,123033,205801,72641,110435,217695,208037,87393,27218,138816,-4564,179481,37366,-122864,17696,92088,-391,-57669,-196000,58036,-60051,-25001,35435,-19027,-164298,-129643,-13273,-156006,176485,33259,96530,-98763,-135500,155332,4398,99102,-17195,39756,110251,80859,-58334,-85146,114752,173201,-72641,23123,179207,41327,8876,-131202,142835,-43491,-116546,-97434,-42394,-57338,129773,120362,151529,-140734,-37677,96116,-206637,-11131,-131464,103214,-140704,118008,161460,-126960,-136345,-10863,156300,-72815,-4226,1552,-195181,-5017,138762,805484
-63532,-9065,-20846,-70747,126888,-18279,116804,-29886,68369,-76634,78849,-56330,-134137,29618,-128646,-88385,-93618,52923,-150926,115026,-138511,79791,-49943,124760,-84644,109418,91649,-150829,-151318,-140662,-87652,-111808,171672,-107117,-81224,-138632,-126463,212627,69397,-92536,-94146,-60908,123369,-111882,-52693,-204820,10219,28625,123313,-124107,-86083,117990,-117779,76718,137651,362411,124283,-41399,66905,-55562,-7052,-86427,46555,-152078,200522,34519,111408,281720,266229,-113844,-137217,-83005,100539,144566,-51635,-179095,91667,-39890,-420,-23142,-63095,76011,156692,96581,-84061,-140550,17164,-37316,64356,165818,-189433,-21107,65544,-3341,-92793,-82245,-157109,-57444,-162708,84294,107047,21042,34756,95777,-95011,62748,-124514,77886,113170,47540,-18244,-112574,-97411,114326,208940,109505,126005,125412,221306,-96327,41733,188326,117057,192324,87846,-113763,24384,130278,119171,-133791,5820,122713,231689,80703,182106,127088,-154995,-3054,-69271,157402,26765,-27865,-151044,-24882,31822,-36627,-4352,-27425,-166629,-56100,-98643,-88202,77261,-209465,39335,127078,119992,-116310,-32993,-10297,90636,-84424,99692,51401,40224,44365,188651,157117,-81532,50230,53726,-77510,-63253,-129979,93955,67347,40676,178281,90354,66019,140032,-80871,-64792,-53093,13646,93042,-151551,133433,130458,-225504,-2548,-69787,122264,-140201,-23737,-29974,60990,91293,-47193,119608,-6305,15751,24558,166915,88073,-22844,87451,-128774,-129737,-82383,64289,-152685,-103702,-192357,-126650,-88195,-131737,-127132,63062,-350748,-102125,85980,82252,76207,14160,-52028,-18923,-49287,-62080,93878,161636,-154722,-106673,-115227,-133255,-33678,86663,25037,63490,-24328,94024,-58211,42562,60829,823,-52133,-228860,-181977,-66445,-96559,43177,-86091,55641,-154532,-151131,53589,61730,-11297,223021,171381,22950,4738,42181,154604,-73830,152932,149763,124877,-101895,144642,52858,160978,14008,-43963,-90099,15745,81629,164966,-55673,-44903,-69299,136415,-156779,-12174,82850,122413,89479,-11917,127542,-116816,-154412,40321,-53668,-105406,116521,206129,12089,-634,112036,16912,-197284,-11616,-52642,34205,4516,-97904,46943,-83534,-44397,3703,-218402,104352,-69956,12846,108703,22352,-1127,39197,-254436,-300851,-89763,-119564,-29656,198600,92411,-95486,43466,-53586,-21467,50898,78039,82493,12693,-125237,-38919,210214,-59378,188582,112213,36347,4837,154838,164537,-82150,-33404,7801,-271171,-31186,204830,175264,148438,83851,-187871,-206669,183035,121719,5663,-149483,-11027,-173271,-1139,59106,192080,-106457,-25058,3574,-95721,2850,-13622,-16310,144911,174853,61925,-119717,-157311,105393,101607,69992,-289531,-183934,-110028,-49073,-92733,62888,126143,-126364,-103396,122900,14037,25345,13818,88739,3047,62932,48742,-49328,64131,-45183,148842,-22191,22060,91051,198454,-46068,212941,-304353,-371221,-81352,110034,-136185,124335,-153450,22451,89393,-25697,-120042,-132423,-20938,-164406,41779,25308,-114589,-61316,188231,227598,282559,-96882,139574,327883,134106,113394,-12137,108166,-46886,-55233,-37781,-198939,169746,97645,49892,74404,39801,93819,305963,-76000,105939,76711,158089,221789,237198,163145,-160167,-23622,-10501,-121381,-32620,-58856,44575,127269,-197744,-75756,82231,-229944,-13632,-189914,136393,237932,100390,-8557,-75131,89716,43574,-74981,11880,-40334,58960,105790,-153802,-24908,-160531,743,107528,-92701,108266,190192,42546,-38823,-9022,-77355,29868,-290456,117177,16541,173833,-127825,328930,497266,209504,-199522,-234269,7908,72806,-21583,152164,-374237,-201490,-65501,127945,155644,185914,119478,-875,-19497,25372,48717,169364,-111666,-156682,86829,-96799,-56579,58787,-32616,-118440,32632,-4281,-69674,-182844,105808,-6928,58692,184030,-141204,-37418,103874,101089,-15319,52229,-109019,-127946,41065,-244086,-262535,-103238,-159334,136969,79755,167581,101491,-179671,25297,20451,-116128,-101409,-50520,115905,-90311,33077,-44028,-69801,-17446,59016,137489,49533,-178730,-1230,-187991,73863,-226755,-117601,-83785,-143077,33205,-98455,143617,69513,280632
-37808,-130594,130320,46346,151636,-111540,-139680,156805,-148690,6526,173037,-10117,152287,-28584,19765,150183,79876,-17759,-47455,134144,-32244,-92933,103006,14315,112401,238878,-67982,-61464,158313,15224,165051,107086,116340,138908,85058,29869,-14118,204413,-80609,-27026,147504,135861,30524,-9004,37332,159386,46127,31525,-178435,38878,-165951,108472,43753,-20978,27852,2456,79697,143281,-120650,-85083,-78118,-203794,54660,9614,-150270,124145,-81624,-178845,-63869,65747,117869,-57976,-44417,13773,98693,13918,143211,105043,-9282,-63180,52264,123851,-48389,198034,88855,-16651,177598,65480,-6021,108476,164967,-103929,144530,-87311,-36898,87406,41027,237638,121475,45483,9836,8179,180598,139814,42674,-49795,75900,143281,150851,12774,-59301,97773,-69645,-151316,86765,-30193,165632,73126,-91322,-31988,96003,-163837,-112863,43833,-174735,-162855,-7576,39835,-28453,-119439,149517,-134731,-131195,-55363,107473,180267,173099,146163,9270,-124219,-127950,156557,113957,123643,-139860,139068,-59226,-147934,-161400,-67969,111274,-17630,-126826,157140,-65148,153481,44984,76913,110382,81679,-32947,-142253,-70377,30451,-50736,118713,79208,132516,10333,-54920,113502,152179,11287,82331,-117171,-4935,-58810,-120205,-90465,1643,-22338,98369,18514,17884,29155,29127,229050,-192,213677,155769,30621,-37957,172439,44508,-65748,1155,53876,59167,-93607,-114414,98865,30168,121326,77062,91305,108673,-96929,-17126,47454,140809,203732,112444,85264,177511,160168,93950,45316,19954,-67138,-65869,-20650,-183127,-171759,-149360,-173869,114234,63582,-79480,218290,190754,71274,54524,114516,-72388,71455,-105160,-42134,-112678,12781,147093,249503,-99032,92673,170725,102626,72063,-190218,22820,178,165029,-55493,-109528,173903,-77455,62109,-90225,-35125,150390,41954,55851,-135215,127797,137703,-11711,158396,168533,-36447,-42411,79964,188487,-5205,-153613,-54018,161830,-65537,-145263,158156,-114733,134085,-55438,-46442,111063,22432,103184,24405,8923,30836,-180172,-99848,204939,49689,-72824,81851,144509,-63572,84288,-136572,-151084,172225,-12248,-182473,63420,183301,-151009,21687,-45077,62669,-45524,-54668,-68097,-147069,132834,153188,-91688,-6610,-233251,-54967,-4426,-93312,57328,-10760,101796,-147882,-210187,-48313,113963,-83620,-110683,136849,-36063,-1748,141606,5216,-138452,200193,-180260,27181,-177183,27059,-76626,-54261,-136874,3009,10763,24288,36110,74263,-69145,-35320,-44197,-281635,-133610,73774,-102013,144303,52531,-31803,-54152,87381,98776,-46037,-11591,-41226,-50245,134322,-127848,-115676,14716,-141597,102799,91467,-41957,143529,78411,-64248,20371,18035,138905,-78190,7309,-56731,63715,-36576,27092,50862,217001,165552,-86635,183203,100606,-22831,-119799,123416,-27631,55471,-29281,131792,6540,157389,-105164,-161577,94095,-140665,91138,-39890,112805,81455,-65144,93407,-92169,-3414,98631,-59516,-128483,105788,145559,148526,93344,-221289,-5068,-115273,13725,-90877,94066,-180188,74375,-231868,-399462,-282666,6232,-66940,111965,69729,220450,-64360,78147,117017,72888,2633,102196,-136927,73782,-92321,88305,44493,-251016,86686,-97118,-200373,-180525,-18176,187424,-28149,12522,141399,-100040,28507,61920,22901,58505,-81322,-65324,-44370,-59012,-136991,-5749,-58053,785,-61477,-28380,41571,176507,218069,158723,20093,239449,237490,213557,70069,-62567,192872,-50236,-1376,-49581,-136109,-102124,207537,124538,-107143,40412,-179786,-49782,-80694,-101872,-86109,78021,-316764,-189711,-81597,-61843,222958,5854,-104882,-231729,-57380,181534,33597,-61148,-139703,27890,-151011,23367,47061,-48538,-9436,104149,-35038,-60401,-35969,49884,-47968,1994,169243,-69912,-18384,160846,-24392,-134282,42638,189406,133223,3211,-35758,47216,99215,178749,120042,-111383,13232,-5024,-116930,17038,160252,81681,-29873,6262,-75193,101705,-170809,53389,194664,21994,11223,150971,64706,33529,194291,136536,48568,173365,173489,21047,72776,-73621,60085,29232,75929,167870,23174,21059,-37470,11183,-85148,50718,16012,-23796,-233702
65974,-324070,92866,-32905,103932,195654,-32118,6748,76707,-290418,-354240,-58445,-275923,-172264,-49112,30961,160128,222519,-116854,37046,16097,-85202,-24679,-73769,25145,-42122,-38430,-128157,-293364,-138853,-44134,2213,-12681,-117205,191047,-36281,-185786,-283353,-210278,-186507,49956,59250,-193833,216088,245282,21310,-291940,46968,39951,-132050,-27206,168814,92137,85627,30270,164151,-118011,-80300,-160192,-14421,-134208,-17591,73662,-450016,-9547,233796,98035,140984,437924,175538,33181,-69961,28497,-101225,-34594,189636,27184,202477,-197720,-105143,-40817,-99267,-293347,-50445,-110339,-149116,90571,-38362,111891,184962,-123879,-134884,-308880,-78826,-20869,174032,-221593,9479,-82306,-147866,-269648,-79125,-132191,126357,155305,-102767,221901,124936,-238253,135761,319128,261591,98629,300425,186418,107074,39808,243002,-133418,-65574,-48501,130769,189216,-138844,-36316,-4106,127535,-104240,98818,174220,-7446,162681,-199388,4614,33017,-196548,-76987,-125488,-11189,-180558,124284,-15151,137754,-72051,-200279,-382589,-368532,19168,-303575,180902,11038,204740,207530,61807,-328943,-343297,-67438,-174126,-12357,59185,-6344,109598,77153,-381868,58057,-68447,84302,116162,89615,201778,-14658,-47522,-301970,-169231,87410,-88479,59248,-54392,-7200,176373,-313223,64038,95779,-76348,129888,146938,75123,-100176,64473,-464126,-424166,-302631,-99276,-236282,63825,-32659,-14630,-13527,-155514,-487148,88205,-24428,-69445,-39084,-78642,171932,149192,-491341,-124595,82825,56015,71148,28694,113055,122688,-79489,-214456,96058,-15542,-397130,-57409,204948,-12852,240294,38770,-24767,-143896,-23397,-136843,-117486,-19362,-136746,42498,62471,104276,-424979,-285539,-150133,-259424,-118324,-95137,-67161,-25889,-289363,-142999,-990237,-178179,-644047,-201695,180835,-10413,109664,14446,99567,291031,149491,209279,121878,-45692,27963,58753,-134029,-368404,153877,169531,22721,-32167,57109,227740,-72502,-777,-371965,-55228,97609,-41389,-105215,71859,172132,232340,-137209,-189444,66187,-60410,38916,83584,-138663,17940,220493,-329084,-59516,109430,-174695,-102762,189069,-86143,122992,150426,-130852,-62989,332044,-79661,-64987,266752,31706,-57447,-203978,-315843,-209303,116524,-1745,-51354,-12219,217162,183690,131463,-7094,-206836,-106739,-420191,-36560,-95570,68005,-21035,-127302,-269920,59797,-154764,-98016,-166449,-49295,-121637,46570,48850,-238428,-449275,-267975,-275750,165259,71086,35435,136543,209659,91874,-112416,-103136,18737,-35658,16998,-75150,-15888,-109608,-732679,-276565,-1012,-300058,-4157,191003,-23768,112259,110412,-44852,-150846,-313582,143282,18944,-76756,-67634,93040,-36146,-249002,-319915,103916,117362,-64947,-115511,131473,72856,-136500,-605124,-286645,-264591,45766,-207657,-201782,184321,-134954,-14434,-421107,-82787,66124,-146920,79114,185996,-41844,152069,152019,-135080,-46397,-16184,54804,76194,90805,-105574,-76783,13433,-443689,-427780,-538612,57257,-342229,14838,10890,-40636,-14620,-187160,-242618,-33247,-312338,-106505,-247317,237426,31322,161646,426436,286007,16294,352127,554544,-159892,14284,87129,-38157,-242203,-93770,222875,-129094,-209054,149138,56741,141543,-76589,336439,176435,26293,201941,-173468,51941,-320179,-154500,-269899,-195373,-537703,46449,147668,94819,39634,18520,137436,94324,-89194,-89486,-64951,195562,106903,-17334,-134682,12592,24147,-218070,51820,442033,209583,89769,162908,61606,-155074,-176605,44155,-202453,108809,-82071,-40359,88141,-34034,198789,-49399,-196901,-88444,88760,-170111,-162630,76563,1621,-33942,352,294035,271571,-352941,-333465,249507,331687,-51979,198959,210275,47475,-166676,-563440,-44077,38566,-224384,-273404,-73072,139038,83818,-81499,-131396,-91432,-58994,184710,95998,89950,109738,129291,-61040,-185677,-114188,-178237,-40878,8945,-56448,-47624,-95194,135432,239809,-23954,120910,207429,132660,11601,-117426,-511326,-462989,-448444,-85425,-178539,-86537,148884,-31278,-13313,-139210,-273211,-31206,-166473,163670,132448,-66264,-54076,117231,-521240,-377975,73644,75079,89688,156924,3005,-49695,7738,-462007,-33788,98249,-81617,-133479,107373,131964,165025,-107722,24379
-196427,-85847,149875,122752,156957,3984,46727,144493,-63392,33630,125145,48347,145026,67320,25107,82826,-118213,78615,-292266,111296,110828,11901,212644,230223,75771,168440,173222,78590,36921,109425,-154914,44758,-69785,128816,-74725,87109,86553,154789,71276,115848,-7407,-34411,-94414,129994,178718,8722,-11612,152532,-69894,-45414,-183766,-33132,-18904,187808,116911,38379,135503,249642,-29394,-122149,-28468,-47198,92582,163739,-67020,234242,29243,-130968,-190294,269577,138695,-6669,22587,-144574,-44006,177539,-183243,-51483,-5548,-92106,142588,25181,177895,147805,120738,15035,-45720,19677,-52602,-14302,-121808,154361,141710,115674,149935,142249,-74960,117058,15632,26632,-79429,-172435,21805,-114277,11046,100845,63487,132195,155382,29765,85280,168747,-176353,-130603,81418,107874,237617,-28621,-163637,-18708,150842,-101589,14179,189868,136853,-23741,-17553,-213409,-63249,27146,-155450,77018,-141443,49479,-47408,-100586,149551,-7122,-4110,-72724,-28993,19351,-5490,-52135,-126252,112530,-88690,85887,-151463,-71643,-94846,221400,23035,-172260,8004,108855,-49766,-151433,108752,11152,-168711,-124814,-180050,-164499,165002,116667,-118125,64123,-19025,135751,19384,-41214,124971,-36104,-116198,99590,38604,138245,103823,-108479,-198119,-17391,-3641,-32035,137827,151513,92324,175651,250845,61812,120150,215961,-253303,55313,110784,-107036,-142003,-56284,110611,127365,184677,1863,106038,155687,-27899,-114633,137264,-66321,-71576,-92140,20629,-111479,-56470,-157356,210600,44553,75088,-57008,130667,-11723,251045,-9463,8769,-106923,-181351,-44016,-96193,-137245,-31118,4904,-39678,19333,-119487,170470,2066,-12667,31684,86864,106043,-137251,27504,27083,160011,-98705,-386,104162,-186066,-51384,47539,110566,72774,48003,-91153,-132507,142340,99998,124449,-160199,14151,105701,60233,19308,84415,-79193,109864,-5075,175336,62287,46860,169203,-10679,-58206,-33042,-121782,177853,208632,141980,27363,246577,-178469,171672,36938,-134322,35257,-105666,-20328,-18396,-115867,-40919,-173466,-79580,-111077,21161,130455,108353,113222,-123936,-231734,-79994,163406,13756,129288,-49848,-156441,-14468,96691,-79629,11605,36075,-130974,44577,83114,-171650,54543,14573,-61305,41976,8411,34588,80415,189918,-77932,109075,-100231,-83777,180356,215510,-200397,188949,58487,-118736,-122985,74397,-143986,39277,2711,-121497,-88709,-30010,66891,44453,160874,125509,-219937,-79374,153229,-132209,-124783,8799,-240407,-191327,-131254,185323,84191,-11784,22984,100318,77801,-43638,-73472,-174941,39152,-40015,-166128,57934,-55284,-90484,14335,-109149,80131,-161590,-90022,10590,-59487,126105,24251,-32026,-29769,-174268,19231,-128761,-137444,194618,256303,-153920,-125521,-76514,-201178,-169537,120613,40406,-72701,-27751,-128550,-35207,-110146,84859,-144190,147295,-161985,55030,-60525,22564,-48965,128439,-185534,81565,225122,-197680,45385,17134,-34255,92102,-154357,-51399,108757,-27289,89801,-138792,158711,-42714,-190194,-273685,267341,-83099,-271433,209302,-124048,-321514,-131146,114743,137198,-142873,197405,63113,-102070,-116463,-87330,-79999,-120036,190384,258570,55436,-40614,49915,-385061,-230034,107427,-3843,-133232,-45815,164617,101048,-104820,-73897,-128258,-19988,100172,22174,-26884,73626,18095,-254297,-241846,139202,157988,65767,88278,10188,-87449,36906,1866,-67342,57889,-77772,-93433,86421,-7757,164609,166759,-93223,180087,-6140,-7696,60705,-27202,-6623,51718,99945,-87774,-124096,16784,-113909,13659,-118510,57333,-271629,-309637,277694,-154505,104617,-176113,-79554,78382,-224737,-106346,134655,46099,20068,-9076,-79611,-200052,92898,145440,-49173,182540,-178833,123674,117511,125517,-6168,10900,-124401,78316,195846,95854,119972,228206,101862,-34593,-57940,41812,-16624,74487,-101040,91752,62545,-37122,-59323,-96616,-97399,-70904,124540,28791,-58921,-86970,-42955,-98266,50333,3404,-103896,-52106,-136140,30536,-32726,-95187,210008,160731,-101071,84448,211183,-125518,139601,118393,-140945,94798,-95745,-56379,39880,42309,-131786,-154373,-121959,-138195,-177629,42095,-144708
-107913,-145934,195060,118465,5613,56156,45051,-12632,-95820,-43901,194525,34913,46538,-66596,-51638,40747,54264,-41773,-149190,17923,15893,-70571,141059,93307,139517,-48356,104330,117513,162462,224819,-83163,58836,22495,2345,-5376,-131862,-163393,171146,47271,30631,130771,83396,-162732,61575,-206240,139747,177729,62936,66269,-102688,-94848,-6803,81487,146361,-130173,39073,-76097,-12278,118337,168563,-2802,-193386,91759,-92922,267857,37735,-85311,-17825,-181768,-49753,82862,237777,87922,19591,-114596,55881,-131849,126247,164288,66016,-74192,-59790,-97116,146386,-8207,135690,41327,-9789,-173651,6944,-114275,-40914,189346,-57397,217380,176441,178557,107553,-169207,-37395,-33516,-37466,106985,23824,-79343,80318,-134163,39762,141944,133498,155637,-65602,-113449,22640,-6018,-109883,155457,155178,-48010,159655,145145,11170,21191,22454,87478,-146314,174886,-85902,-56736,64194,160852,53555,110946,66433,117495,-15402,178993,-43273,177271,-47563,-41869,-115494,-24148,112898,72829,-34569,210973,58804,74597,54334,70806,20626,-196763,34499,229485,57938,45353,87868,116689,854,-165787,-77091,56271,-135399,-14142,-118130,-186760,-127330,-26559,140066,-179692,188709,75810,148446,-41940,70901,-98431,-87164,-146036,-98992,-123401,-28804,-138255,-165627,-15669,2923,-71460,124899,-62433,22416,222297,140339,101760,-136788,126292,-89266,-54928,40572,-46359,151599,84174,30230,-59079,34268,-51609,-123813,-77961,-40504,181239,152736,8269,29911,50969,-50189,120733,-22806,134312,133370,-53029,338522,181540,-121770,-135722,-128384,-93246,-150932,36444,182888,48959,38930,115075,149028,-33830,144042,146197,120645,-91092,39658,92168,-61561,24326,108492,-27162,-72437,-43270,264637,37458,3806,205832,-8901,70549,10372,106983,172461,-27548,25289,-33734,-63637,197254,-56283,67422,-145627,171387,114013,54333,-2337,20322,27251,68426,-129693,40341,133956,154547,-108588,-11080,179120,134867,113345,-73636,219054,-11666,182165,5765,-58561,-5466,98847,115424,-209235,-173726,50348,188938,-127487,129407,-196790,42919,-153304,-236396,-89344,67589,176998,167301,46250,39990,-38191,-9061,190825,-15070,55617,102030,7031,-133722,-96573,-42211,-102825,-17358,-23755,-186935,81468,-156792,228871,24928,-201799,-9911,-130786,-21772,32322,231644,200697,-36036,-55476,29233,-103524,-233268,99013,40529,13658,91103,-84659,-248365,193473,198046,-13734,35970,106768,148874,-108569,82087,-187876,-60205,14320,-29471,19121,-46265,258013,116094,186722,-128196,-132516,-50420,-158597,95908,180509,68255,-29223,-102766,-113831,125497,100637,-181580,-84347,78195,141938,-166589,-183234,-107086,147852,125843,-49944,-221959,-143171,139514,34999,97097,230305,4738,-54622,3034,-51121,131092,-16327,-125289,-48359,34980,-32267,33213,84724,-66903,37484,-31171,31552,-55915,-172411,95263,-55288,-98616,65813,126297,244692,8170,-241619,121114,84693,-122422,-157939,213321,22322,155460,137753,15709,177044,-132247,104365,-140286,-54555,-237466,-277840,-312797,-137078,73440,-308435,-70121,-55997,136402,242987,182310,-47429,-76092,-109691,208623,161772,79797,9584,-178632,56181,-247731,-125590,13451,-91485,145870,86352,-165565,104947,137217,-135077,-15943,13063,-69322,-156081,-187506,115834,109536,207998,-85300,-108494,-150967,72243,245061,59133,57900,231010,192583,-45499,49991,267353,-122448,109738,281663,28092,73722,-48448,-86818,68794,-179369,-28627,110907,-31654,73200,143377,233630,-115512,30701,28534,45060,-127127,-162010,49039,-367229,74462,-31225,497499,389769,-304633,-134126,-204188,24872,239990,129976,150041,-12556,-83734,-89748,86403,59825,-117941,169575,36627,41092,4656,-170336,-8233,11436,-884,68249,-58468,187412,-10896,31033,72705,174557,156487,-147609,-118166,109545,64362,127358,192099,157987,255842,54182,319889,76217,227791,3156,-76751,-101631,-70642,132994,-123494,-30669,72197,26499,189089,70539,106309,89385,134748,87841,47738,-69944,220475,3283,38245,-86622,-7044,-54181,-53303,-29294,79517,-35821,-118213,160983,124771,45537,100217,-39590,-128594,211524
-132989,-84031,-73822,-4201,168286,-123794,59328,186951,163565,15543,-9994,173963,-23986,-15362,79386,32165,-53973,149077,161419,24964,31437,-164596,-214435,-72423,-16650,161454,33922,-15619,-130323,-112419,-48620,132538,177199,105973,-4695,158578,91109,58584,14417,-92830,-14321,79228,-34926,-138141,121254,-162006,31801,241828,89459,-21022,108965,1495,86159,194844,123918,-83655,-209139,-84285,-36902,-114310,-167162,-126963,-200204,-108986,-9296,-63545,29729,63358,227269,233173,198611,3847,147370,-41383,-136681,-21370,88759,-97828,7852,179025,-22786,-35801,65640,-45305,-86355,-150929,100394,-107821,12530,49569,-227735,82786,-166877,-103593,59120,828,117585,150243,-123900,-154932,-61489,58747,85892,-69418,91913,230073,84223,115652,7905,209677,-108650,84539,5918,1408,251944,119234,19916,127512,-80332,-32721,-95954,-164266,-76433,152405,70414,228796,5256,90186,-48957,15379,95396,-51571,107003,236342,-7672,-222231,37024,54043,-34730,90549,4451,-142665,-97943,-31446,31800,199224,128973,101325,61834,40588,15213,39258,152739,-196211,-67968,39911,-139408,25470,13569,112506,134081,-67521,-94132,-163308,45364,75418,209797,-39523,56149,211201,181902,-39941,-143562,47830,-135352,5966,132936,203386,35704,118628,98923,78990,-105640,6948,110916,-74245,99169,191989,52162,-123279,-140877,-156402,34264,151280,3309,115547,-163349,77595,-106577,60134,30125,74154,-54458,-5967,-97850,-114518,-152805,-219946,-92015,65132,103206,-9204,13417,-7782,96945,8071,-333434,-68067,-185155,-180430,84724,92102,-43102,54346,156575,30597,-29069,-26156,67546,79575,119631,-31532,59268,100274,91845,-22888,-36371,-192952,169692,-137800,85239,188928,1743,-89510,-103465,31010,-350531,-211079,-19952,132386,146806,-127474,37925,-90516,157387,-120540,-93884,56958,122067,38669,55249,-12815,75298,-11065,88175,68050,-43,10896,131130,-39098,26792,-64256,-101666,-51066,-166256,-87715,-130047,87739,125488,-183684,12330,-34159,-190108,134185,109818,41167,8644,7770,-140116,46687,34200,-124922,130969,-70631,-53060,15765,63683,-142352,41551,26622,-192932,-156671,-92351,76617,194407,290463,134209,-45919,-77724,-1494,-5201,132423,-85708,-37908,11040,143091,172637,179574,-33406,111654,-148810,-154221,-153175,-102760,125752,11552,-135409,-35307,-149282,73253,107464,-64009,-93289,-209420,-187240,-227314,128339,-97767,21276,-77468,-81542,-29104,95915,-124217,-131311,22089,-14750,151996,147456,-31840,6692,-244377,-126167,-143066,-183695,-78505,-122416,-147256,67384,-189448,-59256,-171170,-174153,148300,135417,196131,202213,-86367,11023,-85998,41917,177555,-141528,-108052,-58809,23178,125086,99647,-264489,-267977,-55054,64400,66381,-20051,141658,-92428,127079,6450,-68341,-95672,-34656,5662,109934,-135210,31651,-86905,-131725,157375,-100946,-18339,-62156,-108012,-27925,267231,-24488,-53565,13703,-7394,47416,-68007,-87857,168553,168602,71067,-79099,-246118,-178719,-106022,63514,7658,172236,73502,-87793,47405,104146,-222576,189033,201750,6664,113038,214986,131135,121321,-42594,25008,-100421,-42939,-157841,-11912,116710,194335,197859,91605,-105189,-52871,66879,136224,571746,307937,308396,-222483,142858,169752,72245,65931,5697,-105950,-167417,115087,-81916,-50151,-27241,-150307,-232492,248,-12088,325143,87408,-18850,75660,106571,8449,-28207,-20520,73752,81418,210648,11723,45389,-110250,-130718,117439,-101561,96528,22280,145469,156153,86838,72764,-234699,-57236,-39743,-56094,-54843,161368,66030,5891,-188685,-60831,22634,266166,-207072,20732,70031,-291794,-75410,-3905,62366,-63540,168496,325300,221767,143684,-110038,-82642,177689,-107301,78241,166880,-87403,-141359,-17612,-112988,46659,-72205,-170069,-13141,202643,50726,-156379,-83464,-55026,182371,-36971,-57668,-66068,-667,59893,130259,214660,-210211,-171258,-207439,-97332,-57963,182624,-62231,-175254,-131740,-12216,7559,155446,-60267,-31266,-32021,-135918,-91876,-137954,-17103,-29026,-134089,-97140,63594,56681,-123738,53577,59917,89915,47473,-80652,-10481,-142201,-55802,39635,-101944,-46940,36021
-60775,-58349,-104332,-153989,-278704,-15420,24812,-176909,5045,-105081,45846,-189181,-26116,-96339,92402,-24388,-208192,-107740,64946,74934,-28849,180732,-145945,129928,-122617,18475,-205739,95221,-102362,-79282,113905,-144004,-122036,-169987,-15518,102769,257769,43641,16102,28716,-198972,-159321,52735,-154717,-59246,-75712,-97249,-235383,-123341,-42140,159343,32336,-60649,115491,58594,110626,98767,-224468,-78868,14801,192527,-122285,214532,-108349,-76511,89386,104570,109850,271645,94727,37422,175792,192610,183965,-177972,46612,-15191,34707,50865,-32578,121638,-25234,-74657,-5278,-110879,35595,139536,-77461,-91092,55190,165991,-79348,-26882,26782,135322,-42479,-161753,-6906,-126789,85586,-105208,23114,-271553,-220616,-83330,-100586,-36466,-94959,-337883,-97372,174600,-108632,-64354,191003,191266,208628,255643,118158,-43171,122971,117533,-129783,-51651,-117788,-35987,-227635,91010,-16995,-113918,72210,-16974,147223,-98221,192200,127166,223604,-85703,-182420,74887,50128,-54248,-112465,-174601,-156075,-23968,194989,-202204,108738,-48264,-10435,115664,-117949,-41386,103259,-96021,-123388,143048,-67506,178884,-160756,-92035,-118985,-116431,-153647,-56810,151000,43260,182002,-143161,-15269,-28760,197093,-40087,11930,-108528,-138049,141294,-117202,-231985,-194455,-80287,-174978,-81152,16521,-226707,5892,133150,-159047,-109935,137511,-53826,71581,9970,57027,-212662,91676,49392,113166,6490,55763,-207632,70114,-212098,49508,42503,73909,34693,84788,6869,-166758,143238,-274236,-40749,13133,-100602,-182563,3909,-112977,-71509,-56936,33944,135771,82195,49736,253229,158631,171554,116326,-615,-66198,-148069,-222201,-264720,-59632,204340,-44784,-131953,-113915,-44835,-100616,-217117,-71324,54158,296880,146341,-186332,-27909,-186458,-107486,-97466,57409,27085,-127198,-114566,230069,-171910,-120119,190594,81221,-36287,109892,188562,-26620,25537,-77560,-92623,23459,-11759,-232351,-37903,76201,-100507,-72590,83322,-124204,-75369,-76898,-50279,-206919,120699,127532,-224741,136798,-195394,5703,-160842,109368,67345,172590,-46233,124321,53990,-128437,287959,-185384,-293087,12734,25645,-78314,202367,-64754,143003,279879,96267,-150928,-153914,30604,-63064,-229082,-96660,-315133,119177,-187172,-106691,109707,193768,127977,113947,-353855,-19753,201766,79329,123334,158594,65193,-17641,-153940,-387063,-147983,-91208,40557,11158,117891,79409,-112956,-182690,104737,57110,-184112,-43309,-124353,219446,157410,50760,-132597,-80736,-153095,124615,-165057,-142431,-152586,11607,-80798,-40781,88354,-186980,-160585,78845,84135,-43711,244365,-69036,36188,89946,-64188,-183540,100380,38840,-24407,121924,-66023,-124898,107935,83785,72770,-188613,41620,-143860,82306,269886,113676,255016,-91663,-260341,-81725,29826,90724,113481,-127502,-217598,-46059,-215392,-78027,-227151,34611,214400,-37777,83741,122635,177839,-13566,-94697,34614,-131195,112559,66677,124175,-59838,170515,82821,23769,-126484,-183018,-210366,5855,-130877,-192297,-57661,-178918,130812,-145814,-106693,63082,-150578,405344,152215,-103897,158216,-54137,-130210,-25054,44885,-124081,-90718,-63408,-3044,-108175,-86924,27275,-88733,45296,346861,193252,17355,303704,-65443,130498,66841,43671,-107624,26577,25917,-265524,-68713,-274462,-135363,-136420,-106743,57894,103204,161172,210048,73224,53463,-30665,-88781,-110619,-52638,144728,-63446,311070,164548,198440,50340,90323,-71567,63625,132610,-82335,37440,-12950,61517,-23941,122260,67568,46536,-64754,141466,-188490,-245238,25959,32680,41637,-125636,171647,168469,491067,17737,59033,-22660,-173889,-11070,-181385,156978,-103705,80815,105750,148252,157362,60981,97462,-19146,84168,109583,-69433,-73129,126918,-170390,-64122,31733,76437,6495,95194,-129520,-154610,-109609,81301,50420,-100096,-50094,-183729,112543,-301701,191491,181937,27844,137298,-89665,-83790,-89879,35468,108981,126810,250744,78768,100891,120862,25698,13451,127331,39460,76293,-105235,-158512,-198238,5443,-297532,-99324,189848,-57087,15967,29688,-97284,178034,61657,-277575,-5398,-177229,42060,-10861,-177580,-203219,199792,133361,83890,-101121,708700
-35351,-54300,119456,-44329,-146069,-67520,-20577,141745,-3432,73232,-53975,-46369,-87574,77368,188502,-98962,100072,150138,84704,154338,151479,-156202,157246,201752,-38720,253157,94379,-142178,-142845,170869,-176106,-90435,-27849,113379,77477,180505,-145819,104183,-83974,170582,130911,86119,79364,-71046,191227,52436,-4132,207200,54378,-75431,-64615,-141659,-67225,-28330,204769,87057,105507,28994,-176041,-6788,-15147,63999,31689,65945,48821,25198,121977,-4012,123211,7273,-66856,16930,162683,144266,80495,165171,-92811,-179310,87450,-124810,36542,-30286,130378,-39023,60984,13716,-27920,163776,6488,167170,-21881,-88136,50144,107385,-133177,-84169,-348,-131731,67882,-97553,93050,9222,9501,23056,-153249,-52035,107971,-70677,91537,-23378,-33207,125777,5159,-83339,-139038,39886,45967,-15804,-44677,-103314,-65555,87083,-34989,-32291,146916,-37880,131725,-44977,-77749,90012,-24681,60412,-167297,-192413,-48583,21526,143346,68761,90554,162269,66063,-135671,216644,211093,65708,-63048,-144240,-128689,-131719,153940,-42263,-19299,24360,-116962,-70926,2615,-114038,194635,54436,55785,22169,14325,30872,37225,-82919,3699,-131391,-3606,89453,-25404,43462,-106978,-70851,-180944,61717,-54966,9959,67349,-172075,32744,43305,-117076,-174367,-265805,-202582,-133600,-35099,121896,-20707,-178233,-160687,104650,-27979,156176,-64589,75904,144573,-8824,10846,7282,-70218,-153920,118290,137089,101207,50576,34022,-38754,-12690,56915,-71299,5402,126434,-67397,145940,-9045,-14494,98280,85032,-102520,-53536,34236,-116029,-74767,-171816,56626,-29770,-90097,89888,-25016,172784,41386,110323,-151641,-100806,81995,-106710,94448,113969,-35762,-6884,-86579,189313,-220115,82642,43967,8367,55849,205796,-105401,153569,110594,30928,-94647,-44252,-108575,51564,17045,-74376,-165839,-29270,-68087,130622,-103829,171630,-26803,78659,116711,-84121,113904,-36261,-72372,-166103,61116,24968,-71164,197900,84766,-44771,120185,-70262,76027,-34856,-117703,180299,34901,68201,-139984,39399,-154103,33268,-95920,-18248,143788,-143544,91046,116964,35763,-62220,-130858,-124832,-27760,167377,45614,-86858,33204,-67634,53496,-130292,-122139,-38983,154194,132582,96573,41318,14575,61182,-173514,-134360,82887,80470,92630,166476,167365,-243583,-3982,-54237,5305,-169148,72070,-9265,1555,-76934,62426,78833,157139,42351,27006,11117,194571,-128500,31391,-78992,99461,-71368,-94824,-74749,8878,-81107,22535,-100320,-1030,-78720,32068,108853,-49975,76481,-60683,-93053,-38798,-94364,39601,108384,18559,-179307,97410,111823,-96055,-17755,5049,37233,181831,-165281,-8612,-157276,-131322,64116,-52482,-136977,-18882,69213,-47606,6188,-11848,-93826,167810,-45671,55130,168795,-27033,-19656,-56390,103918,105680,-30594,-59404,-38673,-73122,-95247,17299,-112223,-12777,-162148,75489,-37673,-185029,71266,218971,100705,-87674,14550,66031,177023,50006,-42818,107860,47513,-28672,72059,-7972,-125542,-159088,-61854,216375,42773,-129727,-25140,-122011,-271463,-134962,-250324,-52543,-27435,-1286,10286,103404,121905,-46245,91289,157828,-78179,-32605,155609,90561,26781,123659,-41413,-314676,-202650,-211629,-189402,12940,88744,-103688,128634,-51665,-12639,65139,-159473,-105137,-105139,-98112,-122977,-54587,143039,122711,-51112,89440,-205491,19626,-101769,-99173,29272,-60896,110252,54137,10203,-122770,148421,6981,16506,-146922,65294,47774,41374,-173518,-187173,187206,36391,67611,-94755,247418,171372,22324,129040,-94867,-40863,-186230,-18714,-159272,-65060,185215,165794,-91801,-220197,-27421,92484,200457,151736,-188191,-140779,-76538,64310,-123141,58607,188450,54279,67779,70629,93509,184202,-38007,24451,90431,82151,160533,140698,220048,-103449,-6655,84250,-84510,112660,105836,16605,109461,-75211,-248328,24640,173534,-187443,65198,13626,-139467,125861,-122606,129451,37206,103247,-139726,-91640,-35465,8755,173207,-29852,160061,43209,55570,-41889,-79158,-70843,155757,-43487,-86376,12959,86184,196730,-5348,11977,162966,-211124,-199423,81690,45566,57704,-149777,-205160
-71343,-134013,153598,97767,151030,157130,76609,-106313,-82239,165369,119695,123937,37470,-34210,-122526,-29508,79019,117244,119537,-101714,74673,34317,196287,110558,-109147,21009,-107506,-13115,-65036,-90473,-152635,131903,150779,191581,136360,-127426,-86286,127297,70444,-116816,55014,148292,99626,61095,-97664,34523,5378,200425,88212,-59281,155658,68529,1035,-8102,-156172,68179,-175216,322964,142776,192169,31259,-48707,170610,85730,49945,-20127,-51906,-107261,42116,50979,56206,18799,-76049,118738,98463,37602,-147915,71636,22660,208308,188663,-148675,-34948,-165024,-104840,-44956,325,-44314,79221,144619,-16267,20439,-959,29557,-73420,-159048,-125393,41990,44682,23521,-158797,29698,-29612,102859,-52944,16534,107083,-145604,32373,-79526,182159,168387,111554,-94651,-99411,-50079,223828,-76730,-70661,129229,-9185,-50870,158697,89352,7621,84308,114419,-104488,-100867,-74300,191924,-88842,251630,220935,101513,-54868,-115862,-100991,-16321,-39937,52639,34386,-100379,-158096,95673,-154343,-37553,84799,179049,-41620,-96517,24523,80027,-151576,84065,-121207,-67503,-66492,30058,40298,-74869,116363,144039,143357,-21744,-24577,-79866,-120656,118876,41089,11628,-23069,-56227,-131592,157786,157682,135151,3107,93466,-87932,46224,131477,-2177,-31011,52546,149215,33743,43369,-93887,-99528,35261,148448,-138458,119267,-132114,85700,-159899,-48008,-72755,-31072,18895,72845,-72159,94053,-149827,-164498,-5781,-141804,139507,-101207,-140005,28880,-45406,67332,84484,-161148,-38115,66271,-82631,-48730,135099,53706,-169982,20791,117138,-157555,-42158,132906,-139758,87569,15523,138517,-144308,27020,158550,-100749,-100092,-103055,69561,-76612,-155800,82678,-48524,-79673,-63020,74808,74058,170702,-59378,115774,-179315,-33088,-147143,-116258,-52670,74702,33826,106267,109131,165705,64091,178280,134966,1203,-40020,-185822,112249,-38024,-175307,-122206,-9916,-122303,162856,30972,157595,-39069,66900,-120513,106917,103017,101334,60179,-136067,-28433,79859,-85981,180814,43715,-100331,159361,119704,-135857,72574,-118554,-167825,-16834,-47232,136187,-198327,-54961,-92938,-24928,41519,215280,23997,212097,-58698,87215,45930,-29705,-81814,-73993,-22795,57957,-115833,-102488,-83097,-73101,270620,201954,169701,14770,-81444,-71778,59670,-50432,80998,118500,-41244,-42462,143237,-112073,173950,-34644,106577,198259,-61095,-159106,-21879,10312,-32348,86245,-123280,-96808,-10035,115642,49061,27122,210642,99993,-83006,113432,-55382,129243,-38109,-23209,120033,262,44209,-123604,-31666,-148952,17430,-81153,169792,-169581,1373,58206,170651,96556,-107486,-38699,8301,64331,72376,-16060,-70297,3617,-21953,-4409,128642,-63985,-95191,-47156,-68696,-38609,154062,51526,-118833,-144440,92407,-161750,1089,-139921,17750,48485,16671,125870,52226,93906,-64882,-136691,142113,123924,-88104,-129791,122252,-63349,81461,153286,161478,93132,113597,-47968,-33847,-43085,-122159,68749,-39329,-10931,28901,173002,90670,127337,-17133,-187031,144904,132263,137276,175716,330688,28797,8486,-161335,-185370,123228,158558,105168,-29044,2768,76029,-92564,-95994,-98563,-92904,-74150,46787,346374,185006,294381,-131374,-68871,28741,-75180,-119561,-96370,-3707,21913,-175736,203166,-68715,39118,-22084,54029,97416,133579,110789,227034,67742,112477,181197,87035,-39044,93627,57014,166142,-76314,-99563,184453,-64355,-114595,-132001,79862,-128187,141588,131727,108733,129101,10904,3805,-139358,-130997,-54101,-157002,-89228,-154848,-136718,-264337,248949,171253,157217,78755,145620,-22221,-100158,-3672,73812,-13870,-45799,-129938,-47997,78349,164230,98459,119412,-136868,32712,-61850,-51483,42391,-46141,66852,164984,-4157,-107246,169024,-26079,-156221,88747,151980,60821,79259,-15927,-127251,-174205,41854,-107609,-184019,-198089,-128420,-8771,179502,180665,-41893,-117713,-79130,67978,-62539,122669,78436,-147725,138499,-119264,-38949,-65060,7964,81010,-77492,119220,127928,55252,-124023,-3682,-81635,-113024,-139000,-112768,-59339,159947,-141621,71957,125871,1149,-105354,7050,-9294,294623
82790,-108407,75174,64069,-56204,83610,-48389,-138207,-120794,172320,94077,49379,-151807,3166,234723,-9954,89070,-14040,108164,-174698,125688,-30776,-184049,49598,85968,-180471,-163282,-9464,160545,-70024,-78930,-132767,152612,96939,-54578,-98945,-61503,128462,-103518,-5869,-49409,162667,115371,94049,-195581,25319,-59560,-179028,-100852,-222554,-82873,108294,140565,-70396,-19443,-32840,3108,339532,335429,232439,-40460,296548,122311,33984,-40415,-87036,72561,-183926,-85860,-29003,-3729,182919,128293,7283,-145359,141091,-75186,-43541,73975,35906,-125991,62196,103967,77708,-1627,-129366,135723,-102595,171733,27006,46470,-81048,119675,55482,18749,-78619,98507,-20838,144078,162320,-156205,102205,-25838,137539,-25942,-123777,-19531,-35697,160040,63184,69796,-249423,91251,-97010,80340,138715,65115,-11797,-116467,116716,240028,154388,96007,236379,-8558,2121,89826,51572,-170969,96751,171964,157671,164420,259533,-61341,81750,26050,30057,-141519,35685,31351,68259,-100866,44942,118309,-47634,-178219,-68155,182446,-91710,-57266,-168697,-168346,172668,-138614,-86017,-121271,-94350,85272,28381,52841,-53093,34720,70920,-31231,1055,37068,-124937,172857,-60628,17311,-47560,-49449,77878,190493,-16463,-221887,-36930,-135036,-199403,8925,92593,-34071,-177135,109335,-29236,209557,-88458,-167317,19855,27137,-98267,84975,-210488,-221383,-11203,15027,-47936,-157594,-44149,43000,81741,-124457,26832,156821,112568,-41213,60369,-45384,205541,-204984,-323895,-63695,17738,-111923,-194167,292644,-12058,301286,111218,102730,93439,-20910,52959,-6551,-1141,-209738,-50803,167830,145639,175038,-11476,174376,-114301,68513,-124809,-63127,90588,98081,-24303,139115,-8396,-69231,195684,285592,267273,-84007,114093,-42634,136822,144946,-22893,104571,33866,-55257,-193885,-215522,63697,129197,-150565,-118625,-105440,-106993,-90373,-138093,-106864,-38616,181869,-53756,61890,-36174,-52593,190188,79431,-126302,-96558,-70961,-22188,-202579,117233,-9717,24568,21749,-85552,-46872,29516,78801,-27756,-68035,59896,-15343,-65607,-142002,101823,-198524,-334612,-198090,94340,5801,-35053,273057,-25571,-226273,16941,138782,-43859,-185643,126514,19117,-17355,-50553,123911,144792,1504,-125972,298547,158959,151765,136478,416886,138809,-167276,220347,-151999,187693,-93812,113862,208259,253433,-86443,-239540,-242891,50610,-105380,205381,54795,-47586,-319146,-45381,232951,-113902,-91989,264673,112548,-43569,95613,-9835,61771,-187823,67657,-161899,112421,79122,185090,118409,16266,-127079,133448,-12938,-230768,-47363,34928,82668,38428,-46998,-114093,162166,86082,14178,-123149,-186151,-15030,-98031,-167420,159685,-91088,-4059,-67532,204053,137930,9575,155287,195250,170871,173721,-135296,32625,-135351,-75358,-170831,99086,-113265,-39961,59076,73857,-55573,74128,87677,118622,-179628,134098,37177,163669,-38607,-194750,-128853,-92976,195676,-89229,-210951,27087,60492,-146320,97676,17736,170587,162729,175756,178069,-163433,11291,-105165,188092,-57970,-55411,10670,-199044,422226,422954,226928,400582,339421,19011,4632,127205,-228402,-12231,-108773,-83802,-62371,-109361,152053,-74781,-186221,259495,352393,18761,462784,276455,20360,-127517,-40975,61258,-160422,-109268,120134,-170981,90872,-89598,238577,84618,-131454,162326,90893,-94193,399190,126867,-123137,114306,-93390,90683,-54129,111559,-138763,-41707,-82990,-83152,-18494,56601,-21321,-139989,-171915,-106217,4562,-1673,39275,156521,-59797,74994,54968,184180,176734,-394538,11563,-112271,326110,161642,37615,530884,830772,702606,-27200,-10903,150001,316839,133442,181837,225850,-186814,-144585,-21477,400482,-19807,146175,170661,232392,-48384,38924,-27070,-59609,-92718,74196,-29082,138689,-93156,-30927,-97951,-192837,-81096,246252,46091,-102389,117982,107208,227939,-92042,-41671,-1166,29141,64671,-105378,115240,-34537,60387,28072,10699,-42520,-61875,81035,-31313,52774,37157,-16375,-123820,11346,104121,35486,-170098,-35497,-6079,97177,51309,-68897,26379,202146,105338,-119958,-22307,101129,-68135,-129075,-90633,-41385,-3556,-131118,-207876,613106
62991,-139247,-36720,-174778,-139719,26678,6693,145380,57849,165235,-6261,184904,60202,35166,88730,169215,-57065,-23431,-125300,70655,-140393,-139135,-177134,58570,80677,-4737,-111190,-111223,-117958,150014,147326,95054,49043,91306,-17679,61259,-81181,101732,-55682,155439,99223,188187,22312,-74614,-166546,105008,-12284,167734,148126,137455,-89266,35975,188259,136746,268136,282873,126390,130053,82022,-28188,-60830,116567,-140327,-81733,-85724,-57490,-10735,-50301,94985,-12966,-99255,-56436,-155056,147828,69840,-99577,15538,-62496,-135400,-12786,78212,42976,160388,-66393,79244,204656,-96419,-2528,57703,493,-138509,-134785,218451,-156816,97137,60239,124666,-110420,-143406,-133733,164987,134822,-89241,-4785,92632,-83525,9714,167478,200911,108501,90384,-15307,58600,-181499,37966,52370,34036,43881,61569,5384,57136,153420,-65700,168381,-143418,-13591,-25940,204456,245522,27908,-89100,207683,41676,-84001,4669,-141545,85459,-29739,29716,85681,47751,49028,151437,-17821,-122040,-145220,-36444,133414,96709,-19266,112718,-137348,-127646,-83457,29951,110666,87259,126131,55370,132862,-145038,-170075,-88127,-85409,-145341,37987,196767,133840,156897,54431,168259,-126500,81634,-112463,142906,123680,-34893,35843,151877,-61299,-85874,-71631,103948,-105537,-127894,176482,142346,219130,247992,-228117,-176219,-35345,-31811,85355,12142,195312,-148827,-42133,21249,171310,-37455,147792,114063,91126,-159886,11873,41232,-141488,-41517,144628,-95766,35864,63848,-5437,-76292,41318,-12484,-32450,-198127,-86838,-12974,120187,149475,-71864,-138147,-9175,-122421,38503,-42764,115852,-8510,135235,-62474,-103989,-98144,-170174,82163,-29348,-145092,-120738,128613,-10145,68126,-212646,-23662,-19717,-164516,38457,90828,76579,194628,-54115,-176097,14407,90123,-7291,39825,-131537,-104571,-14540,25091,-73741,26959,-21320,217477,139867,2273,-134828,-102454,-116321,-124313,-66169,64869,36719,-30540,-100997,-42344,-28650,146596,-130420,-147199,-92613,-56612,-158978,149261,-96871,182822,150102,100451,-161866,-169207,-60554,-62079,-74185,-155255,127978,-48858,-95425,814,-32483,-18146,51932,-160105,-95237,234037,102844,-123972,117358,-54933,62004,-209095,-101833,4226,131425,78257,266159,175369,188585,-12966,-110273,25904,-67009,101373,-23018,195032,-2556,85315,-214044,-299678,46776,-8540,-15262,20388,-52582,-177853,258668,141608,188827,168905,21743,-138067,-118163,109631,119474,223410,-162050,-224635,-241570,-140824,-10311,-96517,-132734,-177569,-208665,147017,12466,-122293,56196,116958,-19722,184025,112961,186777,170147,121475,12732,-78125,-9941,-74043,-152949,108945,92668,59194,22732,23637,127320,-76254,91906,-211244,-98254,-24403,-230191,-133523,-66487,29316,329510,270980,-109558,-101156,70331,14115,-147896,113861,131604,149361,-37499,-103245,-7861,-31511,-55244,-14986,-165037,-63580,-40728,148331,-83855,53117,-94339,37254,-86344,-45054,92466,59888,187765,-39175,114526,205902,-17283,11136,131664,222530,-37188,178731,389229,362214,473592,25088,221540,139226,-331388,-85523,-62303,41659,-139738,88259,-113769,27157,52987,142829,-68614,109068,63693,417903,41298,171320,73232,142165,182648,-70233,148452,-154530,100891,33924,-109223,33782,150137,46896,89558,-58830,-140528,105724,-10292,89362,100824,-97473,-34194,178833,196091,122688,163744,56758,67340,112415,-28779,175301,-4663,-1200,-168487,-157374,-52191,68583,136770,122761,45215,30880,-80209,-170343,76811,-80392,18571,70706,12674,-32688,-36661,-13441,472240,541171,445925,-61695,-34072,194387,-60701,-137710,43209,-250086,-122190,34207,-79835,237990,130291,44043,21210,108876,130887,139296,120474,-100383,40880,-84874,-32290,-109381,-171612,-126789,-186751,-50935,-105899,171013,128994,21143,-67660,26940,-9208,-149973,106989,158374,133392,-71013,-178959,-110199,93287,-100675,40234,-83581,57056,-128592,-152916,95386,109068,-108549,-41678,-22836,-186953,-174036,-31978,-33437,3507,158450,-128737,-3517,8963,-3361,-37283,174563,50919,128368,-3106,28814,-207095,-29818,-41480,-178222,-156504,-129663,20850,-86678,-17113,242447
96357,-148625,-75349,127751,-78307,9458,-134441,60779,-163649,-159928,94188,137356,-213641,-108464,158496,-94498,-4216,212369,-34138,45225,-183474,-109815,158130,-122248,-39023,69679,116689,-19597,12466,104604,-42108,52516,-130255,126770,-112569,56636,-136099,163852,-29143,156034,103785,-142562,20002,10267,-72682,18589,-85648,-111486,-225282,-188395,56151,-194058,-5012,-23700,138658,1757,88576,204980,207938,246357,-71082,105310,-123661,275813,236239,114099,-32790,-222509,83930,70086,-12110,196381,239646,-122622,-80897,-74151,183755,-68487,99084,-108143,106024,-40442,-19677,50911,53615,88320,-73960,-22141,-189480,163796,-28804,-16009,76675,-30288,188935,208684,14184,-20231,-65092,145889,-19834,62114,172036,103524,-77733,32062,-205659,138696,10720,6978,141623,-214981,-137747,57773,-6742,196493,243417,-19903,-25119,-99833,199000,-36309,-112112,218314,-113836,-8672,-39843,128521,177401,-6668,135744,-53385,56632,186138,268121,-128310,84551,-55107,-47485,132873,-196769,61138,30285,-129431,54728,-89453,-110953,93038,253475,35142,-5695,-44681,-108778,-155681,92461,35751,2618,172257,38241,130336,-204854,-184411,-109932,118577,-188307,120861,113035,-125630,31913,-49397,29349,43652,-24415,-40994,141799,189814,-145398,192211,-38351,53195,171309,-56378,39440,-204180,12790,42286,-182134,-219914,-43270,-125007,-101032,-88844,-148098,-139549,-151213,27946,-131759,12985,33845,-76376,136762,-46541,-38669,-91351,-38418,32403,-58697,-142835,191015,8734,-211789,-105020,13574,-37839,-190830,60413,49893,187217,25119,61592,150395,107749,104165,-174969,17264,-282,-84501,-142957,128411,82093,-159011,106916,-88683,-90691,-203381,-49382,153788,-4763,66116,-15211,29864,-64353,-79437,93766,90351,89509,-4884,119272,89276,-53728,-155277,-16631,-43822,126190,79970,41803,-15693,-24558,-48888,-28136,-79765,-34666,74975,-187416,84432,-3751,-39948,117051,36738,-71526,-73428,12967,40620,-72490,118029,29435,-149381,-79779,-86599,130641,-52829,-87252,107359,-32973,-5572,49722,-163097,-134781,-44393,-29890,124853,73792,5820,-166368,-191880,-325326,-46297,140735,-19747,-22054,245013,-106051,106896,-211409,103650,193565,145624,12352,89028,39350,-133818,26669,-19927,-212661,46152,199639,151155,298391,31101,82835,105905,-28290,-34295,-74160,-103208,52144,189436,61008,40607,-131646,-204669,-291750,-66082,-63528,40214,-62690,6898,79592,-67705,197882,52530,-1118,181302,235199,181766,147035,29840,144380,-18578,-11318,121489,96434,-64169,-89374,73295,-56516,178855,15119,97972,44816,93528,-52230,-57175,152433,62883,-175952,-146030,-135869,-95309,98551,-30822,-35865,230399,-185830,59275,52949,-50226,52046,6729,-157796,-147723,159802,322833,-55509,-127283,5661,117997,35471,-140726,-62710,209371,69359,-121060,-62707,-34984,31067,-66134,-134650,-191128,182232,76145,47407,68347,-135936,-55069,61828,71265,144741,-24461,154081,109562,115554,-84349,-42706,-2770,-137925,3167,-37432,135228,65865,10996,3174,233796,77902,297586,152432,-167780,397293,244190,-25370,289332,231323,-178146,65265,-153957,23995,-28751,127927,-29685,-127480,191009,122053,346625,-16617,259363,349612,23582,417372,412105,289580,-40179,32643,125121,-27796,-185966,-103546,-24166,-89341,-120405,-112366,148073,-71288,-35,199636,189445,260372,-23691,40959,69443,-3933,12583,-394,57319,-86289,-146874,273699,112102,62035,111056,15311,30025,-177511,-59395,60849,17772,-106051,-69278,88944,60830,55191,-160769,-5815,49538,-281997,98253,179819,577684,272584,223770,597950,170073,61821,158308,109778,186202,283954,117238,169113,-164954,87523,72374,62640,64060,131993,182006,83459,61737,187209,-9428,15705,-131235,-38201,106036,-16157,-33567,62553,-161049,-93314,-178226,95608,-40711,-69846,-136539,-50823,198893,-249154,-90662,-239334,27561,-45027,-91678,112268,50350,-78467,114675,137021,-106202,-65059,9278,170644,83287,-69556,-143830,141244,-130594,-131491,-136765,97734,107691,-66480,153086,69352,49074,75032,-129599,-143763,59594,-18753,-121862,-76161,-76043,-68878,48710,-89633,-109918,-74386,933611
97262,-185580,-201539,-5609,100358,6986,175134,136137,-149357,197792,-71483,63795,-147204,-125943,133402,-134894,41885,212346,-83967,-159316,87293,87607,9199,17975,-45698,147451,-37533,123420,110218,57547,-84176,47323,-21892,772,46612,72759,162648,181397,-34852,150021,-34965,130603,147231,-9924,-50549,151489,91988,73534,-136136,-71644,74134,-137445,-29261,16416,99523,131906,66479,-107777,-164655,10500,137125,96610,-111486,-128175,129417,71852,20903,121461,-64308,-164697,1006,-74136,-161612,19019,-43607,-60161,-144807,109430,149793,124403,134345,69176,-86867,-65560,-2546,168311,191975,65981,-107050,100992,-140606,44935,-47797,-114254,-165036,85073,-13568,85089,169844,-59297,-42300,-147721,-18731,161448,32855,80783,-83239,185300,-79065,32889,9985,87753,34701,151447,-98123,-142833,-164635,6830,-136466,40917,21185,-77681,17124,44581,-114994,-164662,-31287,24396,200680,-106047,-133548,87572,-230906,-42490,-259719,-68546,155386,118749,-110459,35745,152991,158287,5457,222852,154533,146513,-140731,-1419,25265,-129585,178946,74850,-67159,163386,-172931,35457,-25779,31821,138200,52698,-118265,65775,170634,-1110,10037,32031,-4272,-100174,215058,-50002,185314,4837,104698,-129936,113230,-8130,78360,-21081,136672,-11009,135818,74158,30497,-85302,-172106,-33159,-67253,194389,160803,-96246,-161351,13036,-59528,-42283,89071,85347,27054,37965,-41500,-138071,-64569,-85972,86342,-100454,75433,144107,108983,59061,-104709,-143332,123245,-81604,-171569,138121,203276,64530,-39618,240662,-44668,-13219,-76694,-108641,119654,-59127,12177,123550,131837,88675,-21823,56714,11825,-13765,104687,-105921,179398,-94283,-144186,150389,86393,64138,-32566,185818,207627,72160,-49396,27758,145461,18853,-61674,204588,188126,-22516,-127489,-68241,33936,140825,141826,-99257,-70041,-179008,-232372,63113,37381,-124831,125172,139654,-6910,-98815,-110042,-102078,-151640,-223588,-140619,129766,-109363,93439,-82279,159611,213458,146988,-15539,7339,-98956,-64486,128174,-42751,94602,-158526,-88518,-118650,69684,51579,-64895,-22424,-52284,1031,-100706,-85286,148468,-37546,-88938,124377,-24052,-201917,-118983,129805,-12765,147215,44422,61434,17945,183969,97480,-111240,1094,77849,7835,-185868,-164723,-18483,269211,-158990,-70833,-40615,124372,-95097,95378,-44401,53471,-22651,-24368,-51543,112939,-31528,110488,-27914,109328,-64578,83465,121492,167752,189965,67879,-162285,-194204,-158574,4548,-2863,-68156,60736,17525,57050,175064,-43625,92320,186024,11346,947,27694,-105643,196746,148768,-64546,107339,103646,79267,-127610,12936,30482,24479,157242,-63969,-80492,-75903,-59235,-21319,188359,-48341,-105926,-15837,3617,101841,87211,-159694,-71056,-117685,-22766,-61063,-12837,164190,86452,-77513,144586,-63005,46765,-107925,2986,-152853,-129276,-98897,-192892,137498,73778,9546,66398,45463,-82645,120641,-136352,-8030,-29452,-14522,-168380,176323,-34742,64129,-409,-18429,77887,-184103,-64279,-266746,-123013,-119973,65454,-99723,-236515,-229438,-171062,-243672,-6798,-31972,-71678,117994,-22558,-54576,106548,175607,-132234,-12901,69320,123489,199110,-94134,-101916,-129150,-139886,-150718,-71221,-236649,22070,150220,150418,71623,-189170,-83836,-107450,8173,179017,30042,144652,155994,-101256,-56609,148486,178223,39097,-115543,-84816,149448,85678,172970,133575,114701,101320,101406,136217,7026,123698,-21597,-52308,93214,-42427,-90001,-190160,66194,-19671,-45430,160504,-89469,-354,205155,-43134,63716,-130515,95421,36256,-40506,-148561,-11457,12412,6404,-88317,186544,-210920,-3840,-152707,6626,-20277,-119319,-80384,2988,24972,-121580,-54592,52131,77438,-11677,-60517,233288,181988,203906,1267,-112800,-162183,-56891,-106000,-54665,-76623,210183,279350,106896,121941,62835,-86413,-42357,256435,-132793,-131849,180136,-128922,143237,-161202,187473,-41306,99682,-25279,-132992,21690,-36026,-45234,-147385,158115,-120437,-19822,161885,175976,243534,2413,153105,77663,18174,-143432,66388,162344,120096,-53660,-94556,-20544,-83554,-178783,-44680,-103068,-97073,-139718,-63243,-105377
141147,-158071,-19795,74289,110623,173180,-25399,57794,-53134,6371,-41171,-97213,-228998,78505,-129094,124368,77551,56283,-4620,-57600,120953,-13911,-191459,89086,114781,27860,155954,3087,21152,-10731,52998,-1813,179118,71488,46207,-48392,125136,87289,-151781,-108360,38151,-15861,152763,-175569,119916,-254833,-113853,-56769,-292108,-56844,17597,80187,127002,222433,109361,393557,114342,-173202,50425,-37914,144550,137181,-161464,73177,49193,98696,248121,101582,40303,-39738,22696,-85005,-91924,11668,81359,183667,-39509,118970,-50290,-51306,-84549,-56794,-144437,89524,136052,76947,-8626,-114293,59030,148547,-122537,-99434,-55913,118279,78973,182817,67212,91225,161867,-51657,99795,13735,-55203,-95977,-34480,-105693,5900,98798,-88551,-64619,8851,174165,255608,-27421,177731,145102,69204,190542,121129,150264,-92987,180169,-106896,121978,121518,120800,-53758,79983,-18838,-36942,-76177,-34374,192774,119098,-51096,-185881,-209621,-22101,-27568,-2473,75850,128407,12550,148794,-79386,48690,142945,66814,2317,128123,155610,120926,93877,67111,39732,-121881,-74028,-11748,-92518,194330,-62005,-115694,-205745,5324,-197416,157496,-105108,127646,-30272,127509,-114378,-103669,19233,-116317,-130993,1240,-30194,-17905,-123779,-111495,118129,-118251,-89081,118449,149701,-12910,-144043,170410,-76260,-147358,-18270,-187347,-193157,-75555,-114323,-71377,-25154,-121506,-238683,-218750,-220238,-38450,162859,171565,90690,-169327,-1622,-108238,-37721,-47952,82874,133041,117299,-73379,-38217,16019,-53630,93981,-156430,-420841,-373319,-227589,-10243,178232,-43241,26892,-98012,-101732,-90319,-10486,46408,-119957,15235,135147,-186727,8637,-12295,-170794,104254,176425,165402,125203,119836,-174791,-36763,-208959,-432311,-398503,-343006,79114,-123738,33767,167572,-18641,10219,94662,-146557,-193023,204766,-1256,101710,-98017,-153293,157419,-13361,-83199,53399,-121842,143514,-96871,41002,-189878,-114957,103537,-71256,-116967,205561,70778,53928,-186310,-171681,-150883,140878,-29029,-85980,68667,-76690,-99962,61080,-156412,-156736,-68284,-39268,134780,-107443,-50782,165889,-57133,44915,170679,99636,38008,88540,34529,239080,169784,-88878,-195239,-957,68095,43452,-165577,62599,136759,-53892,32761,71001,-90846,-214292,-233919,42733,-126230,-85007,-27587,168525,-53064,59945,-321926,-2573,43111,137077,-60099,161185,-10034,9212,-56520,-39720,-22197,-134952,120037,176592,127743,15305,-56040,19541,-291150,7829,41011,-160146,-66091,-29258,-164904,-236186,-38436,-109074,-46138,87946,101246,202194,-114875,137846,-128965,-199228,-148435,50448,-4712,143386,-18861,175655,105270,-184091,132554,67187,45063,103167,121461,153681,-91963,-173209,-28434,-293387,-95468,-276443,-107658,94814,26707,183633,-79389,-40387,168597,-3952,-88200,-80868,128480,-27861,-4116,95342,74348,-85053,160639,-36278,-123255,186631,116623,-88476,-192804,-247799,-69009,-162957,-77148,-195383,95791,57054,72460,-168413,-31541,-123931,-80174,-166977,-176256,37316,104018,103222,306572,146088,10630,148801,483967,85315,-86892,50656,-59538,-240330,-176061,-127477,41619,-143044,8253,15712,-111866,-92703,312877,408402,-1016,348853,135233,28766,9014,132623,47254,-110993,-108506,58757,166308,8834,8883,-45620,-83657,33102,-35338,-159995,-63619,-112919,-31160,32884,284009,252341,212498,163225,273065,194122,109960,105099,-185949,140591,62397,104917,-139588,104919,-66713,-65181,-22521,-95889,172778,97721,-107431,-172140,-26322,91154,-201955,-235861,-24087,86750,-84631,94417,642154,683718,83177,-247346,-196827,-150833,-282900,-2305,-205197,9691,-206414,-181356,269342,258972,34205,34219,262249,225915,-96043,-62637,147830,-97274,-2508,-123129,-15921,-82244,103177,45098,-708,-128468,-171463,-63894,-129950,344,-122529,23426,-137024,93529,70503,168974,184972,91102,160887,158333,128887,-293341,-216780,-81410,10978,-201883,77544,178641,102123,35631,-183936,-149563,-106557,-80699,59021,-105460,151141,31118,-1526,-42839,-100395,-78168,-117527,51742,89979,115335,-140656,78316,-13914,-127426,-84982,-125892,66166,53227,-9104,-45312,-642,-19247
-145175,-65015,68916,-6003,136136,-98881,-117637,45606,140431,181793,60819,-121270,31444,-102909,18616,115179,160219,159111,121796,-68377,27955,196820,-111851,-206189,-124104,74210,-84932,100745,-142555,54451,-197052,-69192,-58175,-57191,107797,237094,-176810,-18582,-97951,65835,-1702,157201,108148,-159076,-93272,-13799,-129832,-16838,61187,-58784,5827,46094,27624,130503,-351318,-242850,-60603,222236,446256,358274,-40889,163883,91882,4470,103876,114095,-114312,120335,68293,64106,-27943,131712,-109879,39267,115550,20226,49128,39022,52057,-109802,-70894,-139513,-122581,-47657,-129747,31834,-87983,-90230,134959,-46106,-1075,-47760,10197,104645,-196234,-45062,-112192,7008,191475,-181562,61121,-30397,-152023,124728,145412,-136603,-51890,89072,11400,211567,200887,-66333,103519,-190624,75943,-45638,110853,35257,-124713,1382,31667,-28507,-65389,-117224,21732,-170979,189742,-7886,169453,86593,-166371,47104,-106281,-75329,-44710,-5574,-117081,-114369,134990,-115587,218837,12418,28864,204490,-81854,125271,-37862,-29189,24235,-116917,26344,-26336,-144482,169958,113928,63756,-20261,-103611,98481,-22179,138156,-64861,74467,104018,-38655,-27124,-75926,-141717,32102,74455,202511,1189,82124,123240,21379,105320,113708,-131466,-27551,-50861,101750,-216356,-81306,112662,-179214,-31424,44434,193801,-54708,143059,-112306,69481,178049,-128447,-90641,-121850,-129245,-44339,133401,-162064,7717,-91736,-75112,26797,-172133,-40366,-49607,178738,55038,6148,-105782,-216747,-91491,-65781,128059,65039,237142,110189,-66258,163295,-7631,139630,-99833,-189532,-135987,110341,59993,-69719,-143363,-4825,61757,102900,54373,25159,136108,31938,-138384,-38340,41849,-80726,92653,68808,-87374,29994,-67742,-85356,139587,161719,75175,187893,130011,-3131,-43812,167364,178749,42895,47270,-211405,-117058,112831,143504,67319,-17076,-86511,-136077,202582,168530,-84169,24233,184304,-137647,22682,-16595,14189,121246,-56923,28284,118286,-39101,-112296,-186725,25373,85657,127057,158150,80119,122860,76372,70222,73603,75831,-50994,-34196,62900,-108520,81632,-173737,38273,143476,64710,95296,-13061,-29872,-13125,-41027,130217,2184,-88680,65738,105794,119643,132288,-22087,-105702,-88882,-219010,45655,230764,129791,222142,142338,-46254,-186670,-5712,-140561,76066,15144,35073,31173,105720,-148698,-97366,-49260,225743,-161911,91291,-253428,-57531,47449,119502,112577,58769,-71275,163842,18088,230200,153682,75769,-161156,-139952,14831,-94908,234893,-30355,106659,-15199,110152,120049,-37492,-151636,-67681,55004,795,62823,52688,217538,57852,-30599,-14483,-6258,-166010,-143493,100978,75993,148966,-25196,-115657,78943,123880,-47093,97334,-10044,43320,-94125,-61897,-110233,-85992,8688,113294,99146,113695,-84508,-106112,17118,50997,-11588,101614,48866,-90575,-101580,59949,-48112,94746,-109814,23505,-28048,109185,-74434,-156825,19757,3021,-156364,-79494,149877,41525,173882,115875,75272,-59747,20632,-7477,-119254,17190,-304576,-384148,206738,135261,-132814,30246,-65993,-54289,97549,-56512,84269,-151052,63034,-102129,112277,103538,94381,132681,50505,164346,-19598,63257,-27098,-163630,117081,-21329,100712,-12047,109330,-139267,15147,83517,6921,115433,-110157,38419,-91407,10103,158291,-127909,-153701,-150026,-48889,-64961,93708,-232630,-17263,22069,15367,194421,148477,128858,78350,-58438,75466,-100588,-57270,17578,6438,-78365,-80492,-158217,62466,-104405,158553,-24235,-26280,-121255,-62056,106977,102612,124461,-280832,-466456,334216,151831,208869,357241,-113479,-191788,-153054,334295,263761,-95604,-131119,-7253,-103950,57598,-60617,-4258,76382,157306,223547,84674,168734,45150,-42921,-135377,-26827,152517,-4071,-42787,-119023,-55849,237495,-84517,-1659,96397,10856,-14261,4679,-119136,169422,-42062,159790,-60869,-144205,18858,-7331,-121972,-120996,-17927,-56766,-40491,73582,25820,-939,-197584,-158426,71063,16519,92540,-98136,136598,225398,-86431,93882,22454,-102465,184972,111929,28330,-43909,174595,65616,132224,113290,31477,-160841,133285,-52874,-158355,108271,119821
32095,-112533,7740,-97672,-78903,-155913,-116240,183573,-40723,120748,-16083,46955,-42,-141809,177603,-26699,-47302,47361,135145,-140891,-86084,-125115,-124871,-103167,-7295,101389,71824,72700,-39213,-11065,47513,-106512,-35713,-78403,188599,147986,-14262,-9243,89600,-97729,-91173,-67588,98915,122390,153497,78674,102000,78753,-106082,-29075,-16117,-77109,-117488,-47818,311158,-9664,230995,24843,181712,20986,-25880,163925,218421,127895,-43495,276174,4266,123164,43813,259681,17514,-5609,-85373,-36024,27765,-87002,-80487,73232,39924,-109389,79438,171699,112041,124395,22694,100821,-38890,-20440,28916,-100470,16861,-39448,-168124,-25519,95279,-7212,102217,158335,-93769,55064,68742,-50774,-122933,128380,104256,-32151,-45447,-15027,-61958,84249,113366,114399,-64719,-42068,-89342,52176,-55859,189439,157273,15837,57969,150169,-63298,16911,-106538,-95859,116331,89720,-2546,-5047,15457,-338,66963,118969,-37844,92731,53827,39142,164750,6004,192297,113131,-47680,-64171,-184547,102633,7822,-34465,-127180,-34266,-65433,-145940,-1013,121768,-169035,-86328,-73825,-172402,-124933,-10395,159780,-55845,-90099,40522,-85212,-48961,12945,-13479,-4405,35925,-18618,150580,-113869,100901,-22925,-25645,-89064,23767,56946,-141091,-186351,88292,59006,-134214,32515,-265046,-37222,-98418,-64287,-29259,111583,-193150,158999,135865,59317,74534,86979,62339,169456,109040,-101434,-35248,-15564,186114,23762,53678,81458,-101730,-81138,-48344,-87431,-22548,-50247,32505,-82694,-69689,-63849,100190,-134604,191267,-142199,10125,159601,54076,108422,-8301,64605,-156435,-76946,28300,-145416,-87579,-99702,18060,-54292,-57028,-9858,-21619,-146339,-33635,-77368,-104719,-8562,56791,-132725,-71765,14691,-26021,175643,-158599,-99783,149040,-47809,-75884,119348,-87100,139352,70659,107661,122226,145480,106321,146022,-3779,-168469,105473,40083,-56032,97818,-89396,71075,90891,71516,31281,-108970,78361,-83180,-7377,60458,-59302,136985,86784,-61240,-144601,-69843,-134277,-90554,-14140,161121,97913,-51351,-68754,-18208,11271,28142,-192320,-8667,-112825,66029,-146013,-2528,-136516,93386,85409,195208,129923,-52923,24448,-100630,-120095,-48993,78037,-106135,106381,94071,115351,103734,-21246,-50637,68548,-26654,176823,43899,115693,34508,-12841,-29837,68723,-156045,-171793,-141166,-71735,68295,223249,98384,135373,54793,-105961,8453,-58277,-7829,87635,77243,-49092,18150,-30737,207034,22892,-114394,-3419,85149,-61929,134062,122089,42358,-92339,-7333,32342,-101096,-163562,124493,176388,-66725,-123781,175338,72011,30835,-122436,-101897,5037,-125266,-119019,-126190,101016,-17844,-52092,-32197,135596,-72592,-135927,-56569,-19609,-135963,30873,-167036,17430,-86013,135121,-133371,-90186,-65760,-12681,-133280,132573,-3045,-25548,18184,157470,120738,-33435,-56190,-59585,117319,-42409,106182,-146395,-9814,-44906,-46798,-62705,-82840,-137721,-110649,-75731,-96091,49034,104565,12471,-110780,78885,-174857,-12203,-74520,177687,121293,292407,284848,-19268,-103448,408,58699,31757,-160062,-69993,-170306,129416,-162000,98373,-153943,188943,175803,-2875,302878,72721,263221,5542,-111879,205271,294225,118137,45077,-91862,-45825,-162636,158090,117835,30951,137507,137435,-143171,-6652,-183304,57225,-90906,120062,167557,-49602,-10560,12734,11364,8953,92287,-129506,-162194,61557,-134634,14280,-479,-120674,76759,-147221,55730,52068,61757,-29905,177019,-137442,-83552,47703,-108680,-166147,178575,-72207,125433,148679,49551,224947,279543,233770,261804,170858,176377,85607,100839,-115728,124277,62798,-93753,23104,61446,182095,171767,-49577,35439,-21428,146186,95266,145671,62178,83152,108580,-113923,-50978,-88182,94221,79292,103621,201734,130641,-129625,158081,147944,-46087,-89293,55599,-151539,-10169,-85333,139740,114216,45405,-80981,-34051,-14642,-55312,-146999,111948,59719,140348,-170704,-120006,67909,3068,29044,138997,-119365,-43950,102633,78727,5963,29702,132238,-74049,147255,79557,68008,103932,-63154,88754,20896,33868,74322,33351,128415,-12603,47229,421876
86898,45058,-33992,160874,-48388,-25648,-50968,-133743,139631,235892,219882,119831,122856,144228,-81511,73004,168073,-75170,-2789,78499,-105934,-152163,64326,142286,174134,-53800,7827,-32746,-104597,43421,159412,109800,59280,-118331,133444,44314,189636,-98684,-63309,81902,66954,39467,55029,46726,173585,-79022,-103847,127388,-146315,-34633,-101325,107442,112536,133914,-30396,6926,-73841,-173204,-90471,-99664,-21088,-80051,137064,-139822,20946,188372,159098,163825,251208,87768,149130,-122077,-54474,-96075,-63658,-124756,93554,-124763,-133838,-14088,129192,101888,-13111,63402,143094,99194,129177,-8764,84156,120530,-109840,114572,65400,145774,180347,140646,93590,133489,115473,-115160,99257,-186309,-62595,-69659,-33914,59630,27731,25347,-180865,-51441,2931,137882,-82574,174392,-28577,78243,54771,172720,-32355,65771,124539,-54820,135389,143788,-115448,-90456,-143438,121807,-190312,112406,161437,80647,-23903,-10483,-7826,180280,71590,134046,98020,3871,-45223,-90441,160162,180839,-22973,161959,130863,-148498,15117,94506,92165,-37534,-128591,222595,-19245,33496,-81278,-76853,26117,6318,133166,-44020,-67626,-41044,172641,-28465,-100092,-104518,17354,122140,122109,204068,91509,-130946,-160894,-29750,114393,-38503,60232,142089,-154372,-139784,-16157,-19700,78579,-27182,157130,-58072,58151,123979,-23444,55468,-109618,69588,-69626,43421,202558,191265,-119282,45299,-13419,58024,68329,111675,69451,-57852,-116774,106853,11400,-180455,180096,136927,114066,-12954,75641,101979,-7138,-51434,66376,43721,-39100,-206728,147533,125363,-175701,172312,-101844,100047,153299,150178,-97060,64740,-84521,12023,189106,20894,56385,72941,144992,-73470,-40719,-16057,28056,31176,202904,48400,-50507,-169962,18305,-19668,140001,-25321,110893,-123327,41686,150780,26286,-125688,-182217,12528,-81073,-92623,99441,-110200,-109714,152095,-120641,130352,-104022,166016,71737,-60358,67865,-58631,65388,-5729,79837,-129716,183244,112039,141373,74564,132385,43128,59600,-50397,114919,-199913,-57043,-86413,-164489,115104,-153873,-179891,131101,-98702,-513,46834,123373,114413,-135352,117257,-117807,-139375,-201658,-126182,78091,-92651,64759,-115359,-3642,-7844,169235,-138714,-113650,-291565,-27413,-220248,-213771,-160381,-29081,-3188,-105449,192631,176165,-21313,99023,124600,136807,-152659,90776,83968,74964,-61721,158926,98437,-85393,64201,9901,-54247,140043,-71732,106472,-7462,-64879,-49074,-153268,-9052,141219,-184078,-174214,231114,7208,127135,-87266,-168748,152880,121965,38429,-26344,158905,197765,83330,70717,-6872,-45179,-53286,-103782,-60694,-9077,16353,187707,43967,-72746,102639,-58559,44308,26225,-69621,-102211,-182467,-84731,17015,29739,-50730,-42911,41930,109147,143651,199120,53765,-111642,-72708,156936,-61627,-6539,16047,33206,-144051,-155035,33069,72440,-32758,-130062,76866,3792,149628,27154,64194,127250,-74055,-60566,-9011,30658,234009,24713,144241,63472,-207433,-174241,-130486,-11803,11904,-124175,-98691,-82984,-119082,-166094,-145090,-194076,-152507,1545,186534,-67133,23112,-17968,13374,-49419,22175,60109,142068,-80628,-78466,-15386,-19652,-81408,130172,-9140,-256115,-191957,-110411,27732,138186,-160224,11095,-43963,-103703,59828,148758,-44396,34907,-154364,61797,-48276,77639,-104138,-80658,110109,-45984,96506,116075,-54248,152679,259705,-76113,-95603,-4112,12088,-55826,-82327,100101,128701,-63458,-425,64734,32740,-69644,74687,204611,22531,30435,-14651,-123589,33360,-163580,-196896,-11412,150195,-419643,-142674,52177,26271,52357,-140739,-63201,-27626,-21650,-164558,-125754,-114181,-66446,78773,43087,-58942,167598,150529,-111041,-86834,101860,127162,93743,150422,60217,-56753,-76029,28718,168317,132877,163526,-4087,-47968,-136802,200743,-35127,-112034,217900,92149,160237,7089,57734,-84038,106226,165,-135567,-121063,-152395,26442,-53603,75849,-27574,45042,-72735,31821,54997,-99141,-37302,115661,168610,135387,200910,118317,71567,165433,85757,40835,-58918,138975,111505,-26859,-19383,-68009,-3584,84379,31256,-40057,-94302,-160053
62554,52500,146883,59120,128583,37745,17680,40793,117714,-7972,165478,125757,-41073,150856,-21752,67789,55856,61207,-21098,110135,84826,68248,112812,55059,48938,-122251,-119891,-96611,92733,66540,-26982,68756,-61306,-65231,-128795,130442,181304,81432,-61675,148223,5704,-115851,-87387,63692,74694,-43305,-75148,-132179,-106269,130300,18188,24895,57940,42503,-128476,-163937,-166581,-28022,-160558,-126413,83631,1507,-172656,184516,61339,-24361,-144459,-46063,-183371,268701,-4914,105412,-120583,160119,149785,-33066,-96443,-78679,-40890,-166058,-14564,-57721,165630,-138329,44649,-129231,-110619,121811,148514,-30688,141073,2566,2948,9683,-46649,36696,-25455,-21269,-10802,27853,-153296,71746,-104477,-124716,-31142,-74312,179502,49702,-60912,106553,-72545,-39469,49072,-121558,41061,25765,23545,-64340,36121,122460,96631,89622,108067,-160818,-172979,150405,-21533,34647,62683,-69481,28003,19701,59916,-69519,-25124,152352,216305,-101023,70285,-68044,33072,128932,-98793,103216,-110122,21991,-14400,-107543,-108911,-103669,-145169,-8245,-101874,56472,56994,23611,199907,-104004,-93206,11076,90024,15528,-61872,-28503,18662,139089,-529,1562,346,-98957,-135364,218136,159160,191007,-64836,22454,57594,150384,90725,136402,99901,-117465,17119,43004,106273,-13165,164968,76275,119222,248207,-41328,12283,-78311,13712,-39396,-50238,-8088,-6310,205189,3973,-27227,-100002,62247,170588,-88625,-67470,35253,63028,-59928,-66129,37031,-40804,-11351,109282,163080,-121499,56005,137485,-11300,182792,57833,-17392,71155,71616,7512,-104577,-113203,84289,60948,7701,208083,-83127,-97248,30283,135550,24805,162806,-132574,-56342,-102775,48948,-26167,5205,-33856,85396,-58069,61061,187833,60075,-16462,56981,64482,158617,129664,95659,109648,111464,-153834,-52827,13108,163196,127655,192447,65989,-695,-154625,-60528,67609,39763,120521,-53994,-55658,198422,-154087,-90391,-103383,69217,5767,172742,114764,-52494,121274,29131,46685,50659,-45180,-162843,57327,139799,179421,37195,-107755,-101762,70333,-117767,171563,-2510,-156508,112006,153124,-212890,100913,-47578,-59046,17143,-76383,-21099,64183,30729,171119,-11853,169036,119239,-26686,-47124,-131414,-269632,-158584,-109647,-61016,-172877,-39161,-175663,-78302,-138035,83401,-44406,-109670,-83876,-72357,115292,135839,190394,44136,119768,-7668,-97982,169584,-72700,71340,247344,186330,-144978,-17375,-160863,-49668,-162856,-172984,36471,-206916,-235581,163674,-31882,151230,-63055,-72470,-32211,-16684,-102838,163942,-16793,-104199,170442,-105697,82653,41207,-189345,63505,-31972,22202,137513,-81355,-122741,127022,22442,151847,-95300,184705,-38328,88555,62636,41708,29741,239282,-125789,65651,-175647,138717,-33268,55916,70797,-124703,-87020,48481,-82791,127982,39551,161026,-51427,5351,30618,6345,-110357,-133592,-61346,-337,67329,133615,160640,187723,87953,-136430,-153691,123405,-28701,-90079,97268,28144,-1010,-73882,-109586,5063,148698,-41806,-219440,-164258,-236535,-126741,-437929,139192,169479,42695,121519,184836,144690,-77704,89368,-99935,178041,-2604,218166,-44822,6880,-99732,-222149,-395776,-55355,97408,-124241,79058,122629,67996,60021,169637,-44955,170861,99044,156051,-19315,-24228,61126,-70882,-46333,76463,-158817,180703,-99232,45566,17005,141495,-95999,70393,102434,184310,134199,42694,-48046,176506,-53763,100423,158628,-73969,33547,-132337,-145951,26665,32068,184266,171479,236040,-4743,-17402,-59694,-85378,94878,-410016,-431480,-35734,146864,-288737,-87633,-16104,-102794,-88133,170334,227302,169278,212562,43790,98469,-83780,-247472,7670,186667,-37759,61047,-73485,142241,-152952,-57523,97578,-91074,182155,46779,50990,-100430,133411,-38194,43513,2728,31347,87302,-59463,3544,-54992,51302,98849,-38014,91963,81226,65863,120256,38804,-134716,-39317,9744,-164677,-181542,-29988,-95923,38123,187306,-50062,15,34081,-53206,181958,155856,205750,73566,56409,-49234,-19033,110031,11072,127084,182474,5895,3024,-95879,-27701,-73008,120382,105139,-54993,52925,-61549
77030,11522,108722,183862,-47748,-28781,28161,113912,136082,106260,35247,82200,-120085,42382,142839,-109602,15392,64024,134725,-172130,-131622,57647,-72161,-118707,208582,-161449,-221683,-84495,92429,-160714,-8858,-141654,31157,70541,-64025,-44134,75833,178838,-112099,101251,-148606,72302,-8730,-130132,-107541,153421,-9932,-108482,12329,50101,-77857,36066,153807,173178,-151470,138255,247047,-287301,38618,77025,-190656,-20503,-160249,-52342,-99569,206130,91884,208494,46759,97090,18943,158374,11125,-57987,-94687,25240,-62434,48512,92641,160054,155238,19114,-90370,84237,81933,-101414,-136802,20975,34942,54256,181728,-130627,5467,110040,171242,-20692,70033,-153503,36346,-116558,86296,-27718,-129378,-115317,22059,65564,220748,135405,528,-77747,-45187,156799,-6525,-66384,53394,154039,68969,108569,16574,80611,88196,118242,50357,23145,-136028,-93527,-127434,-55234,1374,-211480,-111899,140615,79274,-95055,55946,-68765,-72435,72417,-42362,15973,-149114,-114050,15412,-4774,-54662,-150901,15951,-52691,-36370,-187167,162785,-49884,-171906,60393,-140417,114973,41612,-1509,-34539,98544,154964,70687,-31310,116020,-98003,158388,-110371,61521,144470,-14428,-31506,65796,12196,-182934,64965,-155152,114928,106421,-122750,130260,75767,-117419,-50194,61908,119659,-112217,129699,130145,-169343,101688,103767,-2858,165772,21466,167761,24918,-145502,-59326,92307,68403,136024,35089,-112044,-109117,133198,146244,-74882,-106724,-27008,9446,-52233,20788,102313,212180,109076,25739,145623,-96111,96440,-33717,-158119,50724,-51144,36959,20554,185181,164153,148560,-32052,83458,22364,42786,-152143,-148183,135113,-175096,-86123,34904,79735,44226,-15524,97145,87398,142415,-104315,-210393,112074,-51431,17789,94895,-124775,137749,-95364,113728,125167,191330,189889,81885,-136278,-41945,20092,180110,-114117,-161418,-87519,-124142,-117462,-146301,-19374,-58499,-63574,59862,-26441,-50962,-101539,20660,-49362,-10701,-60955,-63063,73852,-21000,12391,39311,-138406,35173,14127,110556,-57625,47997,-119746,38087,108359,39003,-121547,-85305,101891,-55867,95411,48202,-65516,-78387,-193909,69712,-24367,149192,157278,-132899,55094,23309,156808,-149911,166655,161772,107042,-43735,-37385,183014,-142734,-257251,74576,-32542,-32131,-47949,161368,126132,-19567,-138820,-122576,35323,-7693,13213,-139261,1130,74235,60462,-38184,-84049,-22488,-178765,189550,-43903,-199950,-108832,81426,-205802,-109626,-153699,-100112,144267,-137462,-77335,230308,-79876,-41755,36779,-78021,-30779,-135388,171727,2261,-22720,-74074,-3789,65504,-96261,117091,87502,-103049,92706,127226,126012,107324,-36617,94515,12258,105114,-147858,-86123,152425,64253,-19395,30284,-25649,181177,-42654,-135839,110693,81069,161542,-21519,42764,127785,-74729,-18692,-69857,212,-50595,-147422,47267,-116326,-34006,50893,97641,170258,90021,-147624,-35666,177714,103407,-72361,-125567,-32485,83702,-15817,-25778,-174864,154541,150589,140085,-237847,-211943,-2785,-414994,-196450,252992,-252370,-13618,218155,14138,-180744,-81045,32913,-69002,-77235,-35024,-3045,-28267,48396,136228,168673,-191158,22233,268190,-37025,-127166,223484,-5582,62574,79229,86507,-56428,-46385,122554,-118596,-26758,-164609,90359,-19373,223223,90130,17299,192014,-84162,82312,267451,169206,56125,-25796,-67005,-53923,184351,-18660,48968,-7087,-144751,-66778,65319,-104068,-165961,-91196,96032,-102928,-149369,57588,-153923,189268,-101932,-111779,108574,-158113,-49673,33599,197502,103031,-122615,54726,389185,-365512,-82157,-133103,-175904,-74744,-123663,204795,91337,-202060,45516,-53954,-14416,-198207,-104096,175647,23716,133943,-65498,-88862,3491,-6655,-37007,36541,-88412,144079,-101322,-69046,-98328,186691,-65813,169540,30488,-97450,6122,138234,203261,144514,268304,2348,-131802,-125169,40199,97453,114207,-238605,134654,-40512,-247654,146102,119593,-186503,102908,-148899,-60683,-33752,-79973,-65130,114771,123030,117681,166054,-139883,69653,-38533,18850,93761,12367,53916,65325,11800,158605,43506,-126443,129786,-6871,-64580,152171,14552,-65373
-22964,140116,124183,11772,-55053,41577,-91919,7475,-16648,138239,166974,140651,135876,42241,-169089,-78517,80220,-100719,42712,-13286,-47224,91173,66040,20858,-36317,179902,75282,-169219,-85606,-72120,6648,-140012,99282,-142996,-97905,-113596,17697,94071,-134645,71792,168902,154606,-88636,-11613,84343,215694,110037,174733,159920,23086,-38432,787,137367,92154,10727,-81290,-177229,-83855,-135057,20550,243774,268562,-70040,-64494,-85982,-66914,265732,231929,-163431,77238,-85574,80832,-22862,-119738,-162044,-106731,11864,143304,-152377,-298287,3504,57998,-78514,-130176,41108,-29262,191891,-60077,-135915,21529,1797,-135031,-1743,-111650,142167,-115846,-5047,67642,-108819,-68505,-166820,58846,155100,156018,-46940,31701,-89112,-95830,64235,17587,168827,195210,277977,135751,-126630,60142,-182959,79338,88960,117314,117317,-58298,90014,-44798,-183749,24926,47087,120752,-23976,-92897,-69397,-94860,-55638,-87430,-115332,-43662,190326,53323,-93068,100649,132583,-71102,-12649,156522,93094,86070,-51759,-28783,-181689,-58575,130848,51197,-88315,-109894,-9176,66104,36487,58583,-92667,111020,-47549,-67178,35839,-16992,89717,-21877,24579,97906,-21392,42607,3144,-11250,77408,-61294,-95680,-62646,16668,-51334,-83204,-150686,185395,-149892,51630,59323,152759,-9972,-190562,76973,-44655,-35700,84687,-71827,65698,241439,168122,167586,-31612,21236,-34144,13954,186776,-79710,-71621,19315,-45417,157248,52395,25365,125057,247,47545,271075,165109,-172290,-37271,297440,237027,8770,50465,-63654,48073,-161995,80462,50715,19014,19452,52196,192967,-78890,-152164,-80971,69756,47030,49222,-39012,167013,158184,84494,-86137,-100755,128125,123922,133103,-174723,-99685,-25573,200641,206561,95674,11628,233161,64863,58270,-42475,147840,63140,113520,133625,-25357,12192,39737,58563,-16661,-67306,-58833,73478,116068,-2029,-174004,-33621,-72170,-122964,14934,-61273,-6861,190643,173553,108279,-12394,-139525,-6024,-34694,-10925,-79574,78213,-11905,2913,-50154,-2255,-72685,-165664,11466,133451,124528,70722,20726,-43420,-17495,-37801,-197228,81234,205517,38006,-134938,-65751,16730,124417,178783,-128039,-13422,-2699,-51159,-60035,39903,-101091,3597,-271759,-142519,150537,-100151,34750,211375,151662,-80746,-121587,-119430,-149447,71324,30463,-148677,-31987,298677,-69069,189660,197812,48938,183298,200204,15826,147415,36314,-160606,-151893,-254873,-54764,-39159,-70048,174058,90293,54947,-33695,159708,204631,-68620,-6009,73939,-8180,-7631,80955,58908,34551,-161162,-138862,148779,-218614,-228537,-129116,75594,-122457,-3967,80390,65803,-9299,78888,-121958,46024,-55008,-63682,-143656,-7621,83983,-61350,202355,-68414,4540,29367,116960,-138994,88968,-91681,113071,-112482,-49453,-187401,140957,129339,124791,-138059,-98680,117988,-5866,-134519,-134225,-197452,61557,-2051,152267,110922,220977,-26215,51801,110438,138328,36262,20523,-22550,199204,-122151,17509,-75887,-28123,100382,117457,47324,51279,-163368,122592,-411077,-152954,102663,-267610,-276367,-153452,-140713,55943,180077,160792,89854,-158282,-35659,187,-196361,161373,5581,84400,-138521,-236191,4288,-273968,-339039,132052,-122249,35581,-105667,127643,-122543,47183,-60722,-4188,-53475,77416,23670,940,-74957,-59394,134107,52865,-112447,161821,-48213,-41589,220435,45767,117629,-103111,99899,17207,38735,172675,-116513,-125885,61051,41377,11328,-188529,-173515,88445,-141738,8371,-2888,-167889,-86981,156078,65651,-104144,61356,-347361,-276413,-146641,-405182,-268771,329031,399940,309706,-182227,147288,-36413,-11692,159010,133787,275301,-14302,-259730,-162559,-31782,38234,155415,167431,-132450,175019,-74386,111795,27790,-78561,40220,85777,134691,152158,215624,136547,228472,48354,161477,-151605,6686,71152,-82509,-29400,-139255,-1161,-57687,-68770,-147452,96230,215183,38799,-110052,93258,170095,-31761,38012,28310,112815,-60169,172833,152581,18422,3983,108126,116399,-9027,140355,139227,-120329,-60770,-50764,147454,-97808,135560,82485,-57259,193075,-201337,42163,-128177,119756,281542
-140324,-9854,-6754,-69564,85292,115868,4341,21975,153422,-513,89692,41387,104396,12190,166615,-137664,65292,127160,113065,17878,-201504,1902,-79939,9903,113399,77103,-141351,-28891,63484,69299,-46380,21289,4474,84382,-111243,194745,158723,-65599,-7607,-23444,91435,96998,9966,59395,-51424,-202881,-81939,-50699,41044,-142964,-149130,-35470,-2832,-138344,-39891,81578,210335,338059,190471,274033,106350,-1845,-20161,-68387,181543,-172989,-32629,82328,-77630,111545,104968,221139,-14611,142793,8857,88957,27884,-10329,159304,-90631,212904,-38891,147010,84345,74465,114128,-5831,-124409,123079,49627,-10544,-161356,32333,-42727,109589,147844,21201,77447,-4821,-11496,-98567,-64202,144244,-94762,12017,65284,-110920,4519,-196123,-192927,-182941,-127023,-203494,-142950,-22349,97619,136468,-113345,-117417,-71610,132651,-46747,-90239,197671,-42562,115221,26159,50980,-43910,2630,76632,68777,-46852,152069,128701,156841,102888,-139050,-162077,136560,160090,15191,-58408,-23733,158651,106857,35913,-111456,-23599,-50131,-69864,-219589,34340,139648,-156032,54497,-131461,6452,-50175,18303,-108151,-46039,4190,73023,-150212,63619,-85679,-7055,-48747,29370,38226,32842,-24409,54774,157625,134497,-100341,-119099,61398,-66006,-151889,-219652,-214915,79503,96204,9697,-66174,-74079,-123780,83345,12229,-89534,-42864,78908,-28488,80855,47334,-55092,-25161,39720,173036,-85094,10183,-49956,136529,127172,142585,16801,102493,-97989,-127916,-211309,-108100,-84748,130267,-67119,117051,225022,120982,-135131,74679,-4719,-91221,28874,9041,118895,29054,141806,-35749,-65602,-30917,-98692,15097,-48702,-18245,16799,-167241,70889,16775,62543,128990,-105503,-76577,-13922,119149,-57674,-184596,-24623,137641,20394,-193053,54360,-68127,-133559,-196145,-130812,11744,26244,-50977,-9875,172644,-163177,101047,53964,-58822,-33197,-107737,60570,11805,-10855,-3204,82123,-96161,107906,191068,50927,-57228,15651,-44641,-168684,112954,49225,-36015,-102520,-100035,118442,73464,34144,127430,-47928,-82616,-77595,-97831,-34576,52511,154298,-13436,16624,-70766,-173465,135290,72824,40813,-60878,61930,54770,-133450,-69821,47245,-19761,103242,18588,8987,47049,10046,230549,270648,27195,69524,118594,45339,-185319,-76219,72922,178137,189099,106917,-166203,-129453,-111623,-74288,-25819,175143,-134856,-108375,94673,7143,-148286,-123385,77001,-50015,216019,135592,189827,-16689,105929,134179,174965,-46656,-137528,-8790,4821,20937,86056,93126,-176462,132669,-160460,73249,-63273,-102672,59438,8370,14767,136615,111474,56850,-47431,-60688,-158493,-39934,-3466,166701,-35456,-122785,-83906,-26537,-99000,73957,27329,-7959,157535,-90660,-89043,24414,-183281,45863,-47303,-98984,92809,-79395,-155183,16608,-99656,-14302,97980,-133320,22912,88455,-26502,9956,89750,181987,136822,143368,139818,41564,-26862,-92259,-134837,74307,52552,-153586,-136432,19820,14615,-126210,-85979,-102894,31944,116357,-173591,136092,-112932,-89710,80810,293525,58112,309481,177212,218509,258239,39516,-1977,110522,-86551,-3437,-42475,36309,-97459,45539,-95265,141349,118985,280847,337579,45068,246116,134978,349320,94158,-89042,154663,-168811,-84748,-51991,55732,4330,-135040,-152450,46425,201679,123480,-61489,-27940,72269,-289,87174,-150516,86684,-122555,-80363,-23715,-8029,154617,-76758,-115183,-7034,128840,-192613,-127062,85339,-121502,122923,-42531,200466,134180,188177,118327,49466,131247,-141535,42168,-60525,134187,182712,556182,222382,203684,412952,91335,-227666,70703,-138750,8014,86679,-119292,-92042,63862,-247158,-56841,217936,146649,98486,-100148,100421,-139096,158410,12869,-5821,-156771,88282,-68743,93822,-41037,-28120,-13129,1597,47663,130950,-89239,-48185,-132890,12713,175068,13845,67037,-14852,-4824,38262,108903,18176,-137144,79428,61276,87854,-179854,-219592,-86848,-42124,73772,-109834,-83228,41852,-85581,-3790,43764,127322,-98158,152626,-160241,67098,138605,-146331,91632,-21548,68968,-93217,-14026,57925,68778,-111737,39588,40761,-148316,-56907,369813
34313,-75654,59185,66607,-116084,-31427,48968,-23207,89313,-29849,221089,-29628,-25942,193240,-74020,61197,-142280,147859,-121682,-12474,74139,-83931,9008,86611,238968,52987,-11636,27635,149427,-25545,-132632,141778,-118941,125625,108287,189081,62620,83435,138155,37139,129179,-64017,38939,-114819,100212,-61771,13066,147034,77405,-95849,55824,73352,55445,-115601,130636,258828,-17334,292243,218358,-15677,-174906,-186798,-35367,67509,5036,105442,-24379,-13194,-93904,48852,-17386,-24853,76683,-68975,118230,46778,98769,-90841,-3935,-49570,90415,-86472,121487,24484,126996,78516,56390,20880,143980,-45775,137923,138263,41917,-89431,-115271,17093,-11857,208117,263491,132367,-121497,58250,-111889,122645,-57839,36024,145381,-79790,-104277,69213,-86928,-74967,43393,-71482,-63043,27789,72367,159255,136323,110317,-3120,-167005,69951,-125816,121151,30835,-144488,42459,-158943,71241,37135,-212272,-228399,-76216,-99137,186346,-52156,217783,5340,185998,112720,11291,-49162,-7339,-33917,15527,-127861,38530,-3161,11284,-92065,-33378,185401,-32389,16339,-90528,-36747,199323,-38457,103044,14025,81638,130856,-19268,-81851,-85550,-141451,-73265,211669,33690,63933,98367,149807,34723,111992,61037,21028,147488,88809,82674,-210343,-100853,-137036,65492,581,130967,-80929,45258,15943,-37739,204517,72558,-26713,-132377,86179,52287,-74,-96447,168686,1732,115773,48161,-91253,157886,113128,-57818,20225,-97542,-112187,-24972,156634,-31996,37177,-20258,94599,143104,11329,41254,242594,-62572,63589,73152,-158156,-120776,-235260,154251,23068,159847,193465,-12544,55131,160082,151800,202751,169124,155195,79175,-31067,137514,62859,236733,60483,149878,-88078,16599,144601,-146718,78524,-75288,-126687,150269,-11460,133198,-76329,73702,-45909,109777,-73934,-88246,-243175,29942,93723,-181223,24,-100265,5897,194945,185891,-28843,122194,-134813,108846,-28649,-58825,119128,9457,-10513,-36085,177799,5153,15470,225859,177547,-19899,-62359,-43718,-171493,3528,-34067,-184470,72765,-48813,120087,-107599,-760,-140840,94632,120715,111602,-25272,-115759,117599,-18303,100502,-54983,-104705,-93868,179136,189385,22116,-12005,-146946,-43710,71659,-92889,-192805,-168467,-86151,150515,141520,-110619,-124738,29808,-22939,-102555,61081,89247,-196750,-138765,-114359,-46630,-138289,-91526,-42544,239719,250398,62244,-87210,-47681,177240,-3477,127868,8143,-132153,91637,-97426,15282,-49185,-290262,-260654,-146327,-109652,184197,16263,-191591,42755,142463,150394,-99563,31327,68907,182089,21004,-78976,139654,143143,121940,-137632,-171856,11950,-162,116557,-36218,24392,-111026,213285,51083,-22188,-13065,25242,-115948,-103945,72343,150979,-36928,210232,65043,30209,65506,-91554,-66904,38903,17797,92708,-33715,-40326,26474,96869,-8036,-16883,61439,-41937,45915,-34467,-34222,149177,275898,146310,2619,-204111,-128462,140221,108531,-2335,214477,207851,215318,-181674,21696,-107945,-219418,81117,-209797,113206,-29618,112581,-96253,-201706,-306784,-157366,-156057,180665,140404,135911,95253,-181684,-87964,-121903,160773,-74310,-28818,214969,172346,-8745,-39159,-12175,5756,91693,-93122,-179036,-165879,-53421,163348,57716,-131985,53011,-22496,-38800,37876,-2428,-165577,-62119,103181,-50592,-205827,-114719,159109,-21587,-234738,78384,-24000,-2008,45896,92036,187619,150494,159527,154993,-40297,85666,-128393,-135165,41584,61190,-179423,-34973,-3373,187206,143507,-13385,37207,175642,32135,35106,-4632,186425,-75438,43906,115244,108323,31058,-96088,-191439,-129177,-114104,38211,81089,-37171,-47444,-108339,71696,29184,-158286,194189,61226,-5486,-33778,117182,-17117,119225,15388,174870,-151609,-55435,108063,17921,188173,114987,183275,-8785,92858,-87750,61249,-120920,-109895,95276,-56905,-195936,11550,116567,175523,-105826,126652,-46906,-202281,-60825,66618,-19498,-68354,-23612,-64013,-193586,184226,69221,-104997,85894,213103,41983,97101,138156,104181,223605,167485,-95671,214309,54057,234584,46737,-44621,-158927,-215891,7926,-138243,-114348,-85056,-171458,-248342
12057,-38204,-120728,-67854,-175145,-114612,227928,13176,181833,76982,-47789,38662,25072,118519,-88113,133330,-129364,141611,73137,137891,53665,9747,-219635,31800,-36554,111570,172862,36621,-21423,-63223,-90051,31633,89325,11455,-54917,192612,-110547,166685,71030,-185429,86499,17188,-36887,66822,-53453,37197,43690,-99086,-16976,-120592,27955,134564,20047,227268,270834,165883,129856,44112,-209102,111751,17552,-142052,-133142,-129818,-107538,-84823,230854,118665,81432,-152684,-256218,-72163,-165054,173018,94486,-102186,130328,-119546,114770,-104085,45746,93908,37916,158268,37978,90780,-4528,-30586,-59214,-98661,103530,-34306,-50328,-100273,213641,-143321,-88892,202592,-156805,-33441,-111675,129702,-43119,105489,-45230,15970,12359,-96601,-125247,-116808,148970,-47681,-98137,-120077,70703,48478,-98978,140106,-101888,-34533,-143059,229976,126417,53220,-5276,-146329,180011,222573,93957,-191579,-86916,-2670,120130,5127,81641,105625,-66763,-35765,-104234,208884,-24518,114323,-59955,6807,224930,8098,123042,-86753,-34460,-112321,-131562,89755,137127,-39868,117624,-79071,-34314,65667,180010,-24144,-108495,38849,-115501,-226930,-153461,120447,-80469,131809,-53613,25642,159606,-39451,20767,-236670,-149633,13041,-54852,12581,-43518,-42809,84547,-64420,-29321,42429,-149616,-164115,88592,-16800,-71670,-224946,-25483,-106845,-125321,84421,-169646,-26059,71239,-140536,-171223,179459,41207,-14030,-59009,80790,-175205,74623,-84956,111764,-283242,-114934,186848,-95707,-173921,-77968,-119302,-130803,-45304,61225,5413,-169005,-313811,-156365,-111547,-119998,148930,108363,7064,-110865,140598,175875,38739,-79539,-46345,119872,142994,96288,24269,70877,154099,-131252,131579,-54889,160000,-170358,113320,26839,118774,-189237,-11234,-57299,148538,-131026,-46647,-197805,146743,75156,-143142,-147079,22227,139934,156923,-57135,107693,64488,68665,172696,221919,5304,70630,-128964,131065,-26219,89584,76680,78511,-191358,34168,28069,85583,-1682,-26954,-31296,-180329,-176719,-130137,165360,76289,-4464,-64617,-45070,-212089,-3709,102841,-129238,21297,-116674,125122,-198992,-117568,41816,163016,-8961,-10516,-33367,100738,232757,14496,-135585,132481,-24227,-198513,139156,217552,-109861,-19104,-153983,291695,3464,-353134,-290365,-199323,267279,115470,80006,146150,224558,9981,-249713,-177088,-116314,91472,224117,243455,-291008,-3532,23335,69839,245019,96378,-50717,107682,116205,38701,-124091,22104,-240570,-101312,-99011,271981,107815,31952,126519,111601,-131326,-29954,-142841,-126295,52441,10610,-86881,-14687,-85856,94236,129240,51367,120617,-17242,132046,-31129,-55655,134329,-62271,-847,-60760,140091,-115750,-146225,28219,218049,-47415,95167,-21065,-102553,-299426,-75478,149878,41810,93726,32778,130051,-28112,46611,102315,161227,24888,572,-7989,-36273,55562,-89507,116381,-120363,-100113,151479,-67905,-26473,-228486,56423,118769,58193,78752,141562,-123793,-122407,141318,-4175,-170370,-94530,-123427,4437,15430,119718,-24693,-292422,204849,188332,54621,167551,175229,-144899,-63789,-213497,-220160,-182998,120813,257524,60238,-7507,182213,99710,-72830,9723,4709,208732,104232,234718,251563,231344,-42509,82508,-39886,-149834,-38905,112012,-114321,-105431,-43494,-138045,-101279,-44523,-76914,24876,79346,117248,109063,50113,-94373,289169,-37465,168350,11771,239615,104878,166693,106863,-1970,74,-139877,-141555,-136942,-165461,199348,-127951,-5088,-5571,17631,238095,26116,273723,-67787,-215171,-114772,171759,30637,62478,199437,490798,676708,-419235,-224775,-179751,-17246,-133840,-72520,-222068,-38211,-186758,108368,22018,329493,-16103,229391,125283,42321,-23860,-51589,118382,137960,29099,132155,-11648,-86830,58133,127432,99061,117034,126273,185582,88824,42271,-122740,215309,-41281,23835,9144,112824,162906,138271,32175,132303,-6462,4296,-168423,19875,-168863,23155,133277,214915,-11591,72172,89881,-46707,-114307,200614,-118550,-23395,157296,-124492,16966,144416,8635,-33887,249363,-72776,82478,50654,-17841,147247,-193619,33195,-83774,-239760,-623,163382,-143049,121617,59877
-18560,88728,-137292,176136,141086,37228,181133,18917,69097,64849,225442,-42664,189250,49399,-8358,98288,-139614,-39523,-121820,-158208,-152976,173159,113375,48996,126060,-135363,94165,-136877,83933,-135142,26250,-81826,14793,-31341,-104361,-125142,204099,83511,-33494,-20681,-123872,-129597,2463,-128332,152142,161862,79628,-20779,-82384,58932,-209193,109674,-209268,-98701,-36460,-88407,107391,160771,-64111,-71060,157658,-12768,-31333,87954,-101785,-135684,106122,-185869,-152629,286465,247117,145449,-13497,115491,68759,-72847,-143423,96182,37943,-130492,215280,-22257,-79571,15688,-12863,-69286,114640,-8188,139144,206006,138491,103502,157977,195180,-128644,-168442,221374,48414,51890,55078,85558,35563,53910,155812,-26359,-133483,55439,-91204,176556,-51902,-179600,-160064,-72495,-112735,-78529,-80383,222063,-28642,44582,-128725,31928,-115402,4299,123271,-76372,134417,-82570,23744,137927,96915,-187975,22072,2073,-215808,-21951,-78578,148412,165399,132142,57372,89685,-86790,-169405,-91733,-175876,-48183,141272,59435,74965,-139554,170134,142592,-85292,-98581,-19529,51488,136686,-79806,162678,49374,-27444,-31248,-138078,177465,53297,135045,134430,18675,83043,133883,-109698,-44169,49256,130843,85768,-160483,117999,4503,98496,62652,18698,-195551,-153964,-103743,-31424,-38105,193808,186312,97390,134576,95021,-86686,-18954,105907,-63199,167993,105632,85306,-50395,83913,196156,87675,-143241,-107577,70510,-16489,30178,-71655,-138948,53345,125399,-79678,-52280,105819,243883,46091,25112,-18753,240126,224978,70240,-63774,-178491,-153003,-104293,46849,-79853,146466,23118,-35058,-146807,45273,45430,-81507,-105008,75367,-54892,-120931,57076,-102310,-95937,12953,-71747,-7037,-67560,7117,107238,173489,-23559,52603,-86978,-53520,-75875,-115694,-157945,69121,-137648,-91549,151889,125130,27221,29134,128061,-55470,67887,-131771,-126311,-34766,189579,-20150,200934,-168435,-205957,161326,-83537,10366,-70977,12433,48182,40064,-101866,95134,216263,178787,64040,70745,-72787,84987,-62496,139926,72051,132012,102736,95175,62650,131889,162828,20849,135404,-151514,-88194,-58426,163935,-97104,-190010,-38346,-24215,-56996,-164204,-61273,183723,-40871,-88304,-144498,-122253,-17086,-250234,76931,98634,-112710,84191,-123268,-232311,-144057,-197044,11762,-140447,8315,-11722,106807,-35668,-5147,-215715,63728,183581,-130930,96361,-21484,-125434,-12713,-13676,159805,-37045,-214533,141975,-35388,-103965,-171808,-127601,-228037,53512,75369,26930,-128018,-9978,-102193,-115073,147193,157586,-107962,-27904,-107490,-42403,-138723,-161263,41457,127096,80622,-140094,145144,83495,-120114,66138,142857,10415,23910,-49038,186276,-169812,-290087,10882,157177,-37635,-12728,-15807,-170769,79768,29752,-129852,-27553,-87378,44053,124832,-10221,10118,110049,-138253,3544,82769,121363,62724,182085,-96578,25589,88649,49963,91158,-99126,-106522,112295,-81548,35587,-18646,-148802,29937,96204,159685,141076,163234,145154,-19817,-198787,-107574,90690,-84398,152450,-91985,-343675,-220092,-95803,-19728,-20472,58836,-140889,93293,-91831,163772,91505,27670,52929,-158856,-36989,-57306,32218,-192203,-110948,-61941,-211919,27813,-75613,59572,181977,-98881,36748,68735,-140352,175418,-129635,144400,203119,-5557,37279,229483,59124,-145036,-61371,108637,-137361,115689,-21504,-108206,-10992,-41315,-43853,222610,155678,4798,-71169,-59653,176595,65961,-84493,64097,80929,153838,125890,-142457,127250,208448,-24477,21575,-15720,12947,-111641,-125027,-160542,-263291,32742,29489,18020,-48512,102795,-12892,-156471,-946,149104,112270,199909,-79982,-250697,55992,-146554,75790,113197,10707,257026,-35408,81037,100053,22441,-24613,167871,58647,-143251,127940,264896,188158,149215,50764,67333,-140118,-102476,145494,53338,-86436,-47304,116316,220718,182221,65846,-105375,102942,-43723,-107440,74161,-141070,-159230,-97870,-60662,-47319,-72725,58040,-88332,-95879,9080,-30315,-26545,148832,154799,160783,135747,55919,65791,-68363,-50627,-134090,-2744,-24890,-72605,-139341,142556,-4323,-199213,106691,71395,43742,-168741
-21115,-110568,-31914,156645,-51760,102217,61852,-136944,145007,78672,-77155,-229224,140267,75778,51155,29135,-101233,-49378,134923,-162056,-78835,-60749,-41884,-151871,8235,-19120,35991,-115505,-19596,-141861,1605,-12568,-106989,97020,94462,-94329,-37560,-9855,-100941,178839,-160116,14361,-103474,-62805,-73247,148731,169897,-93566,40813,-41488,-122916,-25346,-119363,-116549,-237730,-173620,155956,42685,65894,48186,134806,79976,-60023,-41699,-32989,-4128,-93357,52777,-64766,-58656,-37530,124671,-41304,68133,-110739,-120480,-9840,155719,-27455,-44656,21499,-108042,-142037,64353,-8428,-95856,-75220,-136200,-117962,138588,-59269,153908,35129,-41685,-29573,-199744,96902,-113053,52557,-112176,174969,-131133,-153286,84779,155053,179673,55264,101022,265623,114263,90675,-63679,131231,18606,-112146,-146284,-210139,-160843,-125561,-162625,83124,-79803,84802,123288,-39039,99110,-62769,55508,147323,-55927,40326,73212,-108112,-194655,40262,57453,141686,-209300,-21256,125479,-132259,16108,18168,196983,-73200,-178127,-30440,37608,137478,-43712,-100499,-128466,6339,148077,-213281,-114669,15663,61762,-32384,117457,214332,-99177,122130,-133301,-131490,-13597,-74082,-163464,89351,-169899,-157158,-113459,83183,115773,151506,-225576,-25228,175514,-95954,-17837,179673,-21365,-102905,-53501,63924,-77312,30948,-194405,-50432,127568,-105373,-52656,154403,80435,-7155,-56135,172018,6235,-94984,143789,-11146,6952,123716,65489,-4529,77537,-112550,53038,45603,80557,151708,-176428,-166997,67351,-74617,-44413,-36608,-102974,4627,330449,79038,82969,143901,105725,82124,-33284,-143289,84524,77233,-78908,40552,-9114,-107926,104882,-14924,42905,-50150,117749,-127811,-70047,201553,72784,137727,138389,198520,-95890,95804,143581,-7388,84305,-18938,22491,71907,-41691,17692,34018,100187,-175974,16993,40439,-9272,-25738,37801,-9794,-7416,17512,-38908,141515,170772,176558,-62005,64160,149680,-57197,98997,-95290,66515,122723,-74012,-10341,124449,-189398,-87537,-47562,4616,114585,-80304,110662,36573,11153,-83313,168472,22512,18612,152789,-6947,188791,13246,169652,-122503,219340,165497,36042,-60328,175861,-7537,131244,98176,42775,137839,166595,-138499,162412,-5013,-93978,-230118,-143008,117912,194264,327059,507357,253269,-46633,-24032,-31989,-24586,-112335,194929,80568,234545,234625,-175019,-11415,303668,171928,-151618,70418,97397,-87837,-117404,194631,280660,-128369,-105395,19748,41469,15665,132536,145270,-141542,-122729,-69742,81559,-120734,-51759,182492,216358,33956,185256,147403,-176011,-117829,-21430,-180946,176388,-50845,170066,-71879,136117,-28483,-111678,53788,-179683,-39110,-112304,-37660,-7109,62766,-116843,76660,136891,136288,59959,93135,194720,143793,33731,-75064,89663,-31123,53548,-98482,79499,-187077,-105366,37204,59043,113934,58265,23860,-209578,-57816,-13669,-52624,61715,38016,63332,39811,197097,64442,72513,107863,-99298,-81781,182503,151940,-78176,-101272,13917,-16168,-183003,154161,197120,-337207,-117281,-206927,-691268,-443629,69843,-432986,-138515,61443,-127482,50278,-139114,86387,3748,-75070,-85310,-79037,-35551,78550,-97689,44972,-288821,-80273,162603,-21970,-111802,189545,-11470,-126128,3143,-132628,15764,71006,-120192,-85971,-4945,227445,249847,86463,51550,173431,178983,105918,138144,37025,-70039,89457,-31862,-93366,96322,-83237,-135970,-120145,-95286,75907,-7219,65484,186952,-171266,-187791,81931,-88425,-28438,-191772,-156214,-48643,244648,3902,-41626,-122992,93858,-54091,-694402,-504778,236007,-410364,-63131,207277,189385,88511,101338,291072,196636,401358,22120,34550,187404,-92716,-19270,-4232,-9174,-15430,-103256,128374,-78326,110392,250920,168110,41977,-158836,134409,-90355,-21518,-5219,-12307,-21486,10335,196321,-69808,218486,97952,31874,-27611,-73707,-91818,-15835,92048,-72260,-39716,18747,36688,20054,-108916,3264,78566,-132896,127144,-130851,-72104,184212,-2904,70022,-124721,104561,-99442,-30443,148989,-64037,-107712,-89477,-191742,-10266,8327,160371,148988,-189071,-20185,-8503,-116106,-137296,-160116,-198034,89168,130741
83252,-88570,-24160,-107485,-79968,-33349,-212664,77801,120759,-47251,9975,-28593,-201793,-80590,135253,-95155,85680,203557,10170,63272,-75735,1845,-155583,196314,-45266,112303,6164,94064,108817,66592,-17683,-84468,-81065,-187944,80656,220909,-139328,28404,10637,-121236,-155672,102269,-209050,-151027,-57421,-25893,82438,-38586,-160602,-173097,187211,-217782,-14269,211330,365385,28756,155301,165499,245795,30908,-187861,-36665,113754,-138560,-130048,30419,103711,226008,380559,88359,130295,33206,71896,20494,-57532,-20939,-57478,25278,-137922,171714,-18267,93388,196481,-80574,130309,61813,20979,-85243,-69978,127144,-149134,21758,-21775,-22222,-114976,41157,-183754,-188995,51242,42066,-33953,-22765,5432,-176393,175607,-12853,-43924,-3342,175622,-54040,-142377,-82176,42782,163433,-46469,255809,316684,-179212,25485,50290,36674,-75664,59138,-176586,-73044,100960,-170811,127930,-18353,6088,134013,228860,-200158,196123,26335,15385,33549,-31808,-129869,131355,115685,-133935,107033,-133724,88038,140946,6966,99441,-131408,-62451,-145250,17400,111404,-108917,27681,91149,13628,-4062,-192292,17520,-924,-33384,33490,-48221,186336,60010,-246831,30166,150575,-13980,42317,154618,-77245,55797,138357,-208212,63901,-214476,81685,31757,141440,-59268,105637,-282711,-46074,-36826,-56982,23606,-143988,-177583,189964,-90366,-238465,76484,24510,53754,112854,-15342,31887,-107728,140664,-26706,84611,184139,-229910,-24800,-82064,-115748,191854,9683,-147597,-16006,125414,-118197,-19802,16026,269090,104133,-73832,-60105,119345,129436,-300795,99028,35873,39912,106845,109146,46285,125718,-176852,-110745,-184384,45843,-809,111336,17921,-79819,108955,-196195,-228581,65329,155475,51860,168040,-11010,4065,25111,152818,-7580,-226044,-84009,-79862,-183816,-19854,-190650,-88798,272927,71237,94024,213105,45313,181392,105924,23667,-247122,-97512,-17265,109647,115355,-120994,12268,86580,149413,66321,-7992,-29799,-63608,-19551,-106161,138257,-171874,-47673,140264,-27094,-165876,-46597,-45389,15990,-30267,-129413,-226893,110746,83858,-287338,78234,230306,31585,-3254,101256,105706,-68105,231190,226060,97393,264145,-48719,-64985,-59431,-156829,-148487,-28774,80125,-47932,22057,261993,57784,120833,88206,193318,4403,-164886,138191,84885,-72389,82987,-46326,-183034,61408,154385,-231709,-113236,-20623,-182947,144828,-9382,-61446,-22291,-6980,88918,58972,209110,118898,77033,-86171,22615,-73039,-76649,-101970,-79567,60967,-9032,116418,67622,-134815,-206511,159523,-102823,-18826,132267,-179751,199669,-201535,-45386,-8017,-30786,-19828,-12453,201731,-146595,-138057,-184793,-90907,66007,-27659,-198059,-82300,200148,-166983,248398,334222,134434,-112405,196819,91431,-158293,-179206,34057,-11298,-34849,-116325,-12035,99856,-138111,-80873,218548,54268,-53954,60030,7528,-36093,202897,-56670,-40541,-83777,-201673,-19640,127459,-210852,122224,107850,-2646,-108909,89179,31573,-3435,32490,-138840,157798,-114641,-180572,-168990,-114200,-142681,-101916,-24270,17797,236921,229108,-52034,40471,-87113,179758,61567,-73887,-175724,32901,102950,-66927,-100014,270399,191513,162175,82607,280610,99964,-55412,184558,-51666,-29514,113373,120210,-15576,81154,52266,-147926,71687,-120587,-43916,71973,102885,294559,47853,62776,86327,-10186,-166581,18560,-131475,287141,204916,-4917,163340,168166,274873,93626,94867,-94679,-112481,-99725,-118088,-79720,-90353,-67024,51774,121403,74751,-8484,-130655,-116001,11956,-131466,-372355,-138507,3577,44375,207816,127379,72597,154106,179214,-243083,-177717,93746,-95368,-277366,119500,-183129,-71233,-212522,37919,82300,152756,41446,187769,-120458,-51043,157078,130237,15256,-64461,190476,-81856,-48490,-200740,-139375,-1701,144614,-225225,1299,181466,-55621,67774,186029,-79679,-71250,85346,234093,13511,201859,85933,43776,137036,-201653,-103162,40965,-10049,-165941,-148784,-87994,-51554,-26615,99868,162932,-56046,-256030,6508,102176,-49359,59955,147143,-144613,33281,-15731,68482,-88771,11381,-1286,-8170,145809,-84671,-89863,148908,54015,117804,-33785,696655
-12714,108803,108691,28992,-42127,-101564,56671,171257,1736,212197,100362,141379,48896,138714,-58655,39951,-33853,-117972,134756,112034,69853,11328,-92139,140623,384,95953,197504,35247,-106956,-81377,-89526,-26312,19342,-65867,-2127,166457,16990,-118006,-142038,39052,166368,72155,-70791,33799,167486,186841,76464,-12197,-71179,-189396,-34688,68673,139465,-57964,-73621,-208491,-4223,94888,37743,5521,-149743,-98583,-58578,-2678,112938,-164188,-104741,-218772,-43034,-97434,11529,55387,-155247,139645,23516,49160,88063,-147567,-102921,64783,13,74698,-50848,62972,184711,106114,-72542,183159,19131,40035,-17284,138859,-132287,36146,183342,700,118914,168933,102270,-175278,-62955,-105054,118893,-9263,-172901,-44640,33241,-35253,-8292,107471,55344,65188,105876,62158,-152696,-120140,-70822,145826,144461,105171,81400,95297,-6240,-28247,-9641,-98889,-124735,-140915,161274,-188561,109317,-71284,-219166,-69331,-147810,224364,192698,-44850,134485,103030,44537,68480,150493,167305,-91286,3574,-145077,-18646,27535,-42326,173266,102946,-159875,11823,126813,74455,33737,-80776,77506,127521,31448,91728,-38776,-94639,65410,-157366,-87469,-95039,21369,-20130,7495,42141,85953,-101839,-36932,-113017,24417,-143252,69902,-88272,77178,20173,-188328,29625,-25538,-71581,-4039,65588,134271,179224,-75613,-98406,70472,-86258,-123025,54754,-33224,-3847,43344,80360,-148465,97971,149971,2388,-30507,74710,-36308,160091,-29885,-36716,-118619,8372,16554,170534,155859,169734,-9557,63218,14582,76768,-112183,-213641,35344,11472,-106151,122565,90230,122034,20991,141392,-96389,10791,-70888,95016,19586,91522,-93490,38833,63448,10566,187339,-49984,-115974,178044,1381,173857,110679,-107387,121407,20680,-118247,-131517,60242,25912,134454,55557,148729,117275,66978,27055,6628,-71376,-27653,-53128,-92494,-40278,-67235,32311,180115,142556,196050,109558,63456,6292,100624,-32509,-54807,182681,16018,226498,153576,155517,119365,558,151295,-105432,99840,-200562,99171,84330,-16276,30403,-98377,-68231,-16172,-71368,-27094,-57324,-17218,114078,-46234,17714,74495,-88789,58967,-114301,-776,-82277,-26503,137388,-68661,-89049,-6766,83599,134184,-65851,-177940,152087,-60271,-133466,-114022,73426,117954,-206467,232544,184197,-50571,144100,122153,-200309,145084,21682,-142252,121395,84270,-153568,101285,-44195,35308,-70180,68331,113141,-127975,-78676,86342,-155090,39688,-221746,-33391,31194,-185502,-65440,-10832,-44383,-128931,113174,193192,158901,72857,-156935,128409,145655,183583,-61407,40421,17953,32214,111429,19529,26817,73597,91612,89011,-11307,-127545,-135134,-125557,179056,-40156,141110,-78944,80306,-42902,83200,19145,-22854,-106400,57507,165453,-110233,147218,105170,156303,-87632,133190,107095,-115470,-84438,55878,-149396,-40357,-129463,-101085,33610,9940,244988,139656,92108,-3411,-13575,-40399,-27576,15352,-111920,233594,153381,12772,71931,-198866,-209779,-56781,37147,-176740,-35641,-267294,23917,-102477,-409077,-236126,9288,-158448,-94247,173788,120143,60557,124636,-109569,51277,150344,127567,-22504,64123,-108254,-146756,-64732,-269407,-209925,-79873,118065,-136230,93513,49743,65475,44064,112852,85352,43185,127114,86499,-51478,46361,116493,-194774,-82160,155743,102546,-232739,4645,238446,-134107,-2604,-98561,-162523,112184,-96162,44986,125795,61598,-28777,34923,-42300,-80950,123005,102759,-3403,-70151,-89862,76316,118469,-103190,-38951,-183962,72514,48362,-199952,-56022,84566,76031,188415,207388,128979,-135894,165583,-35150,207195,-5374,-39874,58480,-30462,-84893,-250105,24522,-113913,223916,107345,-80113,133856,16351,140894,117861,-81430,158603,147518,54904,-47956,-100136,50654,199307,-87826,45287,-55135,92809,-130385,-104006,-32601,27738,-159175,76591,-56765,73215,96621,-2972,25997,10057,67974,22061,-161607,81544,129530,160383,-112515,-67695,196103,176378,129680,170292,-91243,82647,31067,100156,-139238,15860,112592,210442,-31561,-108475,49255,-42954,70288,-82541,-181967,-35306,34282,7192,-204908,-131395,-195740
28192,-39850,43415,136779,-34307,-83215,112576,-16281,17234,36259,77086,-61083,-32475,69268,-126386,38578,226629,149458,68502,162836,60589,242931,-118551,-19538,146272,42066,3789,7497,2925,140324,-35170,-49177,42454,72374,-37520,67902,-51114,-33743,-50477,62683,38003,24384,142297,137348,-126371,212242,1405,22834,109761,204631,109687,-65023,168552,31162,-135105,-408200,-166172,-395283,-352163,33927,-138310,-83176,-172185,100512,-96761,-66106,18234,-89570,87532,-68201,-129854,34811,-71977,111043,-6445,-189749,5931,-78177,-265812,40687,-124738,90992,-66489,-49290,-84223,133447,120075,129145,-1809,-28239,-142430,185,-75545,-54137,89366,-48553,-101774,99826,-143416,85376,49380,156036,115195,148644,180675,-18437,92527,120442,12467,169787,-78408,52202,238829,-109708,144209,-147964,137021,-176849,-99773,-127896,-188245,128734,-23402,-199907,-179351,-106302,-36404,-42251,-75251,20845,-254965,-146861,-95980,-18123,127148,8087,-126272,-8325,54755,94518,-63050,-47894,-6413,13974,-160275,-123619,62434,-87323,81125,50286,178347,-80015,-157311,-21577,-122436,-156602,212762,183287,201613,20197,-68899,-77795,91271,-93470,152625,-98913,124705,84320,124134,85113,-131085,74169,-67214,45480,-28813,-91150,128834,85813,-95280,-116048,-123357,-171497,-194788,75713,-16151,-98535,52464,148974,-124301,-21477,27172,40941,73563,301022,78654,95082,203330,-116929,85255,182745,67740,89051,153251,172428,82320,-87928,48868,-104543,79410,-92077,169235,216906,40608,-141007,297035,-16585,-135465,-161305,-111400,-116012,-64333,-62367,85471,-78849,-147768,-43162,2758,120929,-9061,-157365,-136316,12034,-66420,-90959,41353,-8779,25245,11967,112881,-49250,34908,22572,-13515,-217608,-3220,-265492,220020,-25152,25905,84323,202007,-3253,78810,92803,-27567,-71764,-95523,-155714,52106,55101,15390,-129478,-150745,-9946,138075,-121220,43215,47783,-66708,97520,29597,-89249,126896,-121871,-52377,-15074,34797,-33005,-7283,159142,140805,-181152,71288,38815,96814,120219,73426,113847,-103310,83484,64585,189374,137623,9975,58343,56343,39334,-108034,12674,20550,-51748,11959,-83810,-21713,-62806,9405,31409,104604,60811,111587,-72077,-156962,-25552,-24765,-53262,-143546,-188981,82146,-28213,29334,-74520,154734,-23046,-225367,-201642,145250,36002,-107074,-136609,176955,107963,238647,-27359,181175,-15500,-20326,44065,249408,140149,-286683,88758,-283510,126777,81199,-8018,-133614,-11899,-49019,-49955,-103737,181963,-109156,172812,64800,88068,-63562,24514,150622,-33651,57707,-179854,29608,9909,-121332,-80378,-120700,7586,85573,-74764,-158046,-125160,-91683,6356,30778,91631,-136946,-98120,-16855,146078,115472,154753,29523,168460,133627,6201,177046,212963,110995,5073,-56565,18026,-106784,80314,-83749,-90273,40609,52301,125400,-110790,-184357,85262,70638,32335,-94860,151302,-53289,-26150,-120715,218214,-67311,-126415,171779,119027,-4699,-195329,-137707,144487,-61670,131640,67420,75560,-74268,-20646,-267089,-485298,-331978,-305125,-443142,-359943,-455894,-299016,-506378,-30283,-137250,26089,-88424,55393,184918,-58713,-120610,112037,-168475,-128735,-20301,-243379,-201036,21383,-436495,-562593,-245768,-86839,-45155,100588,-30562,39717,-39570,91154,-135849,91776,-77917,94488,73040,227820,180114,-21106,17892,-82017,2847,-84003,-145214,-36586,128956,-86964,-14115,-25977,13897,105217,102681,98885,-21159,98528,117077,37124,-145362,-59777,-11951,-2985,-42025,41585,148034,-177638,-123814,166749,117191,-173035,-497072,-732299,-139551,-581729,-455254,-229834,80750,126414,-131821,-9086,104522,96084,330978,51823,-3135,123202,-66381,115158,-205315,-113387,89566,171693,231386,58694,-38502,134718,-60245,-57282,-2652,136185,91028,61918,73532,14657,89236,3214,174543,142794,17201,6533,-129075,-72078,-74063,113117,-80313,65985,134212,-33978,323387,231339,-182243,-27284,98164,83119,-94300,-91978,128932,109358,2487,-40299,39401,66713,185636,-106430,102389,-38604,117423,-111990,110297,-152178,147149,146840,-57609,181349,144081,130991,89661,34180,102561,181271,-75656,-12650
91971,-183696,63569,-72686,83751,17924,166873,45720,-37784,5031,-223832,90445,-120567,-30645,99556,171116,-9533,-53326,136200,96689,-162368,18018,114868,-42776,-6071,73878,71057,-131000,110203,-167506,-170500,178639,106838,171398,-124060,-139836,164532,-248838,-174172,138121,-77622,-15601,-55323,163691,124357,-105508,271915,-13958,-139012,-167456,123191,-39908,105671,-122633,-230979,-297843,-101276,-73995,127526,225028,5485,84571,116124,-108027,166390,4301,-130638,-190670,14576,-4368,-42112,10533,17008,39043,-127579,155478,-26126,-112804,105236,-70835,104879,-3091,-159053,28023,-111653,-33317,163466,-136037,-30552,9089,63728,-207662,-151603,120951,61320,-4408,-9224,78567,-62235,132699,-28659,201175,-26228,218712,-118238,20908,75345,-139777,104490,-18607,130147,85548,-122688,-258077,-25144,-124565,-169944,-140483,-159666,-33049,-80619,-102125,32038,-89662,-108337,36258,84238,81652,-4519,221427,-41809,-114100,13945,107283,181675,-51583,-20128,-187404,28636,-154393,-148389,-40042,-11342,102423,37650,-215041,-119616,36654,-106468,185365,-110022,-33826,67066,173922,-188171,98202,-30722,55857,138733,172370,38650,-176986,163840,23495,-98391,83017,-167570,80948,40219,187832,-148435,141422,33168,-133578,141982,174722,-92247,-129432,-178710,-67563,5659,124940,-75061,-28848,89615,-27978,-27382,19661,-122757,-62647,-179899,142349,65664,-124184,31200,-64295,-33462,-105125,-92428,-206280,-107717,-118520,-60036,181922,152908,71238,-157185,82392,128675,-67339,-131309,-106736,147365,26042,117032,-154856,94506,-236960,-113275,-36364,247894,98901,38737,-80844,-95432,-50644,-9731,70362,-128936,160691,-38879,96110,51310,-95542,85412,-3344,-89286,19616,-13328,-33572,-118980,9055,-113584,181463,-379639,-229249,-1859,-93299,69052,-147068,127786,-144356,64619,-4369,21358,7955,12020,-91438,119475,-143556,-87432,10620,-167314,169744,-141049,168857,-22570,-62671,-3462,50272,-71984,-113026,-42012,-109501,106384,-150332,34860,34923,-158787,61274,-14441,-103687,-101929,-52593,-27806,62557,15317,-118388,-13,29031,173216,84622,-115182,61503,54123,-121571,54585,110329,-98259,135350,114422,174455,5372,35504,2860,974,-80777,57956,37443,52479,-98381,48275,177990,119001,95534,7074,47706,-57141,25587,196402,73679,165844,-147375,10979,-102267,-274580,54035,203976,160584,38965,-32734,-165299,-178810,242469,-65269,185467,-51255,-251507,-159874,166968,152539,156776,36570,-181305,-58075,173790,241965,137267,-80733,-29165,155147,-55043,-151653,18036,203040,-67222,109212,-14950,-24952,33801,103790,-182142,-195431,90509,-24008,-45553,10506,171102,71475,-40066,86866,-57502,156816,-71775,142794,153969,65673,-29774,-18788,-220600,-81220,298393,57560,-37656,52583,43021,134047,-47508,-62105,40908,-15565,170325,182055,-101344,-154327,89147,-61412,77457,43719,99580,158185,-125861,-38278,76652,60625,66054,-35983,-17862,-158139,-109975,-56991,73784,-15397,40721,114510,-342244,-161207,-166367,-30962,-114119,120463,-55414,163338,-250349,-44895,-168538,43907,-151224,-116370,280213,295961,82937,85196,21053,160695,-214236,-23602,172549,145245,-24106,-144642,-56833,-120182,-94782,-156297,-26522,-54527,371575,151331,276718,-77398,-134591,-124498,-131839,-85961,-58744,-133637,146471,-36194,265911,73794,109520,-33052,-22652,-73269,54565,-46136,-107202,-216030,-1162,3318,-159695,-181385,-152219,31954,145415,77792,147939,-131865,-58614,-12774,-53309,82806,98980,97483,-15610,-174274,101640,62478,-9935,204935,187509,-113744,-169898,-136192,-223228,-513042,-550538,172069,439312,484423,20419,213964,238356,130677,15798,115025,-957,-231812,-2800,117186,-19794,61382,118518,-146947,187085,191511,187562,-18127,70676,44504,-73744,-46612,-165514,84462,177782,16629,-40257,165462,-122508,85302,92643,158627,197071,138409,27048,-144765,-135168,70353,-97626,160415,109815,-84937,126816,-126550,73645,-62880,62515,-129076,185181,-30403,176190,112148,-58085,36286,-119496,-144611,123491,191273,-203738,110976,126233,-84921,114686,-82062,-164294,-55745,3084,32728,-167917,-78835,88192,-75140,1618,-88324,-101328,500215
137005,114379,-186179,69472,-132471,-135501,-18718,187408,-10718,-81502,-66432,142690,-180725,-99687,-35567,120673,-17308,142447,-31263,105108,-8603,-91843,-2226,24416,24172,145788,-41604,-165004,-110448,-149976,61697,-17059,-14663,-13760,140008,159508,35513,-38421,47486,26486,47179,103733,-52499,84697,-64804,272894,166210,-61902,-24449,-4079,-215377,-59828,186165,115129,58314,-94434,237216,-406950,-315763,150704,-18454,-27071,39783,5904,-87256,-64478,-47988,-52187,149815,-15977,101283,40948,-70399,80205,-43901,-76780,-103296,140550,-165659,-1876,-693,-2835,171801,34741,-30490,-41138,-48549,-101834,28190,-40620,-121693,-48050,-20490,114353,93649,-40547,130957,-115322,96694,109684,-79689,89635,-30070,18139,-74953,123792,155364,-85274,149977,-115670,-202920,127585,-62266,-27770,-36071,-37307,165823,72870,-73781,72401,-234806,32455,38339,-54392,25132,100948,-25885,230675,-27969,-222636,58430,-131848,-134324,-98499,19079,-88761,19039,-85252,-123691,198125,-39661,4941,-59805,85397,9555,54207,69047,-206157,-135858,-206450,-81332,3561,92046,15202,-135951,-177030,224432,116564,-92589,209141,-98171,-140734,112114,-167205,-13427,56626,-22196,-97307,13827,127476,204063,-150633,3501,-93450,-75678,158727,-177256,121087,-153897,94029,-78595,-104071,-125638,-68407,17837,-9038,188776,91328,-111984,-66526,-54555,-140253,249441,150749,-124981,-38921,21493,-99490,-142906,-69270,55688,71086,28544,-88951,-1216,31363,77615,9529,-235896,-44592,-51688,198388,100222,7320,187438,71377,-129110,26577,24881,4762,-27672,-307887,202898,-93181,48737,-96824,165934,160359,81821,-54916,54122,-143152,104749,-2720,44276,-173054,-81865,-85262,-59419,-13628,75304,4484,175690,-145735,-80360,-138328,-16043,90122,-237987,105303,147410,99638,74866,-108571,-188736,-52507,20211,-214745,109603,26305,-85639,77015,137960,-144057,-21510,-128442,-61779,-145274,-6933,67616,11888,105190,22323,74786,178191,-9972,170743,28691,56055,131020,150226,153690,-23925,-216692,54733,-104008,56055,-2643,-59974,-208455,-20685,-60949,59428,-26690,37748,-76701,1350,45314,21110,-114968,99375,124277,99601,127014,-78708,10793,203388,172542,35238,-57314,44521,-11129,51628,95117,-87472,-179468,-249872,113681,-275419,19718,-62482,299825,235508,69158,196745,-32769,41697,-136901,-158910,124367,-70171,68587,113009,-132711,-80,62309,167512,232239,-6149,-170989,-192556,-209941,-60515,75431,-47410,-111756,-25909,17800,62256,101020,12144,226411,20063,64908,-35339,-119884,-184023,81735,9677,49282,-140651,182902,151258,-62336,-152786,-16189,-80407,-17896,12074,12817,35530,-5586,51753,-125462,-76205,62154,-22511,130309,84826,-92516,9078,-179779,117024,-171609,229663,200092,152762,-81276,-144222,-30351,65894,-11159,-144659,8938,-72700,72088,-55930,-101836,-12275,-135086,-132851,36684,-88157,-73210,-86846,7880,90988,70856,181866,10298,13114,71291,103118,29323,137800,112149,163211,-37217,75099,-159692,-27277,140576,100631,48408,-100973,150001,-617008,-268109,18739,-563049,-358416,-95166,63449,71673,-168214,182381,-40673,164733,126755,2785,-94547,1271,187939,150165,-143056,-62231,41851,-431567,-130192,147058,-14326,128941,83068,49559,60675,46910,63583,-106509,-152531,81338,115943,-20088,-68931,-17744,160709,-99495,143972,56054,133677,225974,148041,-141156,134337,133829,119873,157080,-40124,-50332,63681,-179273,-39345,44347,-57941,-91168,-4000,-130568,62878,-205795,-210293,-104186,-273809,-249951,73015,-141247,-117113,-172348,172566,685161,-860010,-360426,-9723,118261,90981,-138401,97806,-171145,-16367,10111,101132,-18937,39137,-180192,166029,-95040,-69242,-140464,-12349,102824,42888,124976,8276,-36892,39050,47325,89314,206237,84592,-128215,-31294,112580,34020,-34749,195067,-41645,-83628,213315,131233,89675,146968,46412,184641,-120280,-142738,54322,-25631,-182248,255898,13530,123325,-840,30847,-162328,-70138,75361,65260,37490,98217,40195,76005,82715,-129119,41783,108774,-155338,4095,101891,92704,238888,-29904,-101746,-85712,-76531,-63447,29349,57508,32057,-970
85783,-126880,-165627,-114261,-20768,-125468,-18558,-169315,87943,240120,-94238,-129606,17180,46010,-37831,-136056,24786,-106621,-76069,77643,-21436,-145571,32619,-70135,127401,164049,-7326,126622,58617,150616,145538,-32663,106731,-135035,-83065,176405,-100627,36626,-57896,160868,-161994,-54904,-55227,10202,22818,190582,153033,64248,69963,121102,99127,155012,-73153,86375,222212,10718,257760,77790,-25120,20567,-139245,85415,-66955,24262,-163818,33283,56933,179763,-61532,-43218,-72670,47983,104455,40628,104773,105667,-185677,22853,-70089,22470,95018,228421,-131198,-19655,92886,-69501,87801,-165074,28425,137467,80517,161758,-89931,39362,7708,85130,131379,-72172,-124195,125608,-11133,-81142,-15406,22260,71373,16507,129196,100425,176978,-225897,34491,-47223,-133526,1771,16905,-31398,116745,100166,244702,164302,-84059,-104223,-181388,99271,137771,-128971,62122,220866,-35519,-16406,-49789,55361,200366,183509,-82127,102640,84239,13952,-79385,82844,19329,83683,-150475,-135571,164887,90701,-63144,125469,67863,89670,170038,126963,-71646,-189166,-29829,73248,130170,36505,113786,-45777,65137,114407,46336,44505,-128967,161587,-129415,56347,-47468,9971,-164812,-18640,-48135,81364,-60377,35228,60793,14301,51780,36103,-115219,9070,-2530,-166088,19419,-143313,90727,-78674,170863,-79627,38392,-40273,-124659,-89312,-148077,20589,-88959,121993,38381,-52831,19834,185245,-11260,15758,129174,-182215,5865,26921,-85082,69019,51663,85118,117855,-137254,182002,-126453,-33110,91424,54998,19421,-112000,135742,-26059,224014,-132213,-86450,215413,161749,-64310,-36595,-114645,-45043,6629,-69186,-166553,54280,63533,-47330,-83056,-6643,-44771,-10383,66362,17360,183598,103645,-141968,34493,-47345,192787,183692,138840,-29198,-93167,-91843,49270,110841,91708,88401,-37157,34580,90407,91396,-162661,178263,61651,25937,-53556,-137319,-79410,-51223,199301,84842,-22615,60810,-116918,32842,-131371,-54195,146868,121165,12534,163082,-186231,-22654,-37032,34756,19301,85201,-89659,-13389,127303,123657,-80173,123151,-105669,549,217899,-145904,-181943,-117472,38752,-175932,113342,145889,-43650,113708,-72888,-158199,58935,100051,-81455,-70141,150404,104709,183636,162700,-95177,103133,-190472,24539,66162,103552,-99995,277391,53137,155630,-63732,42105,-269444,184601,-99874,35086,180893,56739,184507,125091,27386,17618,-58465,70679,97849,-65412,-82567,32508,-88397,-163067,8098,-94827,86101,159724,164977,-32835,117760,9483,-134319,23922,29532,-119403,-97047,-21168,-24864,162852,-85432,-206478,-190490,128200,17802,-51041,22939,115260,3248,46,-12020,-116932,-94550,-66942,-139579,-168450,80122,142238,107429,79027,-51348,-81247,108411,-94018,202074,-95027,-172865,-139398,-175260,98831,117433,-122415,-102929,40425,178751,-21363,120947,-163465,-51944,-14819,-57179,-93881,-51505,-89065,-69813,217769,74554,-27677,77843,-69875,-27131,78913,-28233,-82426,21643,81905,75019,143667,205010,3508,178199,141178,239673,-123213,-207491,-288796,128757,-116540,-146732,-53763,117714,157286,138716,-66185,-36714,53127,89699,163071,194054,266254,176416,-64058,-108277,-68391,3808,38116,12653,18716,151220,-1925,-64313,-112814,-11230,113912,-150911,-61168,-13302,-133409,91935,-14032,167760,99865,149887,-45478,258624,24161,-65310,-27914,-122567,45942,31224,-62308,117301,-40418,84900,65834,82350,-105099,-3955,140442,-162729,-40054,344,153627,-31819,51402,186243,-63545,69726,160987,164967,-65619,158143,269309,47518,110138,-144981,-195230,243658,-67905,25077,-14828,-161167,105976,194399,105335,257512,9112,74023,59862,-79126,-93126,151970,165009,56728,-58187,74653,-11484,-86535,-96212,-49048,-77418,-34303,22102,-48534,64233,94185,-157872,247854,-205153,-1730,-112732,-182754,-13379,-54160,9929,200087,-42987,-163724,-186870,-107533,-153365,44421,177252,-3681,-1141,172913,158432,-31851,9999,-112036,5566,-165626,58872,8297,69062,40157,-149996,-66734,31772,-27541,43790,125788,-14157,19808,-142170,-179901,161222,32799,-112297,33959,-162693,4950,236724
-126209,-237752,-165248,-91502,-205818,-179617,80117,164910,-34331,-79688,-168079,-3114,-97534,37833,-126994,-89993,7116,7528,111757,38280,-43880,171140,87052,-223723,95503,26863,104199,161842,23490,136759,119700,-84167,-41916,204086,-60925,-125697,110011,-148852,-216777,-13005,-169847,-112896,93289,-92505,-156936,166400,174515,-101678,199538,-146791,141579,151624,9828,41733,62445,-302635,-26188,-89922,-34701,99494,-105502,67846,74003,-21712,104355,207805,-129124,-164686,-1235,-22512,-129785,-122736,52754,-96155,109393,-86017,-85655,-30041,-29316,69423,199846,78195,-184909,133032,-22584,-12344,-43627,180303,12259,161749,179822,28951,-124354,99540,91585,75971,-32866,-108062,49234,18942,-187346,109396,-39070,4880,-52205,233722,44025,98393,-38312,126015,14981,-130038,34642,84437,-35368,40386,16629,178102,-61493,-5757,-141361,-3325,48859,-22093,-39368,-73334,67778,113201,93614,-13521,82639,-64855,-131347,19382,-108217,80503,3742,-77396,-2754,-72254,101344,-2413,158381,13598,107533,29854,43754,-27518,17088,110500,114685,8073,44827,217715,59082,-117396,-76633,120826,115833,-67129,-86912,-33827,222286,-114978,-18333,-23884,-4097,82581,32507,101005,-44165,108559,-149034,-71319,132293,-132277,106023,97751,73717,-138550,19998,-183442,16610,-99349,36496,-47137,104577,-4633,-92623,246586,94874,-39583,179312,5769,18092,78085,-67508,-21022,65428,-203812,103182,76684,152981,-90137,45174,-52057,66426,-63395,35350,34581,138965,-39655,102363,82392,265079,63977,-180070,-64760,57811,-48839,260566,42407,-111560,172218,-154997,54298,-103130,-157017,-162662,3789,-94119,56345,-63025,114489,44690,41227,-74074,-126432,-38519,-121509,163660,135664,11333,91430,-55606,-43708,69926,135432,134843,-38583,46167,95725,-34169,193320,174798,95458,-34864,-34491,21137,19906,31881,96360,-159745,65178,110843,-151065,-124016,-15766,105503,-10704,219263,-58622,-204120,50628,-146403,100973,-51330,-115137,-58834,165677,-100852,-143913,58660,25609,67735,-54420,-115110,5221,-78647,-182878,43438,-114988,-70952,-46333,145282,-34732,73100,19636,31295,81046,-170884,-30215,170849,-59558,119527,211623,-33817,-94751,8265,85145,-10927,88562,83736,31820,60836,-18913,-103161,20877,102768,208794,163741,62762,178550,-7452,98158,7181,-40932,49141,34360,90144,125104,88807,80914,166802,69219,156991,194716,183978,182386,60911,-81571,64986,-163559,-38591,112932,-89030,-114975,-23913,201915,-112257,137608,114787,-193059,22578,-73273,-32462,137651,2935,40149,89400,103955,-178803,-110199,77773,-12659,-125651,105767,149732,138136,126050,33774,68559,-13717,-71723,160561,40848,61685,32256,99132,35859,-31123,56747,-161157,166515,109566,-157332,144957,-18821,73611,27029,-132163,42473,102916,165033,-99934,77712,101714,-81667,43327,4775,-189014,-97599,-21529,91864,-46707,328261,183963,-155862,-62706,176261,77550,128378,170578,145540,261408,38926,85523,45210,10478,149829,-101876,-80054,10190,-47669,-85575,12466,-373132,-307570,-354284,-133764,-119065,44276,95192,-129732,-53605,-74830,130017,-46716,29202,72970,56429,-90193,57939,3980,-123803,-70898,87758,-61752,-10345,-128646,33822,-18827,-166221,-128602,-130676,111658,-46533,-86703,80948,143158,79877,-133404,266669,-4458,160406,-147819,-64290,-34138,-137008,124574,61917,-56151,-69702,-52217,-102659,-117208,186585,50445,133410,-62342,-87130,-94921,102358,122739,-69941,13894,66284,-168766,109247,-117659,91094,27217,-35058,193230,-72544,-17457,-355795,-416205,-350566,42411,156210,-5721,-9376,59792,76393,150895,126211,-28787,-88233,71530,-44388,-178935,-4875,147200,-33950,41213,141499,-122116,-89156,53254,66523,-81496,197998,-154527,4000,213697,-16601,-99114,148654,-71871,-64938,113555,145501,83916,-19204,77360,138127,-139712,5038,94986,172199,182473,-50177,177032,27817,78379,-85755,-143655,56895,74999,-51811,6958,-1395,-92142,116101,280147,27310,-88481,-6617,8345,20372,85075,-134041,28667,26364,100883,130712,-116799,41957,144027,-180316,48612,-88703,-11123,16281,33922,-42300
207279,29215,-1220,125592,135390,-14316,176174,87997,147008,75293,172187,2124,-46683,-43256,143148,176640,46023,28933,217090,19019,165190,182388,-31988,64198,255614,82996,-79258,-80567,-72658,198269,138252,105281,171475,88690,151682,164635,150718,-34817,65504,20953,-19206,-104415,36165,16898,-77909,14423,-57927,10167,58118,39991,-143806,19721,-23145,119427,-71262,-153095,-90144,169138,-78092,-54077,38172,97023,-159924,-95954,178720,80074,99017,75643,-131376,170765,-45378,-87815,157195,125062,182854,-75015,-10076,115470,-157952,-126537,-189660,77342,189981,-73937,132157,170803,26569,101662,38608,-163799,8935,233312,-53031,-37213,215172,123839,-46223,99826,116114,-151065,10645,1582,77947,-72672,-43389,-59424,-142467,2036,-14960,121069,69208,-158531,162136,-94844,-71143,71012,52261,50369,-17452,183570,-95115,-155260,82495,-107215,-12518,-58148,-81866,-21094,-112163,40053,139431,-82020,47076,79496,-98824,-37528,-103189,89678,184232,112727,77867,143830,168593,-63980,-71394,-110119,183111,-121893,-119347,-47723,156297,-28468,1985,119778,164468,148607,-32324,-83039,38776,97914,-73562,-71769,210729,168728,123609,174419,123904,-95174,43040,-120852,163906,209613,-54055,-99815,24854,152355,-51386,92312,-193959,21589,124607,64301,78841,-84134,-44288,-107687,123839,152435,45468,72856,7259,15076,191907,216510,74412,-52127,146667,29794,174091,151559,12088,142016,-12498,-11404,-44271,135242,-115644,24079,-100287,110905,129879,171627,127522,-9053,140190,167245,-72754,-55647,-83330,78969,12918,-80733,-29147,-17443,-83883,169419,49540,208364,187903,-34734,88235,-6548,133122,-26525,155487,-123360,98322,-77516,-57202,134140,-51439,54837,68315,-115392,-72861,-76290,-89966,101230,114271,-143674,-28931,126880,-80626,19726,148672,-165549,-9368,-117152,-197753,-142592,-46094,187303,118447,-47516,19429,138286,142756,42006,-60767,-45053,65369,127502,-117319,-10130,-53089,98350,169283,164431,43897,-56781,-73643,-64986,-94011,105884,102973,-84687,-47397,147988,121499,13813,186250,79362,65546,-95808,-142674,-68383,131018,32809,131257,-64358,68808,-127364,-152840,-21490,-113501,-70251,-4100,106759,129044,-108474,117082,-49164,121071,-129437,-164736,-165012,128,79787,-557,-173435,5017,110383,-146101,51215,-8044,-83974,-99648,96314,49872,-128020,-54120,79023,46627,114609,-85617,-162160,191833,-13667,73709,-337,-57461,73724,-19012,32961,-26021,-56857,108502,-163909,-216527,-178515,-138667,53742,7201,16648,-124182,-82274,98981,117251,197433,86623,81711,220688,-113304,118044,-11636,133409,109280,-123479,-76031,-41244,-75910,167635,-16902,-71401,-94088,-5211,88266,113014,-87543,-23848,-178609,-31262,-106243,24405,129764,112843,59617,-83311,171454,105878,9163,-99478,-11261,28728,22222,68262,226828,67758,-27843,-136331,160369,26166,45384,127505,81853,199245,26379,-1033,-72549,-142214,-156624,-26344,157596,-84249,97964,-6750,-122619,-78843,28386,-165059,-56708,61625,-28307,-165547,64718,41768,-72412,59535,-196069,137724,117537,-94812,79983,170526,-25287,121699,-24347,100058,161719,155827,-83134,-17792,-136115,-87577,-80943,-67127,-155500,28972,-4546,-159420,147907,202616,87920,55959,-60469,-6364,48561,-77556,159832,55503,-37964,134930,-202510,-82230,131974,99564,-117438,21368,-29801,-24827,-154120,73527,-610,8829,134056,-109282,-9134,147582,168874,-70747,-43246,-36633,10844,27706,-78715,-159154,70742,72205,-62317,425,-8769,16001,113724,53950,87134,-125208,-4090,149411,-75816,-41734,19135,-70187,99263,-86935,-100075,60753,4797,-191609,87055,233367,20888,-108572,103730,107539,46728,197142,-11768,169869,48486,156932,58046,-14282,-2191,-70633,-65920,-24051,-27679,-21700,174195,-105892,166771,-37794,171152,56971,-65693,29612,151981,118706,14226,-80928,85185,138704,99366,-16216,82050,-149196,-9560,168919,-107992,9240,124183,-23530,98295,-32752,-131066,202157,126631,-78472,-27840,-121053,168032,28323,4809,-71180,114968,-151009,-17580,99299,118094,20729,-173310,144282,-83061,-40491,-63912,-16829,-201932
-155827,162935,166801,83911,70381,-1742,143780,-45465,-136994,-33588,172210,8524,71891,24558,-21405,-61849,132409,69749,-86781,-113972,-123246,47171,-138682,118070,7622,148256,-125378,104946,125686,180723,-79434,84233,37749,-39370,118047,-89605,-149451,5324,-41316,-94226,-46223,173560,-19752,-125394,-137313,72277,149641,-18296,-73591,-123873,-18057,-110601,69121,155049,86525,57289,-165922,16094,189843,107046,114317,30837,23848,-181917,94437,-189867,-118339,142298,-10681,137324,49504,-129237,-95027,-128514,78643,-80009,-4559,137637,-10002,-159423,-149447,10996,23232,141522,132904,94869,-6746,-129191,85261,137285,65798,63950,95227,5857,-59437,130506,91492,-35384,166253,75069,-165857,78082,-36774,-63242,161230,35049,-146675,211432,-5215,94859,33541,-24514,43771,11161,-100819,205042,104693,126479,-8276,117752,-43923,4135,128096,105613,-127738,33270,-185484,-140654,-130546,-113597,50838,-73715,165326,65079,88815,-121144,168852,123726,30564,136740,-108828,63120,72556,-14697,147045,40902,42182,-71859,-195099,-122695,48016,134370,-48012,-103761,76233,128606,148843,79608,175426,146486,87927,-52053,-113293,146197,49947,59919,-177630,26338,135707,95108,97855,83049,-36187,-155550,121393,-118902,132163,54263,129781,164798,78944,-93649,35680,49184,-77688,-8410,96922,-100578,58935,-73687,4095,92256,-24048,197579,-124306,-11364,727,99733,-18618,108789,50413,168087,-86136,-145388,27158,-3286,-111622,11870,-174480,40946,-59603,31795,-61142,237435,151534,-13450,5986,217302,83638,184866,210758,-49051,-42924,-102447,-64707,113031,22342,54581,73331,56467,-164451,-16133,-6788,94694,-113534,84435,116467,175907,-36619,126653,96602,92546,-25500,-114604,-287,3441,83924,-136491,124349,110030,-33660,-61694,-158115,14519,152453,80104,96964,143352,157282,57676,-114150,-110032,-28081,151866,-119306,15678,55607,129930,-63461,-24937,83806,96308,-106090,54583,-85384,141972,12240,-18849,7992,-52260,80286,-16378,-6142,-107830,83634,26335,-31965,48390,-130144,-118742,85432,-172066,98459,134131,-107274,-58845,67571,-227410,79070,80725,-107493,9610,-113631,-136171,-91757,7602,-35507,90749,-60255,123628,27651,121995,-112848,96650,-148610,-261241,-88992,41282,-56524,-14040,146118,28947,138470,93160,-124984,-131694,75265,13933,-13890,-60128,-117972,131408,25633,-136558,118370,81818,70511,32583,-87890,67640,-23125,63733,-66341,46495,27583,168409,-18422,-88853,-44596,-54289,-129688,23870,185198,118619,33767,-114260,-5413,104887,71997,-46763,-121925,129472,106633,157583,53049,113067,15704,-144937,-78360,149629,71861,-55374,42907,-18635,4539,41042,16920,50653,-75382,16081,-37999,-103278,76875,-25370,5578,54687,180445,-121563,-235,4994,92281,143826,48785,-84670,-47836,63184,8569,-19976,81839,-122191,106320,-153491,-117959,71081,-6646,-44749,150989,115290,-60207,-32859,92926,115814,139799,-60811,118045,228435,-4635,-22071,-7287,175022,70820,76831,-18111,-46576,-48550,-234123,131525,-315837,-308395,-209486,-56499,-22265,-126564,149472,138609,-140636,-34278,66032,-64191,147970,-86186,31573,-759,65350,-88925,-229179,-85133,-63854,173397,-92170,68834,73256,-66701,124220,101659,-175179,65907,99778,118909,107306,46784,-170019,-7274,-81816,1745,203496,141963,89596,-58030,-100689,-143208,-201411,-76049,-15664,-150115,106882,103038,94324,29500,166996,130667,69501,-184178,-119084,-152524,-73109,178333,7360,51796,53024,23745,26021,-32537,139489,49597,-196807,-97751,-18608,-146406,-211628,-65690,27926,84321,132971,175877,219799,82892,78301,-34932,-59114,-11421,-195550,194719,-81739,142206,207765,186483,-108597,147009,43809,-40644,-117536,-180376,46826,160349,-11056,198129,-59937,58385,209438,29410,-130153,-20396,-87115,-111353,-114831,-85850,113434,135907,-84966,43948,-79974,153844,-76497,-90229,-97839,71151,-34659,125056,-23716,77267,46429,-141485,-154618,-71728,-27952,-78385,111034,22215,66211,187180,134283,148627,48446,-96647,-99141,152947,10555,-96709,-34861,-186997,8675,-184334,127227,112165,-64917,-165043
129946,-120389,89493,-8370,138110,111938,153808,11932,-43371,-47045,141377,6003,142829,-98991,-2577,154191,135297,98640,-79956,-58724,-96299,135879,-11499,-52812,46575,33336,113703,-104443,-2849,18104,-131541,7491,101775,-121224,-123302,-49749,138471,169265,64099,67051,-78067,7296,-127463,68347,142183,23638,-117234,2066,-27110,-91951,-111803,130354,-54808,-5816,9840,-32782,90639,-204874,-11068,-137606,-98459,-179665,136725,16899,244019,-123075,-83333,-75310,26340,-49950,-87079,55430,-86325,133075,140135,-92502,-38484,-82592,-140391,-10463,-100896,-22139,-98424,218551,-10189,-26446,17658,11742,73055,181560,50814,-74342,-19420,140199,199794,-419,150037,5267,218159,-64866,141634,-132798,153434,95939,-98447,-55349,-29050,17839,-113734,63307,-63253,6197,194649,17790,-16234,32460,-33566,48106,147667,197591,-136012,-39970,-125535,142492,90746,108810,-13258,-122721,150363,71961,82217,-44339,-60661,116807,40060,-15342,225049,216641,-24354,42478,25395,259023,217790,147118,160717,65594,-123956,-77400,-32300,81261,-55257,-69805,-17285,33394,127770,94190,-49097,146362,-105572,-14766,132818,122257,-52619,193051,-33907,-107118,15806,108341,153397,19265,16649,-128279,58187,-119608,153404,89753,-121425,-108098,-120166,-182583,-42567,50540,104080,51139,107448,-9466,209947,56140,260870,-62583,155245,-5478,-109084,-41572,82778,5653,104651,145979,17740,205233,-76734,94897,17731,-21917,128441,82220,158962,-65036,183615,-75860,-35493,61649,148934,87267,24547,36661,-77195,130822,51095,12713,6235,115544,66022,3205,115419,184421,170950,-47278,-130528,164301,-3464,-134969,71075,172526,-100922,-75767,-107555,-43075,133133,-85733,-88167,-117520,36089,-8181,13915,148724,-30952,35166,118289,226331,-25100,20920,-85031,14710,-59428,-100320,-5909,-32042,-51866,-147324,-171439,-151,187975,30632,134182,144969,-121477,-65566,12704,201423,-5441,-152304,54339,-117899,-44137,136511,46619,156276,97747,-67820,-43492,26057,-82469,-74354,-132866,49652,-45490,-155262,-45304,147611,-63547,19355,53945,-32802,-6036,27934,-152545,-116548,145818,48419,101907,163932,-63545,-42275,-77845,28635,-106951,172191,-82587,-28583,-5909,49887,103927,127203,192037,-58549,-200038,35885,-131722,198587,153585,181325,77395,65725,52269,-89326,69679,-84339,-5625,108333,59162,227843,41874,33946,-113504,97071,-73083,41754,-104109,66004,110636,-26170,100571,100396,-81913,-193100,71036,-22289,-6728,-141278,110712,101222,-31289,154991,28859,-14636,-37684,-85062,-34459,-30404,197654,88497,83623,-142970,70504,171856,-52073,109592,38782,7803,61921,193244,158945,127010,-141251,157222,-28930,27301,-6926,-12271,9386,10383,48928,146087,184931,225404,-73259,96249,-101584,151718,76945,177860,-109082,-66717,80356,77346,100286,5593,20405,-46372,146157,137234,112939,-45944,-76658,173452,-24072,14322,97733,25068,-111015,134730,-19991,-150661,20150,188651,163116,-175672,80675,7233,-151332,83842,-186842,233,-220793,-15579,-149093,53041,-156500,-237278,-208829,-79620,100771,168885,-111915,145812,-67704,130089,143006,77368,-129025,54601,-158489,-22552,-265545,-208257,163025,-322895,-255444,-112126,-57154,-15412,41697,54564,113210,-146897,44700,175744,186087,-40428,156134,83802,93128,139803,-101733,-98050,175570,177049,32555,-23029,12675,-105416,261390,18777,107484,140259,216423,59780,66312,-46856,24008,-112663,-154828,90341,-166092,-119007,-82430,-22786,-8087,16138,1890,-95838,-56090,26847,-43586,67901,-143866,-73594,-212478,-204052,-140739,-74188,-57963,69805,-20455,56992,37200,-66387,-55470,-2452,-263859,-119866,271771,185891,-40971,146975,145013,-21198,121695,72502,-84342,181253,201471,168021,74490,-93095,-84173,-73562,225920,199240,128778,27629,-82668,-122355,62735,70481,-120990,25245,-28016,63922,72433,10777,-95116,55285,190878,-153345,-27193,163848,153002,20392,-84414,122854,159386,-26726,132212,131474,134364,37778,23498,-2964,14464,163586,162950,-95030,29384,-59358,86639,61895,208645,37612,-16192,130960,-11554,-124044,-162844,162097,-222666
12511,-133899,102861,66862,-115744,86907,49825,6668,122187,125286,-75438,6337,1680,-21939,-61555,-86723,69753,166615,170897,-153840,135177,154060,92658,-97333,145136,106510,-79585,-143434,120766,176550,81512,52773,161178,9493,84748,132280,-45406,34130,147320,184991,-122323,42564,148042,-63071,15592,-74753,22423,99679,-102357,-103794,126359,7409,10857,1529,131296,-137307,194428,124859,-133370,-37887,94198,55855,63828,-154154,-93348,-25936,47895,226437,249078,144132,-74192,188726,147026,118501,-19538,-41504,-178844,17222,76360,12156,-25369,-51947,87854,-48440,-128485,39204,79053,90402,-88001,-29656,160770,-183073,-99901,-10535,192980,97661,203666,184772,179992,-213259,98609,-111120,99082,56803,158646,245388,191284,-64571,92045,-84368,139725,-127562,87087,-29089,165232,-257,120781,57806,150233,-136489,-67753,-2279,-25137,2165,118921,34221,-116702,86603,-147055,84331,-112103,-192168,186933,104299,59361,130355,-61822,68356,150812,70275,191059,-62419,-134153,-86546,-106646,-15252,74205,-25825,104093,59445,-44723,-143163,-40933,-121783,-99214,99942,-21094,15945,137873,166102,148222,-55507,113177,-118101,116613,8929,75531,-18953,-127302,-49155,123072,107327,-136880,-123836,171371,-126628,16425,-153965,115213,142559,-155060,-115797,-51883,99452,-25220,86761,-48952,105252,130892,150727,-56561,-101476,168017,16680,-110058,60769,121189,144913,-9417,110181,161503,-137332,-75096,30980,-167309,-110872,-154141,8900,-204068,26595,-134031,66171,142406,19644,-91729,184869,243532,94704,59316,-98920,75743,-145110,-239203,-242018,-234563,136403,-183493,-139713,112241,-70189,185902,-29214,109357,24446,-18998,-53788,-79649,118095,-79712,2165,134925,-47753,60980,47781,8666,46005,-51247,-20640,156649,-119741,-31371,45376,129015,-153448,-159377,-46048,101207,76458,-22662,126905,54772,13806,78275,69505,-50805,-149513,176951,-37895,133426,-140099,-61592,31020,-395,178652,24619,55256,52366,-128817,138672,182481,-51312,-138803,4392,-57113,24769,-64351,87270,-51898,-1977,51690,-48212,69571,114514,-2957,-34207,86214,130603,54147,-32763,-5750,77962,-29820,-12027,167200,83089,18468,146250,68538,-27992,146561,-2872,70087,-21042,142427,7654,20094,-120417,893,-118817,46920,-28791,17396,-65260,-114865,-104716,-28213,-28169,136461,77035,-128376,-21882,32807,199501,14233,63461,-54417,-40379,18709,-65346,125698,38671,58126,-152711,-80910,-31776,-182906,-8518,-78299,-195958,-98607,-83317,-167707,156036,118918,-143997,-136928,-19097,-134863,110457,48729,35384,134126,-136839,-112908,-90604,74525,3755,-95133,-56855,-82364,-156446,-1689,-88981,151842,-22348,180936,-99320,-7132,-223033,10981,52244,-173507,-67840,-80098,79659,-197666,85433,111477,175730,107005,-107562,-16857,97266,-89657,-165987,-137670,-107688,121650,-49609,27494,143908,57751,120380,180175,199385,126914,180265,112938,20310,103060,39617,-114304,-197951,57232,-62321,-43596,206269,-49230,-34239,-58015,-42970,-81196,-30669,-39726,59424,-5877,-131583,-38681,-126596,96380,-6636,40164,-43547,-179905,-146064,-41992,-9610,-91228,160722,-50782,118811,-109237,74760,-45932,-8003,-204337,6548,131493,-24133,138300,-176189,-143466,79521,99093,46862,97156,-155371,-61726,-148750,-131406,-14413,-186117,34296,6062,-111720,311713,-28612,207719,104524,-168375,-120046,723,226654,182835,-61794,186328,230162,-108760,-131273,63675,-15149,-98436,-122022,-67173,117383,-113091,-110992,103265,182374,-12158,-118887,-43711,34257,14745,-123370,268520,-81854,-129140,-18072,-125033,-135366,-63886,-107594,-277824,-75475,-237463,80615,-2029,-280995,-218752,-53654,-106216,205815,-48117,79513,-41487,-94873,-101929,-96470,190481,-118239,139994,-109512,176800,-107203,127940,31957,70520,23532,-109389,102852,-142710,7525,-81845,168683,110621,-58178,-121105,-85746,26268,76272,-80309,123619,-205053,-81446,81365,-56461,-183803,-183513,63380,-31040,23109,127842,68380,68763,155261,83041,13788,-74558,-25022,-20024,-31693,-59713,179665,-21377,26368,89916,85420,45133,7340,-160003,-58087,59183,-55353,-9935,14208,-110565
35325,-92280,937,-106760,-106074,-99332,74079,57757,30309,-103113,133923,27356,-137196,64577,-121670,-19783,-6064,169677,137456,62518,-76439,-57794,139888,104760,103416,-18633,159230,90313,-133076,-101951,-152338,103292,-80501,2268,18550,-9499,40314,-96238,85314,100427,76558,122825,189121,188765,163582,165792,-43996,199426,-31221,2949,-37299,109548,163030,8778,36862,-57290,-84924,2722,124205,-81382,-187320,-184728,-84249,-108285,-89087,-72106,-133206,-72758,57309,51405,216065,70475,181851,105040,149661,-13205,49733,-78773,150380,63330,-30283,-44486,91001,-33702,160600,-29290,187430,37399,-109025,130217,96598,-110849,-57644,60824,128995,103800,-12830,122570,104508,120500,41856,-134465,-210421,75249,106151,-143215,-87265,176187,-3406,36899,-100915,-75505,158015,-78452,31002,-81856,-170521,126301,-140704,131114,11790,-64091,-54177,-161968,83497,129011,-65724,4010,67947,-101554,102258,-85901,-117541,-208245,12994,-12256,-93841,140746,45666,-144773,-69942,111940,150342,224339,198585,-19840,51991,31469,106017,-172136,80521,63801,-6564,162764,-70931,103758,144206,-129864,131846,128988,11697,95953,163102,-38052,12609,-47553,-143931,-102066,194229,-15610,-62576,-22422,83097,82353,-129296,-168414,-39300,58931,96744,-54388,-152182,-33606,-231359,-92623,-17274,108452,137660,-50817,-37752,-90359,-115346,-86949,175473,186301,-8244,144625,106583,43362,16763,-108842,-6325,-113323,171821,47066,14541,-166805,-5541,-84538,-242628,-50260,14413,-63363,-49290,159612,53039,8092,208274,254383,-102342,3799,20024,-27480,-29826,168477,156147,-83113,-71414,-91724,-68617,-33073,164113,-15044,59721,-162357,-5491,130329,13715,-83800,-109526,75927,12980,-99639,-5747,-161614,7997,-60593,-118208,189584,165425,-96517,198541,-38674,-157354,-89719,115059,122137,106786,157122,-133408,129962,53092,123910,-76080,-173624,-143086,-102399,-120095,-62164,-133099,145633,-151940,9576,146929,-5040,-196324,20336,97593,157805,71631,148914,82883,-73351,157150,98932,-84527,-48612,11190,81559,140006,140439,156601,-195837,-82700,37460,-127237,137743,152132,-123039,196622,12166,-145754,-99605,-51784,110887,-25443,70073,-76002,-41283,89702,135572,75772,142441,88118,-116038,-111170,119688,-1397,-275470,93734,106018,20143,167522,155152,100722,57478,9710,-135055,-283904,-203876,-20815,175512,-12498,128636,-170553,59720,-163113,-47066,73902,93129,64820,78846,202228,-49237,-96669,-98711,-112772,114824,58767,-215577,63759,-186198,43219,-30555,81560,-153275,141479,-90224,-84782,-90956,187139,-99233,-101731,81941,75758,-148506,77174,-126163,72452,41480,-41563,-148849,-84345,-133549,-62650,45975,152950,-20240,25855,117152,-26526,-1566,-130510,68402,58412,-142815,-67639,-127922,-94238,124543,32182,-146211,-143249,-49800,64110,-150810,88342,85927,115716,-120953,-14400,-193004,-85263,39573,-176702,-36703,-142874,29630,62254,-114022,128240,-9355,-70916,143794,146214,149096,-45226,108167,106609,-145126,122485,111821,-90727,74295,-44367,31863,-127661,223284,-275985,-247735,136604,-224777,-273588,-143678,-182814,131461,151730,131956,68559,-3996,-81587,118489,-105310,-107267,89976,152318,-79829,-61186,-90240,-155686,70055,144258,87551,112931,4448,-168323,82581,168382,-160093,30738,-46437,162682,8688,-110164,-88580,126604,-112387,-15974,7524,-141661,135835,-94758,-37137,68007,-7403,-43641,-76865,140909,-87723,69784,-11118,-113011,137856,124803,95883,-31795,-181607,-51351,-53415,73985,-14981,2183,-141804,108247,32842,25658,-21266,-65143,-86348,106403,-54577,-91466,-63422,28533,218745,-31200,28999,-106611,110271,-39669,145663,14293,-230489,-36117,151343,-59552,-68319,-53680,99164,-90152,-44981,-84398,114067,-95421,9273,-87093,84076,122139,127877,-115122,-34854,188798,-9957,219880,-72522,-135006,-29514,-9564,-59814,-139161,-9738,-96807,104246,48011,-88717,-42503,150034,27357,33858,-170053,-108012,26322,1416,-52198,168040,-160427,130422,60574,-31129,48792,-30106,67735,-99256,137038,101915,53066,157082,-92893,-36976,157521,-128073,-109977,52252,146470,-105450,-74051,40469,-205336
-130440,67643,-125414,86017,161895,-9185,-143645,185066,31941,7587,123529,25854,-54782,-133929,-67002,113620,128888,95891,-5824,175094,124791,11394,-78649,115558,215723,126962,198583,154364,59848,119568,-13816,82373,59252,34865,48521,-7454,141751,11203,-108149,-40416,68806,119036,122438,-125357,-20841,-61453,174526,175398,-139487,-157829,-60577,187491,-8389,225339,-125911,-11595,55647,59826,103674,208023,-69217,-147300,126433,-215272,-265710,-206433,-31815,7582,-55594,-14767,55052,-162824,-157982,57423,-112743,-81229,62280,171831,-82445,12512,-91291,80406,-98589,33163,-88306,-87450,-41596,-68664,-106543,-14957,87607,46992,81636,-119429,54386,63203,119042,82121,166596,112005,-48949,58736,-149001,-133338,-43338,-85017,-78986,-130512,-107524,-41692,156419,-142909,-124630,149181,-106491,-71303,-151303,-5709,184877,135003,111672,-25934,12898,-1490,71889,144723,37402,117075,44550,-173671,-90371,59341,-63002,-106244,-122175,90205,-34624,12526,169089,163616,-10103,139408,190677,173238,-104776,114849,123065,118082,20777,65513,141305,-84696,186355,32218,25307,-41728,-101509,164716,25450,219983,1937,77436,38935,-54638,4211,-92899,124165,-60957,122146,56540,190538,39818,-131125,-36819,138285,-148926,12646,-153216,33212,3210,6904,87899,-123385,-155349,101032,66041,62528,-29159,79876,-12714,64302,88888,-35097,-142815,174831,27448,10225,68544,-103031,148581,-44424,-11043,185367,-53624,-122908,-86995,42797,-68385,99509,-130332,153526,-88814,81249,39033,204222,4950,124690,-136560,42185,-9541,-17126,-167990,71595,24191,-82669,79560,174621,1216,184606,25242,172146,165949,-116269,-17332,137958,159009,68326,10972,-99515,178182,-70634,221682,180279,94293,-37613,140701,3357,-65140,-117081,-154697,33963,3991,28051,-102888,105318,23749,-154975,143025,-148342,-12947,35664,-61488,-51606,-6569,-144185,62710,114440,-30377,2384,41359,79532,-89862,-14080,-52101,-362,101128,216665,3338,200790,200915,-47219,81019,48154,-184233,80771,-144026,-51614,66111,-123320,96638,-78537,-178789,161416,20590,-62946,29424,152370,-144223,96962,-141957,13241,12979,65427,-46386,118374,-117234,7955,-53543,185179,33049,41650,69621,9436,-7944,179184,-220460,-155717,-56609,9802,-65443,-46727,122377,50256,-153059,88968,82979,5864,975,89888,10652,201039,168905,13444,-218671,-63581,-256246,-57003,-80235,37936,177296,66474,162929,77652,-116855,-4457,-185154,15989,-214764,-164570,-110836,-180096,-130392,-120469,-37004,-6031,218301,-78916,-92010,203148,168335,91386,126116,-94617,-126444,-99610,-41732,145488,-19649,-888,-47683,184345,143336,-60946,-71393,160319,-85443,-156484,70643,-83278,144814,95732,32704,97949,-191961,109099,-121417,-62651,92382,-129596,357,-21654,138253,-148103,-38173,-50097,4279,85135,-53672,-57768,-102732,-128900,-41222,122759,-59517,-83552,-62972,-138914,155001,146727,-15935,-51051,112130,-64389,196639,-119591,160973,-95259,-22995,91945,-166996,-128831,166462,-121485,-148693,-283248,20582,-18385,1421,13891,-133201,-51380,-161769,208833,80605,-132447,112190,129351,-609,84901,-79223,-5885,-168440,779,-134277,-82458,-6170,35891,-30177,54488,-146696,-14988,-119140,164002,129179,130496,195475,190573,92272,60152,-127517,39618,-16658,37170,-90297,-110182,190712,91342,-64944,57656,55506,152004,-74702,180486,189821,127208,-99,169204,48459,-109452,58478,65905,67710,-154151,-95364,69168,14813,192312,66653,150787,-134744,96816,-72296,186625,136297,92746,-108491,-76870,-108658,43221,-274771,4870,-45664,-115286,-8542,-161337,-133066,133813,-6968,182036,19999,125044,-193731,-81821,107364,166134,185419,125744,-110519,208356,72789,154727,-63394,75349,110644,-87309,184136,-100309,46190,54949,230420,203164,73675,-115675,-20747,159482,130445,-98494,44697,134296,90542,162903,-73997,-34403,98777,140557,-148221,163008,183127,-120654,-98579,88603,11726,195568,93848,151352,-36461,144365,-6121,-86419,25033,-86107,141564,28370,7712,-101688,143589,186272,-100365,-8084,145432,4300,131091,-52448,-20831,92529,-61752,-168507
112925,-60230,33931,26487,87754,-119760,-65762,-149722,151333,51140,175324,107792,-83231,116294,-121236,9273,-81837,-100823,194654,19154,131796,-30582,41884,-121229,76828,17961,90999,142269,46896,26260,-50962,130454,9095,-75570,-83890,146611,-3445,-98120,-15144,129655,113560,59067,984,89938,-181402,108515,-128537,-100571,193714,132985,144732,185731,-116843,-43153,-142909,71734,146943,-319742,-68837,88127,-111673,-211302,-20816,149098,-69453,69018,223744,-99061,-60654,-149801,-72885,-17315,103152,39600,101869,-149801,-17346,129120,-158544,-134908,-33797,-79279,-155332,149963,121327,-32501,113987,146018,-14814,90753,-180962,28205,-116663,4523,-119860,-7637,164275,-137811,-264452,130234,174618,45351,87045,84564,-66009,57849,109013,143645,15777,224304,-31559,227028,14955,155589,-176927,-216079,-215911,-199017,-75341,-83656,-95176,-151410,89874,4719,118799,-17411,-82303,35029,99008,-31228,34643,-88371,104535,-112596,-36032,-42411,-37613,-651,38908,64089,-39516,186908,76283,73888,-18568,74715,191949,23279,22952,-39771,154674,121381,-36639,-167421,-88993,-126784,-87926,182584,-159218,240934,155073,-40750,1691,41414,-5701,85965,28325,101317,-58055,18539,-86461,12294,91371,3884,-68315,154673,-117889,169991,82518,82590,1538,-5219,119316,-109062,-90785,-37373,171711,79822,75964,-137120,-116972,-89583,153968,59163,148246,25786,-40344,16089,-130381,-123957,-88301,54624,-88673,163045,-100013,27486,53397,50074,62569,-6050,-28551,47227,-12084,58467,-65878,97267,121887,97726,-20980,65449,168821,-31196,73033,275732,188733,-40700,-12563,-54949,11737,-57746,120273,52941,128460,-97332,-85544,60151,-170,-35738,120989,-65534,150487,-14089,40025,-217568,5827,-47298,-136516,24665,47057,66928,243254,-33310,22716,-25089,-23789,20165,40419,74378,-175376,-125056,11558,152158,-148693,-73337,69058,59354,-100143,168823,-32791,57449,45085,72123,-159694,-77012,-33042,113708,210368,24846,201380,43139,66949,-157534,-38236,118811,-74191,17381,163341,-18512,-5050,-22472,137078,17493,-17577,174777,75634,-28585,-138080,-77816,-79681,8991,60299,-74035,53216,129226,-109829,24334,78247,44455,-102474,-97070,-157721,111568,169642,26730,21906,-341824,-134569,57815,-216154,-43505,29675,31276,11737,187030,-65492,156487,161832,-193857,-51733,-29842,-37885,165829,99208,-159744,-199193,-259859,213843,68732,-118147,158505,164168,-114345,-166767,10311,51137,-46740,-206511,27694,76868,-26258,7732,21318,153855,-22934,14780,137039,201632,-68557,117631,-86590,-170340,-55725,29825,-57531,-57278,52763,-110891,-33952,-39717,-99435,-99424,-146854,-44721,116251,-93999,49522,32683,-139086,-63996,-16005,61361,-22156,108195,-183217,-41184,131076,25346,77402,-130654,25830,31418,-26453,-120461,-13266,137764,77318,-47068,-44712,-62248,88989,115852,130598,-28088,-136916,52759,87383,87833,-164593,140142,220515,65079,-16729,27669,-231855,68539,-112008,-102199,-106406,20904,109483,-78699,101296,18348,-166514,-55126,130377,-261979,-538478,-60865,-106556,-331987,-287157,-26049,-127463,-30580,148071,-59086,-179823,88194,-141452,27879,-326578,-253797,-35003,-71540,-73154,-70020,-402258,-214084,-59787,-50312,-21919,99598,20079,-125521,158757,82648,49196,31099,64917,206288,-139861,-54279,-112384,-132089,148098,249314,244950,56140,-138076,137843,-5661,106728,211910,-23784,14256,-45663,84889,-43921,92777,150427,32259,-141351,-76067,8598,-60747,8868,-138231,140928,66186,-11639,-39199,159199,-109371,2194,-541948,-298229,92302,-314595,-491157,-346130,189789,70596,144657,-119955,-150139,111659,-16906,138559,-103233,-118975,-45688,47408,65411,-111649,180228,-2165,-93427,-39415,31819,61216,-84299,35728,120221,-128711,-50731,-6629,8346,165767,171559,-29646,198075,117845,-36399,-81630,88857,92976,-43195,85081,-45839,-57163,-41761,142018,-7362,161311,-56357,-38111,223812,-4585,173319,-93857,22417,-151044,26184,-138941,-30756,-154962,-19449,68298,108042,148017,132447,-1981,41411,-158678,3023,-27561,182302,47633,42402,72769,-110472,-71731,-2141,120188,29969,5549
23051,-117064,-44155,-32548,36239,-155693,168774,151163,80293,-28002,-110065,-86922,185321,-90286,55143,70493,219719,100937,79476,121506,41842,63187,-163386,46166,172063,-15886,-190996,-132926,115368,31637,-154982,-20891,37624,-71343,91724,-25129,-98906,-131482,-34653,35748,-41099,111262,-41806,122039,-21637,52289,222159,-77306,211092,205535,23401,-1548,189584,208264,-157231,-127883,-121707,-161256,-50824,94278,105295,-65989,155256,56372,117824,154156,-39418,-138747,-63236,-57126,-92741,-105137,-75237,-176990,38047,65997,-648,-123304,103298,-14904,182036,89539,-133678,-42159,-68009,-142991,113420,21163,112684,106610,10462,69667,-166587,58394,113807,-174904,-38001,-16270,67480,-170307,36839,25490,-116552,61791,-126326,21944,88115,-82792,158813,193523,169848,-82855,-24422,-171370,54832,-17543,-691,2236,124028,-38991,-42080,-53727,-46186,210938,-118866,109871,-200861,-115808,-21266,898,-151903,-69212,47388,-74641,32056,104634,26785,-62656,88276,82210,64283,134647,7114,-52610,89116,116063,-144160,98771,71938,-80497,229758,182991,42673,95949,142368,-155236,172990,165868,-130981,179238,-90795,-157116,-117730,59337,95134,-164792,15999,75581,-32495,85472,-138334,-93325,-143585,59859,-47930,70507,-14617,119361,-146023,53501,-135415,-206634,-169241,-182451,10355,-240490,-8945,-132813,-15891,9171,37016,135740,233543,81779,46914,219256,34066,159661,40466,-115045,7603,4104,-61983,167111,-107052,4626,-156761,11434,19502,-104666,106825,-100969,-123256,-74845,116264,116700,153137,7818,13953,177745,148466,47511,-30884,-76254,33555,16178,-99335,149351,-62963,78174,-81669,-10135,116194,-56748,37925,-30977,-12114,-171206,18077,40412,70048,-137700,147205,-21645,17803,-52307,-59315,166145,-10422,55875,194812,-137027,-78761,102923,133342,-83505,-132917,-14314,47658,127944,150660,-44387,-132127,52356,-35347,-172104,-173712,-61364,143995,-172467,-105772,-4589,-4161,-46746,-112252,110697,-92705,-97485,69454,113859,-153510,13298,70716,107984,86878,17549,-43565,-102207,-91884,67344,-56806,83183,-78931,-85338,47816,5743,-46633,-20883,40722,-90292,-26650,-166460,8946,10574,-293,199304,134756,-13377,-146415,-115009,-83752,108091,207487,139552,128497,-151398,6744,-62780,-214263,-53622,-83970,56137,-130171,52408,-121376,64136,-47128,8168,-54924,-84668,210714,34057,-6071,-140032,92018,-167141,45783,-15307,40865,42778,13528,127464,114957,-83448,-55109,154715,112520,-37450,-25184,217613,186612,-129389,162706,81901,118288,169288,145357,158047,-34721,122188,-164198,-64629,-87030,78410,50879,103969,26879,17056,-149934,-56244,122162,105507,81008,142028,49771,-72973,14170,-74751,61849,-129057,-9034,-111587,-113273,9312,30442,-34080,25587,-34055,107604,85895,48858,-150403,15426,-33110,124538,-17622,97233,130929,112168,87381,-205745,28995,-3779,106351,200453,63222,-69077,51643,-88825,-2290,-89910,200751,-94829,28431,-99359,24641,173988,-16855,60498,-22025,197983,-10511,105771,-47813,-351218,-90200,-292785,-474091,-30638,-33197,-101872,34188,41664,-86188,-180513,-45211,128362,-25984,182562,100840,50526,-119813,47075,-109824,-83605,8820,-90501,-140209,39746,193138,139415,-152344,-139262,166268,-64299,104488,-113294,-192163,-136397,-165435,71567,70529,-147855,-115824,-1488,-80204,235783,61023,-95358,36647,-183,-98419,-153075,-12887,2556,122404,6918,83885,-18728,53838,-45150,-15964,-1219,-54516,-126769,51380,36792,68015,136885,182077,134451,95334,59189,41025,128838,-363470,-311684,-138318,-443844,-438636,-199816,-100681,-124043,-40879,41364,156507,-34671,-131048,48329,42810,91439,100302,-148414,-140522,13886,116571,236468,100773,-123689,88550,172664,87295,-68139,100642,-24813,286664,15458,-57845,176809,-59079,98018,163743,40773,173663,103324,23221,1769,118084,103442,185091,-22927,204052,9616,-36098,-38704,-60900,173292,193025,54539,45669,-156515,-211884,-52597,-53751,-68619,-26316,-61863,159604,-139306,-14970,-148519,1520,-101686,145856,-130942,84792,-147092,-15808,87008,72564,-179676,80991,-188353,52787,-17478,-114953,885
168386,104039,49125,20762,-90104,92719,-48132,-71365,173472,221802,124989,-24980,-8679,147707,99957,-93704,-51131,50527,16612,128720,140793,139912,-139421,144066,-78009,47672,200868,18019,108527,156494,-145403,33791,-30258,-29111,-51159,-78155,171228,66891,-22755,66371,100983,178759,-20911,36200,71210,-41809,74703,60053,-94066,-136768,-30108,174554,95314,84466,155928,-145761,-157492,-79325,149533,-50282,-148579,-15858,-37142,63885,-70877,-8613,-44523,-3639,-38321,152922,182218,-63497,-163278,-48985,-31049,65812,60667,43420,-53862,2835,-156599,99662,47091,102952,-150099,11179,-10341,165950,-31397,-101685,-84716,40232,102276,-102813,-82976,191094,-34356,-123430,-124395,-81549,-4659,-91030,-158855,-41320,-59373,-138135,25656,130923,143137,-78418,79509,66780,-152429,-41837,-198483,89677,4494,-117801,-94048,-63795,-40919,140454,17323,-94033,-6312,88949,-122238,-112784,66542,19610,-56252,15339,102953,53311,-103803,-9401,65834,-137034,-82643,93217,-84277,193978,150543,203735,-112460,93236,171407,-5430,-168006,-171007,-74798,-51921,185458,93006,-21135,-133084,167943,176155,-108393,110202,-3020,94685,46063,132834,30539,-93594,125106,-148234,118296,-13381,172665,-11730,-95425,-9415,92650,-25187,104677,35965,115345,143404,-187120,-120588,152572,-95966,-6018,24429,-98488,-129409,-109132,-34978,-83320,171264,207561,16057,138112,157903,-82030,213619,-79061,58904,-47745,-73595,31980,67315,103541,-34369,-79512,23879,-161969,70731,36769,-9478,-120763,159744,-60840,89984,330017,193174,-100294,109541,146745,-31468,66614,142671,-60609,193938,83347,86850,46577,-93358,179704,150885,174506,5818,1751,17429,-138135,108037,2924,45623,116943,6948,36719,113033,234916,161992,-108395,109932,-60001,-62305,78637,60050,-90663,178665,-75622,149432,-119045,-34598,-161415,-7896,-180993,-149337,41311,-90469,33524,-4454,164657,-69492,176751,-71775,99145,124327,33777,156336,62315,38486,-85828,149983,170402,-68772,131527,-114157,154018,-57038,-154580,20155,37595,-20525,83391,20581,146866,111183,141156,-84397,157707,-116720,122001,19705,99119,-73808,-143003,-23256,85193,48832,-78928,-69090,-1428,160427,180851,-33383,-89121,13124,-82559,-29572,-13962,-80666,-128813,-142149,57458,-78286,114530,135693,50203,-127944,132557,146839,-52088,-118710,-42631,-100144,-146542,92932,-93558,-136884,-134606,-82917,-24339,5643,169024,41082,108151,66856,114589,-3274,-9248,-71763,-124035,-11285,-86364,108550,77533,-83493,-148618,191448,-62931,76833,162360,128207,13606,45355,80569,-24930,-82096,-52524,-159071,69364,-85395,-103061,-137640,131893,112113,-121544,27704,-111191,-19452,-17017,-58332,50894,35946,92369,73992,-228081,-121581,-17354,-40557,-35515,96031,198084,-7120,107086,-81892,49063,-50950,114842,-43432,59626,-104884,68445,72828,4086,135345,106566,-40000,71297,138516,69958,142788,71693,176068,150803,-95780,170219,-15384,81731,232171,-23994,225735,-89345,73314,-169259,89674,17772,-148177,-214560,-28579,-202227,33123,-1185,-111402,116004,-48155,-173768,4853,156029,44998,-47001,-49394,-66790,-27847,76139,-57357,-26296,-40072,-192231,-115589,103735,15431,-160536,-150488,-182616,180509,184599,114033,71973,-14321,-17582,37367,167450,-61017,-93974,-92504,-99097,171685,-78713,100929,39753,-80717,203776,-191497,89882,174996,74378,-66269,-22972,-20922,-55510,-34915,58946,-17861,194380,-70197,134460,116299,74740,-46480,-30296,133854,129379,-4810,-95489,70871,-97605,-2562,-13114,37408,24757,-145001,-14291,-119890,-184720,132347,-59255,-84231,-106089,-56093,106695,-57872,37360,-214399,-174566,-156712,40704,30930,-29178,6379,-7680,151631,-64514,33090,13723,-94325,67404,147813,-66206,-65687,-11407,-98024,42489,98732,-26752,225945,33504,107645,23768,-122654,-37244,168010,-122876,-24271,-71207,132110,33582,66929,73011,-148405,-117228,-86577,84459,155577,-70435,4013,-50738,26067,86207,-91523,-19632,95857,54257,-40242,67602,154366,179062,-86894,-80833,-24389,88323,215804,111097,125369,-89508,-177105,-137858,-132601,-111672,-156667,-178157,-144750
-108300,-119435,41047,-122654,-18564,-163314,200605,160219,37129,51242,114526,-75305,176424,59805,176886,95679,30025,164306,102863,-107330,63835,211418,-34845,-42068,-15844,-126922,57129,111518,10562,47245,-155528,-85773,-198753,132718,124649,-15964,-72561,-165331,-176701,-139913,-59621,-126000,-79091,-16256,28899,102394,-135495,52323,-97918,-1701,114597,59193,114370,143539,-18292,90685,6304,-350921,-289156,-132704,99513,-22700,-40343,-114039,-122373,41962,-110500,120540,135678,-37794,-55623,-18038,30030,1195,-139951,127518,-68568,127972,24569,-138930,-79200,-176904,-78106,-131163,-122201,-75647,121822,-33585,121475,173449,100713,-38233,41780,49821,112724,126941,39513,68793,-105978,-92916,-206942,-122279,69772,-138384,-50276,57726,48942,178508,-40780,45090,-17939,181753,140982,253231,14284,-6540,-6392,-157445,-168516,13141,-83605,100630,47830,-38101,-90109,123998,16146,-120170,-57058,-210071,-101907,-213379,85392,134518,-226207,-18144,-157149,-71168,51268,-138573,153581,-90921,-13830,28298,144008,-12257,166111,-41357,-872,9612,161220,-19816,60018,-88920,-10969,39245,-70474,97360,25876,-115853,154635,27979,120929,175800,-42992,-156032,-31482,51568,-46425,23069,30114,85600,65653,-8598,5857,114070,-90582,137442,-79540,97548,-43447,22180,-128344,178642,-37627,63630,-25955,-19153,-146837,186136,106282,-52004,277563,-14330,-93250,-24508,88652,-100797,153401,147015,96590,-131931,-133129,14328,171556,104805,32890,-20245,-99263,-128825,120834,131758,-35366,150259,163409,-154766,156546,213771,99050,95449,-141982,974,-73868,112036,182184,-81446,-117120,-152515,46475,45761,79659,89391,-43361,29994,133779,109324,-190678,115169,45512,-122185,-4675,-72421,172491,-19882,113618,-81586,97239,34795,-107701,-29341,-76344,94534,-187703,48837,62860,-95739,47156,19171,-128299,-159217,-11137,4749,76397,120794,-39066,-28172,144352,-42689,91406,56564,129027,56852,8259,-19219,146232,-1272,-53739,208393,-62475,-80642,-105440,18010,125386,-142011,-64396,-70303,-135842,9147,-166316,84818,47437,146058,102626,154286,-137329,149587,18508,675,158836,149120,-37168,-30205,223168,1931,-67378,143400,63972,39541,-38951,140065,156517,-7345,47181,-10134,42771,-8399,-198919,13571,-291444,-239317,122662,-41241,41704,210889,-120128,-30554,40893,151889,-213632,-38875,200397,-131547,-64677,82022,82183,-147023,-89776,234523,158954,-125237,73448,147213,-222699,-196077,979,-189924,95343,98922,143462,44812,31205,71984,183638,-6110,-41615,128528,115239,-22772,-97501,72861,-79606,-142513,44713,-62386,12771,-132469,-173201,-92695,119714,36856,19402,162133,-12717,-91612,-156796,144729,-154358,-71818,83424,13634,-13473,222210,24766,-183116,-55810,-56666,188265,-128482,111650,11643,52707,-68640,90836,-57531,5855,156109,-131729,-16871,-51241,14324,28441,150176,-102584,1121,61016,38053,-91891,45553,163702,-156123,-125459,-115033,1289,-73941,-50133,96892,99524,-78179,-126922,77533,-260640,-10379,22984,-447968,-452907,-151414,-180753,-256385,-248589,-216073,-144175,-79594,-614,-184607,-11579,233255,-33163,137254,-72476,-148257,176908,-69922,-239997,10635,-204331,-190829,-151985,-71098,41566,-43101,134200,-59077,-164378,-157143,135670,151539,111797,-8141,36979,120331,193009,-57336,27621,226132,-53397,15800,-81635,245701,-146624,-58642,175943,133131,-181137,272989,-189036,-58463,184155,39676,117129,-43587,-9913,63235,-45367,-43379,144488,-18712,-93019,192835,37770,47414,118481,1383,123840,98330,16027,-448693,-155856,-10761,-450660,-382553,-131349,123429,-188055,-11905,73432,-29288,-29025,-214117,110451,20432,104152,114668,-84604,63366,-16569,-16885,-27539,-76822,2035,58888,-35070,168851,134876,-154867,-52693,56650,123011,-101005,-89861,113745,77554,-132711,227305,-30804,7258,62284,-14626,110289,-17742,137798,183252,106427,-125944,208176,50421,-12866,-88051,-18809,54127,-31366,137846,112495,-92140,123928,13157,134992,38003,172393,-138405,64791,136000,-3760,-62689,50032,180524,108018,-118116,-77633,-54819,93794,-103463,-231910,-8128,-153255,-188128,-93154,-109093
-119545,-99883,62409,3985,6407,-104635,-4076,51244,-55440,150649,-49602,-81309,18589,-80451,91034,166893,109755,53750,89388,71019,-134190,-71933,-168754,9823,178046,227211,179298,76214,-14659,-85625,135571,-20815,-56759,-113633,34285,-75216,177146,208043,141446,-6770,181432,165663,85083,40140,187377,-110666,25305,-7634,-992,-59173,-77110,133311,-111697,-121158,-155769,124290,114951,-84914,-21728,5981,92833,103246,21165,179286,-4042,236611,85114,-98584,-79361,-79979,19357,-16508,-36558,90551,-58610,-112763,-124460,-162567,91288,22724,26306,-76246,140718,203618,-36771,29580,139509,-138213,155537,94909,73659,140235,-79392,177574,-54804,-107464,52257,-133507,-18910,-21215,-33722,-109809,-34628,-55581,161840,12708,81300,4760,188894,-104109,95463,130755,-131542,-3817,-44330,-24871,-75919,-25995,72292,-41220,-79178,-114140,-102207,-153130,-119814,-125770,31417,-158987,-61934,-62125,-206895,56989,73209,-263101,31030,175126,-27522,187696,-133860,-48268,12217,7608,102454,204912,-41560,112893,-64079,-133947,13609,-117475,139446,165513,190148,11007,68615,119548,197409,-142482,24350,237262,178686,205818,130910,28607,-100463,-12291,-29676,162386,145232,88693,-58542,-90910,172087,24659,-17577,50124,-40504,3739,23146,-177684,65742,124530,1670,-79507,-16416,4910,-117068,67314,-95541,-39820,-30781,51409,99718,115655,40031,178842,159332,80538,-110015,75255,-10920,29899,80129,39950,65393,49832,8282,74375,-18868,-85937,149597,177675,-114715,145746,-20370,225978,150203,-15859,23249,93047,-228544,-67483,56191,-112984,-40861,-100435,-26015,-37799,-141618,74132,72069,187075,-53860,23877,131519,2122,-135822,37962,108093,146534,38528,-10870,169307,-81231,-157029,-14734,-52054,-149026,134388,-5715,-7019,145214,25780,82155,93796,-107508,-50858,38080,-203135,16273,-222455,-7019,181085,157394,-40471,-107267,47793,-76330,-95628,110855,23781,-188722,123525,-93941,-133187,173218,28130,210485,101299,-87948,-69993,-70497,6959,-181604,-45594,88114,-17754,-120256,-113542,-34453,-177285,-37628,-60681,41928,-79144,-129376,178559,47812,174278,53571,-68813,90440,22151,-42133,-143274,-4392,114375,112521,71240,-9499,-30998,137272,-87771,121308,135941,-207565,-394590,-297754,-298120,-246039,143479,8018,85308,127510,-144895,-82144,-63875,-74724,-104043,-37861,25395,-108421,134070,-2714,-42717,-194528,59242,-157628,156669,-172126,-122110,-83376,-179686,82877,-32270,-202318,3230,-54678,31222,-209926,74246,30368,-68056,-42150,31292,145835,109829,69070,4407,-113944,94531,80930,-47248,111678,-74114,-70818,11689,87386,22459,140659,48789,-22144,-5462,-75101,213035,-81651,113413,-46938,-21318,-70870,-145005,-187969,-19137,-161852,-142925,119853,154475,63227,6203,132562,123454,-70916,67927,85531,-142323,-9165,-110270,177146,29582,82932,109375,144750,-148553,125760,63217,41416,-94279,61000,22569,-115781,-111325,92078,14028,27959,155372,6486,-137146,-104750,71717,45562,-89029,-211548,-38759,40701,-35636,157206,-217011,-410846,-260349,-106295,-307006,-262210,181997,-6274,57660,176880,-37689,-29846,-10399,29166,181150,-264776,50128,22398,-152913,-311882,-147157,-283639,-1574,-201769,-58606,-116560,-113178,157502,-8745,-25794,68453,67501,-28655,120241,-105092,-136200,193948,-1675,40026,-101140,-85541,26556,143191,48756,-1070,57125,-143686,250591,-43755,158359,-19606,199552,31166,88833,-132230,-99936,-64885,-146246,109348,79956,-99757,8878,-73944,219343,-142645,149781,-108083,-106547,-25719,-193889,-166652,-42673,-318837,-570211,-365664,-124515,6933,106639,-202270,18785,-99896,34697,3414,147908,-163036,-167635,-253406,-114909,184035,103162,1662,-4023,246194,-82934,-37943,39495,-107517,-130616,-59527,177300,56203,-49275,179974,164107,217212,79842,82949,219241,-97561,80594,234276,-62629,89449,96493,101694,-114492,31300,47309,181432,-201950,66769,148582,146411,-75587,-130535,-57300,-95489,16107,-64037,111301,-115011,51091,49456,150570,-116227,-3167,-36553,-44166,103731,20291,212419,125673,150007,-41751,-16796,136302,-174096,65424,67207,-39998,-155610
93939,-161049,-82614,-77624,-21185,51682,34698,160514,-78511,-2728,190863,37621,-2221,199701,219193,-22341,159742,69777,94151,-132367,154470,-201083,-129903,83751,65624,199728,-17536,-41338,-586,106189,-94734,107861,107904,90594,-55417,62068,45141,-54361,43683,5238,229898,-33835,-113093,157030,-93438,-114074,137824,246506,135020,-153999,-38791,-87344,-126040,107987,135692,136105,-213097,94017,128278,-158051,-99290,-42600,-84339,-11038,-54700,-139705,1529,66208,43512,171519,-193593,44690,119417,139411,-141195,-112170,35502,7254,-108421,43784,57879,121782,-114994,-17839,-73560,38322,44753,-58132,119424,-152838,-169609,-20130,-59485,118425,169821,-13956,172087,67348,71917,171935,-34974,13641,132282,45181,-143964,10374,121588,124048,182746,72539,119926,-161248,99249,-35120,24940,-49552,-94319,-71428,106085,-167236,722,-111793,69182,-79180,79903,-199027,982,-38227,-215432,-127323,-128529,26978,-165373,-56644,-48871,72751,-140341,11389,89874,-42607,65441,194800,129931,52228,104476,-137589,-32317,-99363,-100664,55490,86663,150269,188655,-96439,166554,-15997,-25286,31116,129886,30894,-36682,169913,-97566,-188793,-176024,-130382,-105618,108713,3459,210521,27373,-56931,-116467,68539,39356,-71135,112336,-74565,72432,138528,-183903,11866,-81938,-20604,-162031,-154790,-90088,122659,243972,135385,136952,23932,199094,110396,213767,-91788,10545,-43137,113286,20895,49592,64089,62087,-16557,98593,-82089,107249,117768,104827,78051,-1117,9266,212881,-87275,108523,236895,195927,154962,-32946,-151473,57411,-27944,12666,-48321,143733,83239,-212726,55286,-27942,-83339,-36596,129138,-127106,125590,61398,-23180,120049,20777,-81120,-50487,-114919,129824,232812,144044,163976,15495,102782,119080,137493,-156935,-117446,171976,120515,45291,153774,-144300,122419,58297,-109895,-181533,-59563,-174475,-121610,-30685,111851,92904,112639,26153,-152151,80157,-24369,91749,42315,116083,-12227,-9388,156901,191570,125723,79066,-43246,147465,123223,103743,130082,142520,-137914,-71757,-174378,-110361,152821,1850,149432,-45161,3851,150694,-79282,-112159,-92711,78012,-128632,-228641,-14933,14539,-144208,42650,105708,12867,-44897,-168690,47961,110839,58262,-22696,169044,44301,-9773,150072,-139623,132183,-40143,22688,22222,-166012,156255,-19183,202164,-249366,62588,-39856,30051,80285,-54076,98706,-70788,208254,18888,145950,59859,42562,119117,-169997,148303,21332,119546,-37964,154107,-64108,-92191,-137092,-213670,-152247,171837,98804,-213685,133023,71072,-137955,-56156,112026,99178,-20393,-114907,-34101,-151508,-62216,-85036,-73285,22421,-121433,-27494,146082,60534,13764,60610,-42844,170055,123767,-65427,9020,198255,105459,70721,96523,-31684,-94448,255122,-37185,-46614,-86265,-65047,40183,-144977,-47453,116606,-102316,106407,-4314,-163745,-131286,12328,-63986,-113738,19092,-156680,145341,-48526,-25038,-78441,-148905,24499,47292,23516,-24852,-64651,-109324,97072,76609,-159127,-60099,-127916,106851,27634,33744,-9182,-412321,264670,-55432,-135775,-89534,-257600,-134042,-116184,108276,142589,129078,-25562,-77361,-65658,11746,202544,9231,-83616,-4129,-190120,-129875,-337896,-74931,59422,-325262,-116112,151447,115640,-75124,-36487,-93042,-136705,141443,167731,72619,-2655,147027,2747,31660,111064,35860,-50361,-158374,-85495,72308,18977,-46968,-8926,-155379,-183459,126965,194204,-118417,88932,-66105,170917,-65220,75391,140322,75044,-34873,194664,263948,303259,-50183,33600,-30836,-86917,173558,-126870,-88665,62583,-349047,83898,-100033,-77046,-62454,-36806,-71302,-142388,-95132,102988,-225624,-187643,-147433,-142480,-109696,-74341,183368,50573,106090,-61104,153224,209009,-37429,-2496,95627,-93588,-18241,158225,58417,201950,-41446,-18593,178686,21979,-107703,151858,-18113,11489,-85024,-45264,-226014,-43149,-228352,202534,83341,153502,-67601,126333,75520,122304,-19207,135146,-165728,-133885,-116552,-157917,-31545,151501,184880,184682,170775,79982,-172940,82274,152595,-40897,-13012,52716,-27286,140625,-52432,-167360,-140825,-42793,-148983,20934,76753,916,101038,-238890
-81074,-36744,84067,89382,29082,-5027,-142740,180981,107773,36557,125036,100195,-99920,-7335,-89978,-157629,131018,149354,-156932,-64779,87951,-25547,-177536,-124013,97343,53731,-55138,65424,46086,78064,-118862,-152418,-102988,136402,165881,72964,-83135,-59189,-156978,120710,-153937,156523,-166493,-4771,-102206,114639,-140174,93413,124358,145873,-47232,169216,162670,161474,204332,119008,-112531,7881,121467,144382,169282,31781,-3859,-123512,-41282,215308,-12815,11447,174537,-41490,-7865,70470,-9264,-22893,1422,73706,101351,-47562,66403,43159,-60621,-62803,-101655,-53689,-25423,31989,-19597,-114852,73792,-21014,-67434,141096,-135643,71426,-84855,-96570,-67211,-624,127493,-37192,-49721,111113,-31905,154369,80466,101752,98916,75822,13694,-146420,61777,-80558,-57566,-37080,97285,-110759,101934,-16769,38570,36516,-138213,-58367,123953,-727,68290,176995,91305,17582,49743,43570,-77779,29867,63730,96595,207372,27356,-73238,-130404,4575,166809,129114,-156444,36394,120691,-160334,105657,8559,113454,104915,-101421,180688,-4032,161544,-29571,9732,-177923,62802,155064,-117340,-32217,15778,-93725,61525,-92935,149394,77266,-112947,37523,137706,-72802,-64991,49397,-108627,138314,-54860,65021,44991,-87481,109972,33971,121928,13760,-47304,7960,-104126,-235099,91033,39301,168144,-20306,-23683,-32707,87019,-91285,-137476,96038,-177134,41638,83043,-39329,-38037,-104975,61922,-138871,-145200,60909,-72256,-142948,47767,-209928,74388,-135656,96411,-51383,78575,-13211,26186,147635,2466,-173125,172329,43,-148996,162614,-141589,27339,-147477,-75036,153736,-51307,-145148,-117397,-6498,20324,118462,-42885,-33474,-43782,149649,-141947,-33477,150854,101897,-83287,-130011,98269,44130,-164084,91616,-70286,-128620,59202,74304,-94153,107990,-3463,-78174,-117479,219637,75010,4514,-16409,-187307,-150609,-155151,-109650,-31671,-60949,-94867,-74415,-46005,-134231,112907,-8344,-119206,145513,-72080,-152960,54210,64617,81512,-145691,-151662,114319,91886,125546,-103138,59706,124766,72157,174597,7975,127611,42803,-99998,-44281,146783,-3466,-85746,93106,-130842,-101696,164072,222738,213310,8657,-53011,144390,-99746,-163713,-34233,-167676,115113,150192,-24371,121433,71369,-28333,173054,-4507,87142,-24997,172362,-51187,35425,-1643,-127412,-133319,-181095,-172700,-9847,16368,178465,-119915,-32941,-157035,-113739,65169,59738,11571,5079,53307,38584,-105457,-85983,172785,185593,-7181,159042,-26753,-73832,-46251,3523,-15993,145248,44258,-34812,155574,107126,136463,-33081,-49569,-54926,126930,147511,102505,148311,31866,-84251,-158963,-5717,130470,-22076,-120889,-163018,136571,123078,-147505,83090,174249,137951,-80016,-108752,-159056,25291,-19635,164455,-6163,81321,-30510,43878,146149,105508,-125966,165090,9562,147282,8175,-14904,-126366,105628,-104199,115091,-117566,50689,-75969,-44433,70972,-28134,166085,111192,-10877,100641,-116221,76017,-55704,-141333,195786,44986,146175,88417,36314,-39244,-81325,125369,-5644,48951,-15325,105269,-13023,100858,-56100,-93807,148940,29343,-7905,-130931,168579,-125150,82534,-97396,194285,195431,61941,133839,-12718,67260,156260,33442,9814,55623,149268,-69324,147772,108099,125427,-89586,129668,4139,117654,18554,113474,-154219,183005,-57860,-90564,136852,39220,27483,187551,74457,-61118,-89654,-2872,-145978,177054,178863,58947,81859,35066,-125725,-93626,-149807,-3159,42472,-117495,116150,11273,-164715,-44341,-112699,-64732,27595,-143300,-69239,106125,-44420,-123846,49685,244492,229034,177659,144273,62436,28672,-104310,-219870,-87013,182959,151059,-13671,-61646,217399,132765,-78446,-86515,-17148,7869,18397,-65895,-42710,50169,-167974,-71891,91618,-51155,140350,-50016,-84493,93972,-122943,143016,5249,-65098,50726,-73743,-126363,157801,-73472,-40635,17067,73488,71478,31089,148155,119701,-42499,-13512,74012,-27744,100073,-164224,-166913,-104860,-59505,128217,40235,-145078,-91966,-14701,-54485,-81701,138685,44738,-53018,-146658,-60543,147718,117745,-60518,8167,-156012,-135165,21442,48016,56185,381589
113004,-149137,-46370,98192,122067,-23072,102945,41240,-37147,148649,-93789,-19818,151841,-97233,-43016,226511,-15699,139684,-66312,112992,-230116,-33961,155341,49777,29492,31997,68433,59150,-47439,97261,-1629,23382,-9093,110723,-138163,-154952,112423,146080,140441,44331,-40982,73874,93585,132925,-143234,-15635,95767,226921,-9988,-46379,156211,63196,23807,-150700,-74297,-127998,54197,-93910,7793,77053,168649,212621,205769,176412,-55453,-44118,148023,41659,-156975,-138799,20221,98827,-11384,-126387,89624,2462,46761,-41282,-43200,-154365,33932,-106571,-97628,126701,22833,-52223,-91427,82128,-103080,76211,-41306,-34433,-169672,147358,111659,-23654,180451,-52406,-80552,-112588,99361,-6040,109431,-92709,-36806,-36053,52696,127105,-112065,-130063,7111,68142,-121520,52444,-14142,-107819,62347,-156909,9660,81841,28516,51350,98631,210882,-152762,-91162,11235,-160557,29142,52524,-132707,-82465,172073,-2347,48101,-170838,153875,74443,-123388,-38095,90397,160552,126520,-37746,-144543,39065,-18757,-134957,128829,-154021,101872,-143652,-190464,-119592,125278,34495,17110,-130636,-104748,152181,53667,-138044,36768,-100002,-158436,-140477,-146426,111488,190453,-109331,-96289,79495,-77472,122400,-95655,63645,40189,-4269,-112376,11444,-7379,112394,109619,-20087,-102173,-75706,29025,207061,-170234,196029,191364,125783,49040,-127193,-10341,129403,-8255,-66651,98702,-153507,140081,8015,-68454,90111,189128,94545,141152,8539,102535,-45102,45029,163553,-95718,207508,70436,51239,235835,66312,132094,246634,137954,104033,-59331,90077,-21199,1188,-198905,-180776,36415,-119096,118212,61441,-31019,-37983,-139738,48901,660,-17042,11364,-97433,2455,-45448,-81123,-120154,-48859,25119,24169,38095,235929,124914,32367,-110138,-38227,-18539,44904,-115579,-122832,90693,-24217,100543,-140718,19311,-161121,-90196,-52807,78925,-102116,116748,3278,-110882,3951,-109187,87286,-92330,179083,70958,34214,51854,62099,131884,-156369,-3792,-142244,127982,55894,81903,-128090,90578,-52117,-57914,78965,38844,134866,-121521,-191114,104420,-27245,100950,75736,-20761,-49369,21278,-11261,-43721,110845,111336,134669,199901,69342,126984,-112050,-24774,171123,111242,-2892,33966,93780,316589,337265,94591,250603,155502,-18946,185882,41246,73154,80502,175170,194572,-29850,-34926,-34036,-185188,27311,314716,144426,2194,7599,-10556,133827,54237,10000,-181225,-61199,99588,235429,-1912,135682,145594,-38325,-118686,-131924,-30418,-53751,-86047,8192,163838,-70199,-173884,104962,-136881,48953,-6914,-129771,96634,121453,-51676,-6433,-40097,-185086,85411,73685,-170876,-160384,159801,-94617,-128379,40145,70746,119909,181190,-48212,127628,324182,-85102,208193,-94132,100797,-193408,34979,-104515,-168919,-126296,-138944,-62835,-52612,10568,-152043,-114157,-105060,5062,-161966,-112675,64199,34964,-47311,212168,66565,106596,-131860,158758,-12338,44398,116250,87715,745,-127153,-137837,-53568,35819,-69954,-142621,-40131,-167513,-370372,-383155,-273983,-260412,-167721,21521,87374,387832,-101061,-74065,-106023,-96749,194448,52143,50146,131594,21127,-46385,-185952,-91537,-177085,74788,208264,59349,47113,-5474,-132971,45551,-104355,-81534,107315,-178078,7974,-109612,22037,248564,193284,216716,123213,148500,12271,165201,54251,113361,-189872,-90660,-27317,-149901,-4855,-120,10474,-154181,4207,91727,-150587,-51839,148341,-74071,-212139,-37373,-142443,-36344,-90213,219220,214878,71138,223164,156138,647,-9137,-62664,-49140,-317310,-54756,63513,-85723,-55508,209972,354471,413433,-53249,142509,244147,61949,122015,-75799,-63632,-84782,-24212,-14080,-15875,174414,156604,129011,-151729,158537,-116486,182878,110187,203604,146232,43419,-67115,123431,104370,-18080,-71786,-193684,143297,-23081,120136,92593,67027,-69497,-148111,-89788,-26070,-136299,27428,-20283,71836,-50890,-18460,169085,84825,72177,-29403,85039,170286,25661,59233,53142,-58009,102367,134541,-53335,183571,8442,-27277,98141,-96071,79558,-56281,-114948,-111632,-131997,-94913,-162996,-41824,1056,24969,26109,325812
139457,151060,-161263,-60081,23738,17090,157904,53443,158751,-108422,101464,103071,-75374,-172831,-152302,-105507,-146241,171451,165667,138959,97455,58010,181127,58253,64430,116494,161562,-32043,97203,40722,153626,35082,37881,35711,-8624,161974,101628,-9347,93858,58461,617,128080,122006,-43391,-96354,-117514,178524,-138251,-10362,108728,109138,21366,-42040,38564,-185466,-128039,-38392,-242357,-63890,268738,-141140,-148690,-249258,-191631,-60744,107672,125647,263430,266919,-201800,35527,6396,-20319,-78242,-65238,-80230,99021,58360,-185897,-107755,-58924,124336,8600,142809,-14480,37443,165434,-9059,-138986,-75183,167333,-137833,140395,229643,72547,43713,88723,191457,6157,-65165,-172822,3164,-26391,25721,147662,-70512,24749,-149771,6695,78501,149953,-175637,116212,31928,115928,141814,-21852,127553,-45684,-20909,24584,-126953,-9986,-121654,-110245,-121030,-87544,-153082,3398,117729,131291,-6931,49142,98281,-150053,-1119,147643,-131165,-61524,51976,-3615,63148,13426,-47055,-89136,128791,-117508,-23640,-80216,96051,-95550,-132380,-79773,-16698,-53341,67139,34446,120648,51848,-102688,6443,-49419,228026,-9803,141296,206911,-115094,98902,69775,108377,-85449,150950,35067,83675,-151476,91865,-78871,20159,-176987,38508,-68810,-34985,66585,236973,73397,95677,136531,77889,-78234,17317,-135920,82775,94956,38202,-91493,110238,-135200,26070,-3936,92485,138374,130065,-129867,61849,-147347,154910,102833,-39733,90669,-33817,88694,92809,-69700,16113,-54375,10493,74109,25394,112119,-136297,48319,-26649,24114,-4205,65627,154304,-93880,-33091,77920,20468,-77409,140906,-118995,147828,226220,123492,-85123,-4015,137690,115823,141596,-75998,-7828,79168,-55202,-18721,-9570,-157313,109106,-79388,-43583,-72921,-153916,-123531,-37845,-145090,12920,20432,-185740,99024,-194170,56191,-31140,-73517,-31046,17214,159721,-138270,123183,64384,197458,4801,-101429,116222,182641,139062,37506,-5211,19788,-28197,29312,-129826,106138,103676,-127308,145306,-108325,-44625,-126801,-178596,-56031,136231,-38559,-61572,116087,-144826,91354,-9716,-113454,195938,80201,128992,30044,-130381,75477,8616,-102580,-111805,127511,-170451,13777,-52348,38818,55366,-123236,-123846,-136603,214833,12843,59336,283120,-65780,-42367,-124415,102922,160671,-73514,44994,-53047,-79257,140335,-75838,65242,-112756,-252930,-141073,128644,-119862,116666,88888,-21531,-20455,-85907,-48552,-129984,41342,5147,-194663,-443,-171763,-117562,-66471,47281,187542,-106014,142640,-96787,13443,60594,107461,-123338,3988,-140448,-146978,139463,-24922,151365,-89151,-123395,199026,-79795,-24983,19076,154452,-5859,174896,-43108,-103468,-84241,-99167,187668,-29467,-96992,-28774,72838,8922,125832,74370,-71888,27758,-66604,97417,81480,-10616,128430,-150772,174437,-58775,90363,-163090,51788,111456,129323,119199,-95201,190814,-30664,-2769,62029,-1910,7106,-81163,121495,152604,84817,-137846,-31174,-136860,-83285,-132615,-86314,-37948,72155,72907,-183383,-82466,-15279,-28993,126105,-75626,-30650,25080,-125153,70610,-14061,-68632,152462,206275,-178977,-115313,-178431,12753,72705,78939,-234072,-195518,110686,-228203,80917,67490,-51850,92339,-72081,-109996,-131582,-88224,43045,-85755,-45296,116589,34951,131110,-71779,-52355,-10444,-162621,58985,128142,-57005,9974,209471,65192,-94666,102934,41546,85506,66444,-49438,144957,-136607,15031,-80645,132954,49988,-186221,-163533,-62247,-127107,46782,-49721,-243194,-55657,50151,8549,-1390,-221306,41352,29638,-101663,143987,97458,-103026,129334,3177,196975,118203,-20003,103956,-210187,-5223,62717,-42799,-45800,177336,-20215,-72550,-148265,107345,-41895,-139856,139250,-63573,-19954,-39709,74657,-100798,38035,60097,24989,200804,-8317,159415,34164,35696,20800,35379,85407,115424,-47569,64253,-95973,81637,42154,-145040,2844,-32920,-98277,-143991,121075,246519,196986,-163065,-51326,-54648,100389,190946,104177,4559,88739,-66870,16335,101074,-119791,-3735,69565,173868,-68126,-2118,11377,38468,-136075,49049,-9257,63250,-156798,4054,-36606
-145860,-80302,-145548,144325,114098,-15876,154261,-53646,67652,117341,-140421,-57715,43345,124899,-109276,127128,149755,122960,59371,-42967,74156,-155933,-112347,-162560,-35806,269661,156221,-93659,66087,21354,98538,-120629,-12565,101560,24125,-78086,163518,27798,40273,-66561,92901,-98553,24228,-23055,71314,154140,161969,23258,-90366,91610,-120040,172577,146916,-10359,-36326,-74695,305132,-312800,-224775,-212736,-16010,-54617,-90816,-188944,-43092,-111338,-16685,106594,239649,-32403,-210383,37814,-107733,-82818,-18661,-113517,151906,-2041,86120,-219605,-168354,31081,9720,3115,-42652,-25074,151710,70003,-74826,-84043,23459,19793,145979,-148360,180372,-134797,-171281,-33981,-111875,81878,-171270,115668,-168097,79907,-127170,17052,204681,18077,232471,-55528,-116046,107546,59,70182,-72835,-32400,-198655,117146,-40265,20272,-71206,51375,-79161,-146134,100922,-56307,-31541,106997,179483,34865,-93111,-103771,-99301,-35039,-165567,49185,-114648,-17286,165162,170884,-70988,63677,173644,83607,-35143,-11870,-73169,-95875,-33060,-147605,-10291,5638,150864,-104763,26206,-51727,152090,10462,-51867,30986,26979,185273,-90849,176223,-4989,50783,8459,-32812,165624,-73535,112457,-102954,59485,2234,-77998,48086,-42450,-10720,-36498,42243,161571,76668,-211016,29671,-189703,-182376,178155,-62240,52769,-128961,-85866,-19376,169662,200738,147154,-74594,139218,214127,-160990,-52222,100207,11620,-110296,62634,-62151,-19269,-105722,-140423,49946,-212663,112342,41686,113085,-116336,123916,179566,111461,-133337,-13783,-203068,-281,-39179,140688,39181,177758,21844,28129,87943,-184207,18131,-172361,106786,130094,-39118,-105709,-132050,-28833,156111,-117289,-114633,116233,-71802,36395,-97916,-24940,113318,106331,-93268,194023,181919,20692,98026,-22617,182290,117851,-108249,-47479,135714,-153024,-94111,176033,-201582,67160,-142472,80892,-118759,100561,-169797,134783,-159720,-21067,-82788,141423,-160296,-173078,-92011,81615,167777,36155,17312,79456,172233,2471,-128816,105935,177102,-67027,-140130,-16701,-144827,-213683,50563,71311,30348,-85074,169796,7182,-128877,-157380,-185082,-132631,78380,182156,160279,99635,174673,-119538,-20505,164095,-47437,116317,-137796,-27606,119226,1850,-184602,-291866,137504,-58174,-104595,-117484,307505,125897,27555,-89852,-72739,55625,-104397,-131344,82044,86243,226943,-19562,-35132,101171,-63105,207404,129230,33178,-192591,-151609,-47382,-19961,-196527,-71600,-118675,-222780,-34290,24280,234407,165712,-2803,65993,-73497,40214,237236,121284,31307,147745,63308,-181727,134000,38964,82012,-86191,38451,-96225,50418,53458,-3769,171766,183924,151741,86375,10156,-79462,49908,135261,78386,53104,-37131,97528,127699,-122676,56221,205546,64907,91615,-111904,97972,-168445,-110669,-121894,86477,-93502,-109925,-130690,6542,37888,-135848,42866,123004,49399,-169619,182971,25862,98008,51098,-18702,73197,127114,104958,34820,105789,-162556,74040,135656,-164450,-116345,119374,-94289,44570,143881,-90334,38745,-46770,-228656,-494923,-227937,-392399,-264615,-434217,63073,-81197,-148158,56083,142518,103603,-144260,-43449,53359,-272077,-68696,238194,-66592,-193852,21143,-136057,-348156,-163512,-49566,-29249,165969,15576,-43590,140560,143843,120520,-47030,-81331,-171390,-131434,-21742,73366,136543,-121407,150670,191516,33459,-159107,110630,-104043,40192,163120,187505,-152284,-81481,-112038,204598,-77082,118904,-47952,94995,-130053,43001,-35204,-1321,-205815,-94742,118979,-222185,92494,32753,-58561,235889,-284586,-258864,269109,-531636,-539511,-175482,-204360,132723,-7587,-275692,-212564,69484,213530,288349,264139,-10751,61327,-56101,-95603,88952,53931,86936,104991,-136076,68990,128140,-1967,-161429,100929,15042,46166,117791,55573,15801,63320,142146,204628,120641,-105245,52535,173739,203955,-146682,-150251,-109076,-35732,55636,-182439,-110494,30578,-4097,117143,164724,79568,-113962,-157086,25241,-86677,-92076,-24969,-43549,67256,-7879,-102757,36178,-117556,29685,119247,8469,32494,62896,-5726,41903,-6738,-118499,39010,19102,-16016,-4828,191113,44257,-70851
-152728,-116706,140163,72999,-20563,-6072,-24507,-20372,-97379,-97129,-53677,-56707,-12594,134046,-178253,-29556,248908,-59677,187462,-36174,21499,-121054,92363,64012,198850,162389,-109869,9884,11083,-17451,-120903,32363,-34675,-26191,32550,134513,11640,25093,-117460,21847,149248,82175,-35454,158565,-68009,199174,164418,-180031,177177,100504,-87943,116133,64779,74129,-81286,-150974,77053,-38164,-195409,13899,-150236,-91541,-86737,-83270,-5055,-13611,219944,298302,-207219,-115484,-173612,-61515,93409,-91993,-162153,-162016,56126,106450,-42507,-19036,-2298,-54922,-23096,-138501,99354,168016,-70504,-38364,-48385,-15424,-121687,-37938,-43909,189738,71684,-138047,162257,86082,-123631,56225,141440,-115234,37006,189580,80724,-74655,87823,166808,-77575,-2656,181937,326750,84116,-59562,-14395,76793,63712,-23442,-75886,-6949,6560,-170231,-12665,137288,-37716,-61541,-38389,17606,18721,-133889,-25696,-89342,143350,-101047,71063,77229,26296,129830,-48344,179349,-26169,139407,50814,-56851,170847,-169941,161010,-131126,4542,-45099,-71990,68655,-30737,-126023,102160,-45348,51690,170520,172489,216261,117218,-115294,-88968,28773,-1392,21867,16976,-62425,2025,-111118,-150522,82824,-230774,-185816,-76771,-28586,72546,-38968,151287,40960,34979,-156246,-180332,-220066,-205805,-11334,-52499,189810,53600,159204,-71318,-106600,-21678,143191,-97334,-16753,-41173,-57918,-150777,-3904,-109443,-35136,137226,56086,9448,2385,-85277,26950,70048,-176085,17628,214181,102477,-105163,56395,98478,49466,19881,112126,-23240,-274,-56168,-39924,276192,23022,61187,137400,-16711,-152814,-204738,-19719,-88590,-100359,146237,-12360,-2298,-45459,-45892,-16832,194285,-88695,-67027,172449,-6833,-112831,-100173,-42455,23690,212248,79689,53272,180091,64008,100388,166344,-175256,-113962,-118778,189231,16394,114382,-3151,-148802,157397,111381,78000,-74426,-121161,-22050,-87030,143357,-158486,49779,29493,-63592,3751,71897,81258,138698,-15261,63456,-71914,37170,54231,-124331,140616,-11139,52494,-100448,-125602,50319,-217021,-75940,166305,-73436,145013,-153238,83757,-80696,-128656,-121782,222466,-16488,241551,61624,151968,84975,125240,156858,114645,-79950,-98717,112477,-71462,73965,-71377,-76854,-44225,52993,-227076,71747,181279,-109354,153066,-62411,-20338,-7398,-248863,-64445,-38549,-4273,323341,92435,-74806,-58929,17948,226563,257425,-24696,-53107,-26627,144895,170113,176285,-55489,135367,-71528,-145933,19250,16597,32443,81671,-39897,160746,-63863,94291,142522,-60909,85151,28442,91827,37706,118543,-68929,160220,-87498,-20904,47354,51569,63842,-13253,49276,146800,-149529,-90948,54160,-29591,66520,83094,72520,-109597,-75661,-104105,-48181,172328,206845,215912,14385,113820,72708,-143717,-60053,-167665,-186737,33731,-69765,72867,47018,-130351,-121941,-56903,-147235,144618,111038,82833,3949,147388,-39986,60574,-31808,73191,67033,22737,-80920,128515,173958,69847,25477,221085,-50128,246571,158172,36457,-177870,-296518,-168221,-298997,-367926,-259240,-54491,-129845,-359270,-38423,-147272,-90701,-7838,23746,91646,143511,-10697,17833,-36421,77385,-1415,-32257,-441883,81929,190615,-23626,-19050,5548,83748,-71647,113869,-125390,104519,-4784,-41236,64784,112736,117029,-137928,197116,-1173,14206,280557,184073,74777,-81984,34716,-209400,141653,62087,-83737,19224,-111509,3362,93803,-114035,30722,-143436,74571,-112816,-62233,-161072,130245,-108513,96927,11717,107496,-30557,-195635,70001,62370,191935,-246603,-380358,-114373,-142043,-270701,-402933,42939,-47020,-81889,151741,38842,221862,65402,33579,114936,73733,34150,81307,-7643,61227,-100810,-5637,239668,52956,-12883,-77589,-11338,-13228,26121,104160,148568,210573,-111830,77267,174629,-35957,-130802,-30213,-97016,88001,21580,-2496,-52543,-57944,176442,-15151,171948,-72077,-46523,-27451,-73831,-54419,-40836,-96906,44969,90492,-64838,127965,-27640,56493,-66433,51717,-7256,-194287,20837,146841,119217,96403,-115596,-174775,145618,103343,-16089,93809,-28854,29390,58245,-215548,155046,136005,99085,-1885
21824,28395,-99054,-18167,98275,51803,-143630,64786,93617,28459,-117773,92516,-104898,43463,89107,-31527,130287,178350,-47538,96251,146183,-160262,-143759,-162953,-115918,77937,-1980,-35327,-116569,101331,33536,-48147,6164,-87048,173357,28057,-109097,152616,47129,77611,-84903,54579,78781,-58693,-135795,-103010,28558,-177354,-97176,90256,5525,110888,-4472,44992,14279,42377,75109,-34488,151453,192239,-80932,-147467,100638,-142480,10710,159870,85672,140705,-90984,76536,-171531,-187439,137475,138699,76826,2614,-5804,20546,-189076,54521,-180877,-39983,-74476,-78510,42220,80270,16301,-117058,-50110,-85837,-97688,188024,74077,213455,121643,33421,159310,-84952,118065,-101377,-113991,119250,-9260,-54710,-15582,149396,166922,-2305,139403,146413,100152,113868,-8812,-78995,-133486,-195373,-159030,194808,-7925,-90425,-144242,176720,191214,-89487,-162119,-100095,144303,203510,-102614,-26485,-38008,-137651,61211,-164509,-46535,161212,-21869,-133114,-80866,159863,144865,-74444,39917,56068,49614,-148018,75492,92566,40425,-49323,106061,-35672,-108298,-173347,78571,-222335,137472,152390,-123322,91634,35406,157905,123456,60917,130137,215369,220575,-10516,-113363,89384,-24623,102177,-128550,-41460,-189985,71292,43193,141279,81624,-123156,14727,129649,-89951,-147169,94897,42720,-12126,156161,191289,-42477,55487,-154910,-87864,-66309,54652,74053,58555,-31413,76929,-60395,-101072,190112,-17960,160213,95444,56721,123935,-132312,-107677,-162268,74179,-145512,84521,157959,204717,159987,-223838,-44968,-112951,-241537,-258955,-44907,-1004,211067,-91310,181544,-122333,-38181,61884,70360,207697,70851,-106952,151360,-175703,-143041,-181830,-136051,113430,36084,122792,-48256,101371,-76326,-335205,-279710,67409,50496,154912,-33273,126871,-71059,-28271,-34587,7076,80266,-39523,-26306,32120,110541,-196225,177386,86023,-150580,162158,-116413,8493,32760,59149,-148728,190916,-42352,-6195,-140105,-3616,100866,-112638,129941,-96333,49137,-25004,-152307,-153971,13818,123648,92466,111082,87876,-96665,63705,152711,167410,174407,19114,26526,86326,-59494,-190593,-159604,-33251,-117509,-156340,-106213,150496,-41881,-108987,-24318,326,-62682,-61411,-106988,32072,-92138,136341,46565,-203184,-125818,106943,-146364,-165910,261473,155401,-36103,-114609,20741,40324,-19326,97905,-125175,10524,-40466,97328,-100196,35901,-239060,-236144,65605,3637,-43475,-116843,66596,34182,-202269,90348,133192,-194569,-178230,-41082,56603,-65660,-63848,-73936,-187810,103046,-14616,139378,-29022,5731,204757,-8722,-148207,-11298,-176596,122522,61730,56350,-31439,69715,57360,-50703,-26323,-67152,175661,118635,151038,-915,102234,70211,-174303,-242489,106760,-127261,-190514,80652,193378,-80210,74726,69001,-89804,51939,127090,131024,145293,100747,138676,-194229,180345,170907,140705,-112385,-17112,31824,-103535,109527,-61363,8663,-37129,27152,-67862,151827,-91679,-54129,-80877,-49594,-252236,51858,-46509,-24526,-229181,-39234,119230,-128789,-84152,170733,41919,110289,-39511,24812,-8121,-186880,-183292,-116445,65995,50246,-60651,164707,20181,-145359,58421,176026,109397,171111,11927,57461,-35533,47999,96586,-42569,-6232,-86567,54958,-23439,-48508,168326,-29991,87183,23526,97456,135709,19099,93732,-115526,-114130,-152131,-50590,28635,-78881,192577,-5394,149151,116349,102959,-127083,118237,31708,-68988,150094,128393,-48683,24893,84650,159313,-3514,-26479,63762,-170506,-145688,66506,91228,3331,-35759,-212205,-120523,-9545,-101940,-13985,-207962,33178,-214026,-63288,42368,204453,-150499,-129216,39996,74963,-264498,-79849,124889,21910,37813,61195,-40286,107028,-141951,165358,179522,189303,-44081,82658,175692,-93613,-152626,-79454,-99283,-96736,5010,54066,11430,153079,11728,-5607,225069,172779,-9396,-112365,-42746,-130933,-121684,32395,122780,-222233,-111882,130359,-78046,-132732,63833,30470,91834,48678,198282,70476,34122,112115,222901,-152957,68108,80176,209788,42403,17195,5529,10956,153525,168994,170376,5061,174868,-120645,-38899,118871,-70703,83113,18566,2833,-94791,-88136
190127,-137204,157202,63741,-131890,48935,203489,-2606,142180,-85747,104949,-91671,-104267,-11590,145766,-48701,-51397,63718,-17120,157513,-14567,217775,71648,118606,182647,190787,31102,79096,140466,127961,85287,-95403,120721,127771,113414,-4121,35572,26968,68566,156209,-29859,58393,-79617,49860,17055,193544,62659,-40620,16024,115081,-53211,99990,12991,63446,-122165,-149810,-218899,-256654,-99541,-86166,148743,32447,184216,53111,-7412,183228,29226,124699,115077,17964,-139322,-174421,-1429,-88890,-150400,180696,1841,65408,-144927,-68388,-177090,-120763,-58938,-122213,-40417,-127421,157897,-58560,44460,145634,-93980,-18819,199144,13274,114225,-51006,75473,-119898,-76428,47833,-165752,73609,-174764,-144777,160004,33325,159848,193955,-147517,146910,38997,143830,-69476,222131,-51017,-164248,-67943,-122384,142924,-12560,-13127,97090,-77304,64368,-91355,-67626,126653,-128498,84848,-16030,90749,-87026,-140634,-148066,-133667,45641,-39433,-100596,-65605,-66026,87076,136442,-71897,-66609,33853,-41941,152439,150283,-67238,40237,-121154,56895,-19714,-107702,-134002,-187075,63911,-83416,153258,-122376,-50479,-13881,-95854,-113572,-145718,207934,-84129,40623,-91906,43165,112687,7450,125219,15621,-68380,-8800,-128196,41774,-55290,-77421,-82778,44245,637,122289,-116472,-96507,306,72495,167823,-81987,41461,86371,173622,-6336,-99372,-28249,164376,33697,-26440,79906,171144,87828,55835,132299,-88692,68613,10061,-66725,61296,-175399,-15824,9565,-90811,-63094,121240,96049,39343,48240,-15756,41649,-95838,103068,173745,124044,68714,207723,-29164,-87628,-98894,-125581,161286,-84701,-92940,138326,141648,-101919,-127234,-9883,-21648,-133700,-40974,143654,40742,162754,111640,-188069,-97744,8052,27649,64374,-56577,-31205,22428,-37131,12877,-85477,-75678,59696,144043,-84923,-178788,9191,-79027,64022,-26417,82230,132060,186621,42703,150876,175195,-36380,63041,-31093,184270,-117493,144882,118713,-38229,131962,102157,-43925,-138707,57734,-149629,165127,122132,-17423,50158,-83672,-152251,-49363,-78985,-53934,99816,-124712,91527,119268,17894,-175279,106475,113230,153698,60630,-50919,-193748,-42065,-107881,-92922,-3937,146964,-23205,80724,-83808,-74215,13108,5829,-287722,-7823,-31203,-71157,82668,-91270,-48391,-149510,-53568,-19756,-149539,88424,-55710,-76427,226436,139763,193487,136289,98160,27575,170083,52963,175255,99671,56006,-82366,23061,90525,60445,-86765,104714,133188,76328,44851,171207,161560,66135,-100736,15449,190131,-18944,227365,86318,-55283,-84,24017,161218,-77705,-125137,156002,-68119,35997,168479,-148119,-9300,138533,94443,157118,-155567,123565,81036,-149017,-66733,-87780,50913,-95494,78998,60935,-892,-18171,25332,-161939,2445,163342,64718,-38283,159827,56348,-101778,13230,-58284,100709,88394,-26162,-20396,-75518,-144936,-52727,78384,47989,-76648,102547,-157489,-131350,8252,14517,28374,-129164,123513,-53677,139155,94115,136219,-91201,-2887,73934,58449,-74170,58260,-123618,-250908,20848,77641,-218984,-92097,-73484,-26475,-32477,20601,102660,-97305,-87108,54787,136296,-255010,-49539,-48432,-181896,3424,19932,-135560,-150978,-68999,127338,155297,53302,94645,80283,88350,105892,111103,90476,59799,116107,-93546,93602,194559,235878,-112330,-106133,187743,-32614,118393,-42208,144939,118468,-23857,1199,1207,127858,139971,40092,7860,170902,-7706,49077,173678,-170675,-74263,63848,178664,75579,154740,81321,1787,125073,72734,54035,-111525,-116836,-172629,-295906,-291851,-114313,229085,-61290,124148,-3493,216074,-76723,-107324,179007,-76252,162423,-75248,-38858,86056,-785,155103,54643,101774,191032,216113,28913,230005,139651,-154752,-13815,169179,172948,-112377,1067,-53560,229552,206397,-14669,-144727,182015,195504,-112910,58333,51848,43036,149982,-52598,199862,164630,71076,164003,57028,185140,174440,-97737,67879,-78707,-12268,192525,50048,139126,-103512,81065,-54613,72208,-91490,-20327,-31696,-9503,149717,-38929,113909,-75761,80293,90028,167730,-16745,45276,119455,-133599,28794,-211106
